design,method,seed,false_discoveries,any_false,first_day
anchored75-fixed-daily,Persistent weighted e-BH,271828,0,0,-1
anchored75-fixed-daily,Proposal e-alpha-spending (FWER),271828,0,0,-1
anchored75-fixed-daily,Persistent weighted e-BH,271829,0,0,-1
anchored75-fixed-daily,Proposal e-alpha-spending (FWER),271829,0,0,-1
anchored75-fixed-daily,Persistent weighted e-BH,271830,0,0,-1
anchored75-fixed-daily,Proposal e-alpha-spending (FWER),271830,0,0,-1
anchored75-fixed-daily,Persistent weighted e-BH,271831,0,0,-1
anchored75-fixed-daily,Proposal e-alpha-spending (FWER),271831,0,0,-1
anchored75-fixed-daily,Persistent weighted e-BH,271832,0,0,-1
anchored75-fixed-daily,Proposal e-alpha-spending (FWER),271832,0,0,-1
anchored75-fixed-daily,Persistent weighted e-BH,271833,0,0,-1
anchored75-fixed-daily,Proposal e-alpha-spending (FWER),271833,0,0,-1
anchored75-fixed-daily,Persistent weighted e-BH,271834,0,0,-1
anchored75-fixed-daily,Proposal e-alpha-spending (FWER),271834,0,0,-1
anchored75-fixed-daily,Persistent weighted e-BH,271835,0,0,-1
anchored75-fixed-daily,Proposal e-alpha-spending (FWER),271835,0,0,-1
anchored75-fixed-daily,Persistent weighted e-BH,271836,0,0,-1
anchored75-fixed-daily,Proposal e-alpha-spending (FWER),271836,0,0,-1
anchored75-fixed-daily,Persistent weighted e-BH,271837,0,0,-1
anchored75-fixed-daily,Proposal e-alpha-spending (FWER),271837,0,0,-1
anchored75-fixed-daily,Persistent weighted e-BH,271838,0,0,-1
anchored75-fixed-daily,Proposal e-alpha-spending (FWER),271838,0,0,-1
anchored75-fixed-daily,Persistent weighted e-BH,271839,0,0,-1
anchored75-fixed-daily,Proposal e-alpha-spending (FWER),271839,0,0,-1
anchored75-fixed-daily,Persistent weighted e-BH,271840,0,0,-1
anchored75-fixed-daily,Proposal e-alpha-spending (FWER),271840,0,0,-1
anchored75-fixed-daily,Persistent weighted e-BH,271841,0,0,-1
anchored75-fixed-daily,Proposal e-alpha-spending (FWER),271841,0,0,-1
anchored75-fixed-daily,Persistent weighted e-BH,271842,0,0,-1
anchored75-fixed-daily,Proposal e-alpha-spending (FWER),271842,0,0,-1
anchored75-fixed-daily,Persistent weighted e-BH,271843,0,0,-1
anchored75-fixed-daily,Proposal e-alpha-spending (FWER),271843,0,0,-1
anchored75-fixed-daily,Persistent weighted e-BH,271844,0,0,-1
anchored75-fixed-daily,Proposal e-alpha-spending (FWER),271844,0,0,-1
anchored75-fixed-daily,Persistent weighted e-BH,271845,0,0,-1
anchored75-fixed-daily,Proposal e-alpha-spending (FWER),271845,0,0,-1
anchored75-fixed-daily,Persistent weighted e-BH,271846,0,0,-1
anchored75-fixed-daily,Proposal e-alpha-spending (FWER),271846,0,0,-1
anchored75-fixed-daily,Persistent weighted e-BH,271847,0,0,-1
anchored75-fixed-daily,Proposal e-alpha-spending (FWER),271847,0,0,-1
anchored75-fixed-daily,Persistent weighted e-BH,271848,0,0,-1
anchored75-fixed-daily,Proposal e-alpha-spending (FWER),271848,0,0,-1
anchored75-fixed-daily,Persistent weighted e-BH,271849,0,0,-1
anchored75-fixed-daily,Proposal e-alpha-spending (FWER),271849,0,0,-1
anchored75-fixed-daily,Persistent weighted e-BH,271850,0,0,-1
anchored75-fixed-daily,Proposal e-alpha-spending (FWER),271850,0,0,-1
anchored75-fixed-daily,Persistent weighted e-BH,271851,0,0,-1
anchored75-fixed-daily,Proposal e-alpha-spending (FWER),271851,0,0,-1
anchored75-fixed-daily,Persistent weighted e-BH,271852,0,0,-1
anchored75-fixed-daily,Proposal e-alpha-spending (FWER),271852,0,0,-1
anchored75-fixed-daily,Persistent weighted e-BH,271853,0,0,-1
anchored75-fixed-daily,Proposal e-alpha-spending (FWER),271853,0,0,-1
anchored75-fixed-daily,Persistent weighted e-BH,271854,0,0,-1
anchored75-fixed-daily,Proposal e-alpha-spending (FWER),271854,0,0,-1
anchored75-fixed-daily,Persistent weighted e-BH,271855,0,0,-1
anchored75-fixed-daily,Proposal e-alpha-spending (FWER),271855,0,0,-1
anchored75-fixed-daily,Persistent weighted e-BH,271856,1,1,2827
anchored75-fixed-daily,Proposal e-alpha-spending (FWER),271856,1,1,2827
anchored75-fixed-daily,Persistent weighted e-BH,271857,0,0,-1
anchored75-fixed-daily,Proposal e-alpha-spending (FWER),271857,0,0,-1
anchored75-fixed-daily,Persistent weighted e-BH,271858,0,0,-1
anchored75-fixed-daily,Proposal e-alpha-spending (FWER),271858,0,0,-1
anchored75-fixed-daily,Persistent weighted e-BH,271859,0,0,-1
anchored75-fixed-daily,Proposal e-alpha-spending (FWER),271859,0,0,-1
anchored75-fixed-daily,Persistent weighted e-BH,271860,0,0,-1
anchored75-fixed-daily,Proposal e-alpha-spending (FWER),271860,0,0,-1
anchored75-fixed-daily,Persistent weighted e-BH,271861,0,0,-1
anchored75-fixed-daily,Proposal e-alpha-spending (FWER),271861,0,0,-1
anchored75-fixed-daily,Persistent weighted e-BH,271862,0,0,-1
anchored75-fixed-daily,Proposal e-alpha-spending (FWER),271862,0,0,-1
anchored75-fixed-daily,Persistent weighted e-BH,271863,0,0,-1
anchored75-fixed-daily,Proposal e-alpha-spending (FWER),271863,0,0,-1
anchored75-fixed-daily,Persistent weighted e-BH,271864,0,0,-1
anchored75-fixed-daily,Proposal e-alpha-spending (FWER),271864,0,0,-1
anchored75-fixed-daily,Persistent weighted e-BH,271865,0,0,-1
anchored75-fixed-daily,Proposal e-alpha-spending (FWER),271865,0,0,-1
anchored75-fixed-daily,Persistent weighted e-BH,271866,0,0,-1
anchored75-fixed-daily,Proposal e-alpha-spending (FWER),271866,0,0,-1
anchored75-fixed-daily,Persistent weighted e-BH,271867,0,0,-1
anchored75-fixed-daily,Proposal e-alpha-spending (FWER),271867,0,0,-1
anchored75-fixed-daily,Persistent weighted e-BH,271868,0,0,-1
anchored75-fixed-daily,Proposal e-alpha-spending (FWER),271868,0,0,-1
anchored75-fixed-daily,Persistent weighted e-BH,271869,0,0,-1
anchored75-fixed-daily,Proposal e-alpha-spending (FWER),271869,0,0,-1
anchored75-fixed-daily,Persistent weighted e-BH,271870,0,0,-1
anchored75-fixed-daily,Proposal e-alpha-spending (FWER),271870,0,0,-1
anchored75-fixed-daily,Persistent weighted e-BH,271871,0,0,-1
anchored75-fixed-daily,Proposal e-alpha-spending (FWER),271871,0,0,-1
anchored75-fixed-daily,Persistent weighted e-BH,271872,0,0,-1
anchored75-fixed-daily,Proposal e-alpha-spending (FWER),271872,0,0,-1
anchored75-fixed-daily,Persistent weighted e-BH,271873,0,0,-1
anchored75-fixed-daily,Proposal e-alpha-spending (FWER),271873,0,0,-1
anchored75-fixed-daily,Persistent weighted e-BH,271874,0,0,-1
anchored75-fixed-daily,Proposal e-alpha-spending (FWER),271874,0,0,-1
anchored75-fixed-daily,Persistent weighted e-BH,271875,0,0,-1
anchored75-fixed-daily,Proposal e-alpha-spending (FWER),271875,0,0,-1
anchored75-fixed-daily,Persistent weighted e-BH,271876,0,0,-1
anchored75-fixed-daily,Proposal e-alpha-spending (FWER),271876,0,0,-1
anchored75-fixed-daily,Persistent weighted e-BH,271877,0,0,-1
anchored75-fixed-daily,Proposal e-alpha-spending (FWER),271877,0,0,-1
anchored75-fixed-daily,Persistent weighted e-BH,271878,0,0,-1
anchored75-fixed-daily,Proposal e-alpha-spending (FWER),271878,0,0,-1
anchored75-fixed-daily,Persistent weighted e-BH,271879,0,0,-1
anchored75-fixed-daily,Proposal e-alpha-spending (FWER),271879,0,0,-1
anchored75-fixed-daily,Persistent weighted e-BH,271880,0,0,-1
anchored75-fixed-daily,Proposal e-alpha-spending (FWER),271880,0,0,-1
anchored75-fixed-daily,Persistent weighted e-BH,271881,0,0,-1
anchored75-fixed-daily,Proposal e-alpha-spending (FWER),271881,0,0,-1
anchored75-fixed-daily,Persistent weighted e-BH,271882,0,0,-1
anchored75-fixed-daily,Proposal e-alpha-spending (FWER),271882,0,0,-1
anchored75-fixed-daily,Persistent weighted e-BH,271883,0,0,-1
anchored75-fixed-daily,Proposal e-alpha-spending (FWER),271883,0,0,-1
anchored75-fixed-daily,Persistent weighted e-BH,271884,0,0,-1
anchored75-fixed-daily,Proposal e-alpha-spending (FWER),271884,0,0,-1
anchored75-fixed-daily,Persistent weighted e-BH,271885,0,0,-1
anchored75-fixed-daily,Proposal e-alpha-spending (FWER),271885,0,0,-1
anchored75-fixed-daily,Persistent weighted e-BH,271886,0,0,-1
anchored75-fixed-daily,Proposal e-alpha-spending (FWER),271886,0,0,-1
anchored75-fixed-daily,Persistent weighted e-BH,271887,0,0,-1
anchored75-fixed-daily,Proposal e-alpha-spending (FWER),271887,0,0,-1
anchored75-fixed-daily,Persistent weighted e-BH,271888,0,0,-1
anchored75-fixed-daily,Proposal e-alpha-spending (FWER),271888,0,0,-1
anchored75-fixed-daily,Persistent weighted e-BH,271889,0,0,-1
anchored75-fixed-daily,Proposal e-alpha-spending (FWER),271889,0,0,-1
anchored75-fixed-daily,Persistent weighted e-BH,271890,0,0,-1
anchored75-fixed-daily,Proposal e-alpha-spending (FWER),271890,0,0,-1
anchored75-fixed-daily,Persistent weighted e-BH,271891,0,0,-1
anchored75-fixed-daily,Proposal e-alpha-spending (FWER),271891,0,0,-1
anchored75-fixed-daily,Persistent weighted e-BH,271892,0,0,-1
anchored75-fixed-daily,Proposal e-alpha-spending (FWER),271892,0,0,-1
anchored75-fixed-daily,Persistent weighted e-BH,271893,0,0,-1
anchored75-fixed-daily,Proposal e-alpha-spending (FWER),271893,0,0,-1
anchored75-fixed-daily,Persistent weighted e-BH,271894,0,0,-1
anchored75-fixed-daily,Proposal e-alpha-spending (FWER),271894,0,0,-1
anchored75-fixed-daily,Persistent weighted e-BH,271895,0,0,-1
anchored75-fixed-daily,Proposal e-alpha-spending (FWER),271895,0,0,-1
anchored75-fixed-daily,Persistent weighted e-BH,271896,0,0,-1
anchored75-fixed-daily,Proposal e-alpha-spending (FWER),271896,0,0,-1
anchored75-fixed-daily,Persistent weighted e-BH,271897,0,0,-1
anchored75-fixed-daily,Proposal e-alpha-spending (FWER),271897,0,0,-1
anchored75-fixed-daily,Persistent weighted e-BH,271898,0,0,-1
anchored75-fixed-daily,Proposal e-alpha-spending (FWER),271898,0,0,-1
anchored75-fixed-daily,Persistent weighted e-BH,271899,0,0,-1
anchored75-fixed-daily,Proposal e-alpha-spending (FWER),271899,0,0,-1
anchored75-fixed-daily,Persistent weighted e-BH,271900,0,0,-1
anchored75-fixed-daily,Proposal e-alpha-spending (FWER),271900,0,0,-1
anchored75-fixed-daily,Persistent weighted e-BH,271901,0,0,-1
anchored75-fixed-daily,Proposal e-alpha-spending (FWER),271901,0,0,-1
anchored75-fixed-daily,Persistent weighted e-BH,271902,0,0,-1
anchored75-fixed-daily,Proposal e-alpha-spending (FWER),271902,0,0,-1
anchored75-fixed-daily,Persistent weighted e-BH,271903,0,0,-1
anchored75-fixed-daily,Proposal e-alpha-spending (FWER),271903,0,0,-1
anchored75-fixed-daily,Persistent weighted e-BH,271904,0,0,-1
anchored75-fixed-daily,Proposal e-alpha-spending (FWER),271904,0,0,-1
anchored75-fixed-daily,Persistent weighted e-BH,271905,0,0,-1
anchored75-fixed-daily,Proposal e-alpha-spending (FWER),271905,0,0,-1
anchored75-fixed-daily,Persistent weighted e-BH,271906,0,0,-1
anchored75-fixed-daily,Proposal e-alpha-spending (FWER),271906,0,0,-1
anchored75-fixed-daily,Persistent weighted e-BH,271907,0,0,-1
anchored75-fixed-daily,Proposal e-alpha-spending (FWER),271907,0,0,-1
anchored75-fixed-daily,Persistent weighted e-BH,271908,0,0,-1
anchored75-fixed-daily,Proposal e-alpha-spending (FWER),271908,0,0,-1
anchored75-fixed-daily,Persistent weighted e-BH,271909,0,0,-1
anchored75-fixed-daily,Proposal e-alpha-spending (FWER),271909,0,0,-1
anchored75-fixed-daily,Persistent weighted e-BH,271910,0,0,-1
anchored75-fixed-daily,Proposal e-alpha-spending (FWER),271910,0,0,-1
anchored75-fixed-daily,Persistent weighted e-BH,271911,0,0,-1
anchored75-fixed-daily,Proposal e-alpha-spending (FWER),271911,0,0,-1
anchored75-fixed-daily,Persistent weighted e-BH,271912,0,0,-1
anchored75-fixed-daily,Proposal e-alpha-spending (FWER),271912,0,0,-1
anchored75-fixed-daily,Persistent weighted e-BH,271913,0,0,-1
anchored75-fixed-daily,Proposal e-alpha-spending (FWER),271913,0,0,-1
anchored75-fixed-daily,Persistent weighted e-BH,271914,0,0,-1
anchored75-fixed-daily,Proposal e-alpha-spending (FWER),271914,0,0,-1
anchored75-fixed-daily,Persistent weighted e-BH,271915,0,0,-1
anchored75-fixed-daily,Proposal e-alpha-spending (FWER),271915,0,0,-1
anchored75-fixed-daily,Persistent weighted e-BH,271916,0,0,-1
anchored75-fixed-daily,Proposal e-alpha-spending (FWER),271916,0,0,-1
anchored75-fixed-daily,Persistent weighted e-BH,271917,0,0,-1
anchored75-fixed-daily,Proposal e-alpha-spending (FWER),271917,0,0,-1
anchored75-fixed-daily,Persistent weighted e-BH,271918,0,0,-1
anchored75-fixed-daily,Proposal e-alpha-spending (FWER),271918,0,0,-1
anchored75-fixed-daily,Persistent weighted e-BH,271919,0,0,-1
anchored75-fixed-daily,Proposal e-alpha-spending (FWER),271919,0,0,-1
anchored75-fixed-daily,Persistent weighted e-BH,271920,0,0,-1
anchored75-fixed-daily,Proposal e-alpha-spending (FWER),271920,0,0,-1
anchored75-fixed-daily,Persistent weighted e-BH,271921,0,0,-1
anchored75-fixed-daily,Proposal e-alpha-spending (FWER),271921,0,0,-1
anchored75-fixed-daily,Persistent weighted e-BH,271922,0,0,-1
anchored75-fixed-daily,Proposal e-alpha-spending (FWER),271922,0,0,-1
anchored75-fixed-daily,Persistent weighted e-BH,271923,0,0,-1
anchored75-fixed-daily,Proposal e-alpha-spending (FWER),271923,0,0,-1
anchored75-fixed-daily,Persistent weighted e-BH,271924,0,0,-1
anchored75-fixed-daily,Proposal e-alpha-spending (FWER),271924,0,0,-1
anchored75-fixed-daily,Persistent weighted e-BH,271925,0,0,-1
anchored75-fixed-daily,Proposal e-alpha-spending (FWER),271925,0,0,-1
anchored75-fixed-daily,Persistent weighted e-BH,271926,0,0,-1
anchored75-fixed-daily,Proposal e-alpha-spending (FWER),271926,0,0,-1
anchored75-fixed-daily,Persistent weighted e-BH,271927,0,0,-1
anchored75-fixed-daily,Proposal e-alpha-spending (FWER),271927,0,0,-1
anchored75-fixed-daily,Persistent weighted e-BH,271928,0,0,-1
anchored75-fixed-daily,Proposal e-alpha-spending (FWER),271928,0,0,-1
anchored75-fixed-daily,Persistent weighted e-BH,271929,0,0,-1
anchored75-fixed-daily,Proposal e-alpha-spending (FWER),271929,0,0,-1
anchored75-fixed-daily,Persistent weighted e-BH,271930,0,0,-1
anchored75-fixed-daily,Proposal e-alpha-spending (FWER),271930,0,0,-1
anchored75-fixed-daily,Persistent weighted e-BH,271931,0,0,-1
anchored75-fixed-daily,Proposal e-alpha-spending (FWER),271931,0,0,-1
anchored75-fixed-daily,Persistent weighted e-BH,271932,0,0,-1
anchored75-fixed-daily,Proposal e-alpha-spending (FWER),271932,0,0,-1
anchored75-fixed-daily,Persistent weighted e-BH,271933,0,0,-1
anchored75-fixed-daily,Proposal e-alpha-spending (FWER),271933,0,0,-1
anchored75-fixed-daily,Persistent weighted e-BH,271934,0,0,-1
anchored75-fixed-daily,Proposal e-alpha-spending (FWER),271934,0,0,-1
anchored75-fixed-daily,Persistent weighted e-BH,271935,0,0,-1
anchored75-fixed-daily,Proposal e-alpha-spending (FWER),271935,0,0,-1
anchored75-fixed-daily,Persistent weighted e-BH,271936,0,0,-1
anchored75-fixed-daily,Proposal e-alpha-spending (FWER),271936,0,0,-1
anchored75-fixed-daily,Persistent weighted e-BH,271937,0,0,-1
anchored75-fixed-daily,Proposal e-alpha-spending (FWER),271937,0,0,-1
anchored75-fixed-daily,Persistent weighted e-BH,271938,0,0,-1
anchored75-fixed-daily,Proposal e-alpha-spending (FWER),271938,0,0,-1
anchored75-fixed-daily,Persistent weighted e-BH,271939,0,0,-1
anchored75-fixed-daily,Proposal e-alpha-spending (FWER),271939,0,0,-1
anchored75-fixed-daily,Persistent weighted e-BH,271940,0,0,-1
anchored75-fixed-daily,Proposal e-alpha-spending (FWER),271940,0,0,-1
anchored75-fixed-daily,Persistent weighted e-BH,271941,0,0,-1
anchored75-fixed-daily,Proposal e-alpha-spending (FWER),271941,0,0,-1
anchored75-fixed-daily,Persistent weighted e-BH,271942,0,0,-1
anchored75-fixed-daily,Proposal e-alpha-spending (FWER),271942,0,0,-1
anchored75-fixed-daily,Persistent weighted e-BH,271943,0,0,-1
anchored75-fixed-daily,Proposal e-alpha-spending (FWER),271943,0,0,-1
anchored75-fixed-daily,Persistent weighted e-BH,271944,0,0,-1
anchored75-fixed-daily,Proposal e-alpha-spending (FWER),271944,0,0,-1
anchored75-fixed-daily,Persistent weighted e-BH,271945,0,0,-1
anchored75-fixed-daily,Proposal e-alpha-spending (FWER),271945,0,0,-1
anchored75-fixed-daily,Persistent weighted e-BH,271946,0,0,-1
anchored75-fixed-daily,Proposal e-alpha-spending (FWER),271946,0,0,-1
anchored75-fixed-daily,Persistent weighted e-BH,271947,0,0,-1
anchored75-fixed-daily,Proposal e-alpha-spending (FWER),271947,0,0,-1
anchored75-fixed-daily,Persistent weighted e-BH,271948,0,0,-1
anchored75-fixed-daily,Proposal e-alpha-spending (FWER),271948,0,0,-1
anchored75-fixed-daily,Persistent weighted e-BH,271949,0,0,-1
anchored75-fixed-daily,Proposal e-alpha-spending (FWER),271949,0,0,-1
anchored75-fixed-daily,Persistent weighted e-BH,271950,0,0,-1
anchored75-fixed-daily,Proposal e-alpha-spending (FWER),271950,0,0,-1
anchored75-fixed-daily,Persistent weighted e-BH,271951,0,0,-1
anchored75-fixed-daily,Proposal e-alpha-spending (FWER),271951,0,0,-1
anchored75-fixed-daily,Persistent weighted e-BH,271952,0,0,-1
anchored75-fixed-daily,Proposal e-alpha-spending (FWER),271952,0,0,-1
anchored75-fixed-daily,Persistent weighted e-BH,271953,0,0,-1
anchored75-fixed-daily,Proposal e-alpha-spending (FWER),271953,0,0,-1
anchored75-fixed-daily,Persistent weighted e-BH,271954,0,0,-1
anchored75-fixed-daily,Proposal e-alpha-spending (FWER),271954,0,0,-1
anchored75-fixed-daily,Persistent weighted e-BH,271955,0,0,-1
anchored75-fixed-daily,Proposal e-alpha-spending (FWER),271955,0,0,-1
anchored75-fixed-daily,Persistent weighted e-BH,271956,0,0,-1
anchored75-fixed-daily,Proposal e-alpha-spending (FWER),271956,0,0,-1
anchored75-fixed-daily,Persistent weighted e-BH,271957,0,0,-1
anchored75-fixed-daily,Proposal e-alpha-spending (FWER),271957,0,0,-1
anchored75-fixed-daily,Persistent weighted e-BH,271958,0,0,-1
anchored75-fixed-daily,Proposal e-alpha-spending (FWER),271958,0,0,-1
anchored75-fixed-daily,Persistent weighted e-BH,271959,0,0,-1
anchored75-fixed-daily,Proposal e-alpha-spending (FWER),271959,0,0,-1
anchored75-fixed-daily,Persistent weighted e-BH,271960,9,1,1465
anchored75-fixed-daily,Proposal e-alpha-spending (FWER),271960,3,1,1525
anchored75-fixed-daily,Persistent weighted e-BH,271961,0,0,-1
anchored75-fixed-daily,Proposal e-alpha-spending (FWER),271961,0,0,-1
anchored75-fixed-daily,Persistent weighted e-BH,271962,0,0,-1
anchored75-fixed-daily,Proposal e-alpha-spending (FWER),271962,0,0,-1
anchored75-fixed-daily,Persistent weighted e-BH,271963,0,0,-1
anchored75-fixed-daily,Proposal e-alpha-spending (FWER),271963,0,0,-1
anchored75-fixed-daily,Persistent weighted e-BH,271964,0,0,-1
anchored75-fixed-daily,Proposal e-alpha-spending (FWER),271964,0,0,-1
anchored75-fixed-daily,Persistent weighted e-BH,271965,0,0,-1
anchored75-fixed-daily,Proposal e-alpha-spending (FWER),271965,0,0,-1
anchored75-fixed-daily,Persistent weighted e-BH,271966,0,0,-1
anchored75-fixed-daily,Proposal e-alpha-spending (FWER),271966,0,0,-1
anchored75-fixed-daily,Persistent weighted e-BH,271967,0,0,-1
anchored75-fixed-daily,Proposal e-alpha-spending (FWER),271967,0,0,-1
anchored75-fixed-daily,Persistent weighted e-BH,271968,0,0,-1
anchored75-fixed-daily,Proposal e-alpha-spending (FWER),271968,0,0,-1
anchored75-fixed-daily,Persistent weighted e-BH,271969,0,0,-1
anchored75-fixed-daily,Proposal e-alpha-spending (FWER),271969,0,0,-1
anchored75-fixed-daily,Persistent weighted e-BH,271970,0,0,-1
anchored75-fixed-daily,Proposal e-alpha-spending (FWER),271970,0,0,-1
anchored75-fixed-daily,Persistent weighted e-BH,271971,4,1,1188
anchored75-fixed-daily,Proposal e-alpha-spending (FWER),271971,3,1,1192
anchored75-fixed-daily,Persistent weighted e-BH,271972,0,0,-1
anchored75-fixed-daily,Proposal e-alpha-spending (FWER),271972,0,0,-1
anchored75-fixed-daily,Persistent weighted e-BH,271973,0,0,-1
anchored75-fixed-daily,Proposal e-alpha-spending (FWER),271973,0,0,-1
anchored75-fixed-daily,Persistent weighted e-BH,271974,0,0,-1
anchored75-fixed-daily,Proposal e-alpha-spending (FWER),271974,0,0,-1
anchored75-fixed-daily,Persistent weighted e-BH,271975,0,0,-1
anchored75-fixed-daily,Proposal e-alpha-spending (FWER),271975,0,0,-1
anchored75-fixed-daily,Persistent weighted e-BH,271976,0,0,-1
anchored75-fixed-daily,Proposal e-alpha-spending (FWER),271976,0,0,-1
anchored75-fixed-daily,Persistent weighted e-BH,271977,0,0,-1
anchored75-fixed-daily,Proposal e-alpha-spending (FWER),271977,0,0,-1
anchored75-fixed-daily,Persistent weighted e-BH,271978,0,0,-1
anchored75-fixed-daily,Proposal e-alpha-spending (FWER),271978,0,0,-1
anchored75-fixed-daily,Persistent weighted e-BH,271979,0,0,-1
anchored75-fixed-daily,Proposal e-alpha-spending (FWER),271979,0,0,-1
anchored75-fixed-daily,Persistent weighted e-BH,271980,0,0,-1
anchored75-fixed-daily,Proposal e-alpha-spending (FWER),271980,0,0,-1
anchored75-fixed-daily,Persistent weighted e-BH,271981,0,0,-1
anchored75-fixed-daily,Proposal e-alpha-spending (FWER),271981,0,0,-1
anchored75-fixed-daily,Persistent weighted e-BH,271982,0,0,-1
anchored75-fixed-daily,Proposal e-alpha-spending (FWER),271982,0,0,-1
anchored75-fixed-daily,Persistent weighted e-BH,271983,0,0,-1
anchored75-fixed-daily,Proposal e-alpha-spending (FWER),271983,0,0,-1
anchored75-fixed-daily,Persistent weighted e-BH,271984,0,0,-1
anchored75-fixed-daily,Proposal e-alpha-spending (FWER),271984,0,0,-1
anchored75-fixed-daily,Persistent weighted e-BH,271985,0,0,-1
anchored75-fixed-daily,Proposal e-alpha-spending (FWER),271985,0,0,-1
anchored75-fixed-daily,Persistent weighted e-BH,271986,0,0,-1
anchored75-fixed-daily,Proposal e-alpha-spending (FWER),271986,0,0,-1
anchored75-fixed-daily,Persistent weighted e-BH,271987,0,0,-1
anchored75-fixed-daily,Proposal e-alpha-spending (FWER),271987,0,0,-1
anchored75-fixed-daily,Persistent weighted e-BH,271988,0,0,-1
anchored75-fixed-daily,Proposal e-alpha-spending (FWER),271988,0,0,-1
anchored75-fixed-daily,Persistent weighted e-BH,271989,0,0,-1
anchored75-fixed-daily,Proposal e-alpha-spending (FWER),271989,0,0,-1
anchored75-fixed-daily,Persistent weighted e-BH,271990,0,0,-1
anchored75-fixed-daily,Proposal e-alpha-spending (FWER),271990,0,0,-1
anchored75-fixed-daily,Persistent weighted e-BH,271991,0,0,-1
anchored75-fixed-daily,Proposal e-alpha-spending (FWER),271991,0,0,-1
anchored75-fixed-daily,Persistent weighted e-BH,271992,0,0,-1
anchored75-fixed-daily,Proposal e-alpha-spending (FWER),271992,0,0,-1
anchored75-fixed-daily,Persistent weighted e-BH,271993,0,0,-1
anchored75-fixed-daily,Proposal e-alpha-spending (FWER),271993,0,0,-1
anchored75-fixed-daily,Persistent weighted e-BH,271994,0,0,-1
anchored75-fixed-daily,Proposal e-alpha-spending (FWER),271994,0,0,-1
anchored75-fixed-daily,Persistent weighted e-BH,271995,0,0,-1
anchored75-fixed-daily,Proposal e-alpha-spending (FWER),271995,0,0,-1
anchored75-fixed-daily,Persistent weighted e-BH,271996,0,0,-1
anchored75-fixed-daily,Proposal e-alpha-spending (FWER),271996,0,0,-1
anchored75-fixed-daily,Persistent weighted e-BH,271997,0,0,-1
anchored75-fixed-daily,Proposal e-alpha-spending (FWER),271997,0,0,-1
anchored75-fixed-daily,Persistent weighted e-BH,271998,0,0,-1
anchored75-fixed-daily,Proposal e-alpha-spending (FWER),271998,0,0,-1
anchored75-fixed-daily,Persistent weighted e-BH,271999,0,0,-1
anchored75-fixed-daily,Proposal e-alpha-spending (FWER),271999,0,0,-1
anchored75-fixed-daily,Persistent weighted e-BH,272000,0,0,-1
anchored75-fixed-daily,Proposal e-alpha-spending (FWER),272000,0,0,-1
anchored75-fixed-daily,Persistent weighted e-BH,272001,0,0,-1
anchored75-fixed-daily,Proposal e-alpha-spending (FWER),272001,0,0,-1
anchored75-fixed-daily,Persistent weighted e-BH,272002,0,0,-1
anchored75-fixed-daily,Proposal e-alpha-spending (FWER),272002,0,0,-1
anchored75-fixed-daily,Persistent weighted e-BH,272003,0,0,-1
anchored75-fixed-daily,Proposal e-alpha-spending (FWER),272003,0,0,-1
anchored75-fixed-daily,Persistent weighted e-BH,272004,0,0,-1
anchored75-fixed-daily,Proposal e-alpha-spending (FWER),272004,0,0,-1
anchored75-fixed-daily,Persistent weighted e-BH,272005,0,0,-1
anchored75-fixed-daily,Proposal e-alpha-spending (FWER),272005,0,0,-1
anchored75-fixed-daily,Persistent weighted e-BH,272006,0,0,-1
anchored75-fixed-daily,Proposal e-alpha-spending (FWER),272006,0,0,-1
anchored75-fixed-daily,Persistent weighted e-BH,272007,0,0,-1
anchored75-fixed-daily,Proposal e-alpha-spending (FWER),272007,0,0,-1
anchored75-fixed-daily,Persistent weighted e-BH,272008,0,0,-1
anchored75-fixed-daily,Proposal e-alpha-spending (FWER),272008,0,0,-1
anchored75-fixed-daily,Persistent weighted e-BH,272009,0,0,-1
anchored75-fixed-daily,Proposal e-alpha-spending (FWER),272009,0,0,-1
anchored75-fixed-daily,Persistent weighted e-BH,272010,0,0,-1
anchored75-fixed-daily,Proposal e-alpha-spending (FWER),272010,0,0,-1
anchored75-fixed-daily,Persistent weighted e-BH,272011,0,0,-1
anchored75-fixed-daily,Proposal e-alpha-spending (FWER),272011,0,0,-1
anchored75-fixed-daily,Persistent weighted e-BH,272012,0,0,-1
anchored75-fixed-daily,Proposal e-alpha-spending (FWER),272012,0,0,-1
anchored75-fixed-daily,Persistent weighted e-BH,272013,0,0,-1
anchored75-fixed-daily,Proposal e-alpha-spending (FWER),272013,0,0,-1
anchored75-fixed-daily,Persistent weighted e-BH,272014,0,0,-1
anchored75-fixed-daily,Proposal e-alpha-spending (FWER),272014,0,0,-1
anchored75-fixed-daily,Persistent weighted e-BH,272015,0,0,-1
anchored75-fixed-daily,Proposal e-alpha-spending (FWER),272015,0,0,-1
anchored75-fixed-daily,Persistent weighted e-BH,272016,0,0,-1
anchored75-fixed-daily,Proposal e-alpha-spending (FWER),272016,0,0,-1
anchored75-fixed-daily,Persistent weighted e-BH,272017,0,0,-1
anchored75-fixed-daily,Proposal e-alpha-spending (FWER),272017,0,0,-1
anchored75-fixed-daily,Persistent weighted e-BH,272018,0,0,-1
anchored75-fixed-daily,Proposal e-alpha-spending (FWER),272018,0,0,-1
anchored75-fixed-daily,Persistent weighted e-BH,272019,0,0,-1
anchored75-fixed-daily,Proposal e-alpha-spending (FWER),272019,0,0,-1
anchored75-fixed-daily,Persistent weighted e-BH,272020,0,0,-1
anchored75-fixed-daily,Proposal e-alpha-spending (FWER),272020,0,0,-1
anchored75-fixed-daily,Persistent weighted e-BH,272021,0,0,-1
anchored75-fixed-daily,Proposal e-alpha-spending (FWER),272021,0,0,-1
anchored75-fixed-daily,Persistent weighted e-BH,272022,0,0,-1
anchored75-fixed-daily,Proposal e-alpha-spending (FWER),272022,0,0,-1
anchored75-fixed-daily,Persistent weighted e-BH,272023,0,0,-1
anchored75-fixed-daily,Proposal e-alpha-spending (FWER),272023,0,0,-1
anchored75-fixed-daily,Persistent weighted e-BH,272024,0,0,-1
anchored75-fixed-daily,Proposal e-alpha-spending (FWER),272024,0,0,-1
anchored75-fixed-daily,Persistent weighted e-BH,272025,0,0,-1
anchored75-fixed-daily,Proposal e-alpha-spending (FWER),272025,0,0,-1
anchored75-fixed-daily,Persistent weighted e-BH,272026,0,0,-1
anchored75-fixed-daily,Proposal e-alpha-spending (FWER),272026,0,0,-1
anchored75-fixed-daily,Persistent weighted e-BH,272027,0,0,-1
anchored75-fixed-daily,Proposal e-alpha-spending (FWER),272027,0,0,-1
anchored75-fixed-daily,Persistent weighted e-BH,272028,0,0,-1
anchored75-fixed-daily,Proposal e-alpha-spending (FWER),272028,0,0,-1
anchored75-fixed-daily,Persistent weighted e-BH,272029,0,0,-1
anchored75-fixed-daily,Proposal e-alpha-spending (FWER),272029,0,0,-1
anchored75-fixed-daily,Persistent weighted e-BH,272030,0,0,-1
anchored75-fixed-daily,Proposal e-alpha-spending (FWER),272030,0,0,-1
anchored75-fixed-daily,Persistent weighted e-BH,272031,0,0,-1
anchored75-fixed-daily,Proposal e-alpha-spending (FWER),272031,0,0,-1
anchored75-fixed-daily,Persistent weighted e-BH,272032,0,0,-1
anchored75-fixed-daily,Proposal e-alpha-spending (FWER),272032,0,0,-1
anchored75-fixed-daily,Persistent weighted e-BH,272033,0,0,-1
anchored75-fixed-daily,Proposal e-alpha-spending (FWER),272033,0,0,-1
anchored75-fixed-daily,Persistent weighted e-BH,272034,0,0,-1
anchored75-fixed-daily,Proposal e-alpha-spending (FWER),272034,0,0,-1
anchored75-fixed-daily,Persistent weighted e-BH,272035,0,0,-1
anchored75-fixed-daily,Proposal e-alpha-spending (FWER),272035,0,0,-1
anchored75-fixed-daily,Persistent weighted e-BH,272036,0,0,-1
anchored75-fixed-daily,Proposal e-alpha-spending (FWER),272036,0,0,-1
anchored75-fixed-daily,Persistent weighted e-BH,272037,0,0,-1
anchored75-fixed-daily,Proposal e-alpha-spending (FWER),272037,0,0,-1
anchored75-fixed-daily,Persistent weighted e-BH,272038,0,0,-1
anchored75-fixed-daily,Proposal e-alpha-spending (FWER),272038,0,0,-1
anchored75-fixed-daily,Persistent weighted e-BH,272039,0,0,-1
anchored75-fixed-daily,Proposal e-alpha-spending (FWER),272039,0,0,-1
anchored75-fixed-daily,Persistent weighted e-BH,272040,0,0,-1
anchored75-fixed-daily,Proposal e-alpha-spending (FWER),272040,0,0,-1
anchored75-fixed-daily,Persistent weighted e-BH,272041,0,0,-1
anchored75-fixed-daily,Proposal e-alpha-spending (FWER),272041,0,0,-1
anchored75-fixed-daily,Persistent weighted e-BH,272042,0,0,-1
anchored75-fixed-daily,Proposal e-alpha-spending (FWER),272042,0,0,-1
anchored75-fixed-daily,Persistent weighted e-BH,272043,0,0,-1
anchored75-fixed-daily,Proposal e-alpha-spending (FWER),272043,0,0,-1
anchored75-fixed-daily,Persistent weighted e-BH,272044,0,0,-1
anchored75-fixed-daily,Proposal e-alpha-spending (FWER),272044,0,0,-1
anchored75-fixed-daily,Persistent weighted e-BH,272045,0,0,-1
anchored75-fixed-daily,Proposal e-alpha-spending (FWER),272045,0,0,-1
anchored75-fixed-daily,Persistent weighted e-BH,272046,0,0,-1
anchored75-fixed-daily,Proposal e-alpha-spending (FWER),272046,0,0,-1
anchored75-fixed-daily,Persistent weighted e-BH,272047,0,0,-1
anchored75-fixed-daily,Proposal e-alpha-spending (FWER),272047,0,0,-1
anchored75-fixed-daily,Persistent weighted e-BH,272048,0,0,-1
anchored75-fixed-daily,Proposal e-alpha-spending (FWER),272048,0,0,-1
anchored75-fixed-daily,Persistent weighted e-BH,272049,0,0,-1
anchored75-fixed-daily,Proposal e-alpha-spending (FWER),272049,0,0,-1
anchored75-fixed-daily,Persistent weighted e-BH,272050,0,0,-1
anchored75-fixed-daily,Proposal e-alpha-spending (FWER),272050,0,0,-1
anchored75-fixed-daily,Persistent weighted e-BH,272051,0,0,-1
anchored75-fixed-daily,Proposal e-alpha-spending (FWER),272051,0,0,-1
anchored75-fixed-daily,Persistent weighted e-BH,272052,0,0,-1
anchored75-fixed-daily,Proposal e-alpha-spending (FWER),272052,0,0,-1
anchored75-fixed-daily,Persistent weighted e-BH,272053,0,0,-1
anchored75-fixed-daily,Proposal e-alpha-spending (FWER),272053,0,0,-1
anchored75-fixed-daily,Persistent weighted e-BH,272054,0,0,-1
anchored75-fixed-daily,Proposal e-alpha-spending (FWER),272054,0,0,-1
anchored75-fixed-daily,Persistent weighted e-BH,272055,1,1,542
anchored75-fixed-daily,Proposal e-alpha-spending (FWER),272055,1,1,542
anchored75-fixed-daily,Persistent weighted e-BH,272056,0,0,-1
anchored75-fixed-daily,Proposal e-alpha-spending (FWER),272056,0,0,-1
anchored75-fixed-daily,Persistent weighted e-BH,272057,0,0,-1
anchored75-fixed-daily,Proposal e-alpha-spending (FWER),272057,0,0,-1
anchored75-fixed-daily,Persistent weighted e-BH,272058,0,0,-1
anchored75-fixed-daily,Proposal e-alpha-spending (FWER),272058,0,0,-1
anchored75-fixed-daily,Persistent weighted e-BH,272059,0,0,-1
anchored75-fixed-daily,Proposal e-alpha-spending (FWER),272059,0,0,-1
anchored75-fixed-daily,Persistent weighted e-BH,272060,0,0,-1
anchored75-fixed-daily,Proposal e-alpha-spending (FWER),272060,0,0,-1
anchored75-fixed-daily,Persistent weighted e-BH,272061,0,0,-1
anchored75-fixed-daily,Proposal e-alpha-spending (FWER),272061,0,0,-1
anchored75-fixed-daily,Persistent weighted e-BH,272062,0,0,-1
anchored75-fixed-daily,Proposal e-alpha-spending (FWER),272062,0,0,-1
anchored75-fixed-daily,Persistent weighted e-BH,272063,0,0,-1
anchored75-fixed-daily,Proposal e-alpha-spending (FWER),272063,0,0,-1
anchored75-fixed-daily,Persistent weighted e-BH,272064,0,0,-1
anchored75-fixed-daily,Proposal e-alpha-spending (FWER),272064,0,0,-1
anchored75-fixed-daily,Persistent weighted e-BH,272065,0,0,-1
anchored75-fixed-daily,Proposal e-alpha-spending (FWER),272065,0,0,-1
anchored75-fixed-daily,Persistent weighted e-BH,272066,0,0,-1
anchored75-fixed-daily,Proposal e-alpha-spending (FWER),272066,0,0,-1
anchored75-fixed-daily,Persistent weighted e-BH,272067,0,0,-1
anchored75-fixed-daily,Proposal e-alpha-spending (FWER),272067,0,0,-1
anchored75-fixed-daily,Persistent weighted e-BH,272068,0,0,-1
anchored75-fixed-daily,Proposal e-alpha-spending (FWER),272068,0,0,-1
anchored75-fixed-daily,Persistent weighted e-BH,272069,0,0,-1
anchored75-fixed-daily,Proposal e-alpha-spending (FWER),272069,0,0,-1
anchored75-fixed-daily,Persistent weighted e-BH,272070,0,0,-1
anchored75-fixed-daily,Proposal e-alpha-spending (FWER),272070,0,0,-1
anchored75-fixed-daily,Persistent weighted e-BH,272071,0,0,-1
anchored75-fixed-daily,Proposal e-alpha-spending (FWER),272071,0,0,-1
anchored75-fixed-daily,Persistent weighted e-BH,272072,0,0,-1
anchored75-fixed-daily,Proposal e-alpha-spending (FWER),272072,0,0,-1
anchored75-fixed-daily,Persistent weighted e-BH,272073,0,0,-1
anchored75-fixed-daily,Proposal e-alpha-spending (FWER),272073,0,0,-1
anchored75-fixed-daily,Persistent weighted e-BH,272074,0,0,-1
anchored75-fixed-daily,Proposal e-alpha-spending (FWER),272074,0,0,-1
anchored75-fixed-daily,Persistent weighted e-BH,272075,0,0,-1
anchored75-fixed-daily,Proposal e-alpha-spending (FWER),272075,0,0,-1
anchored75-fixed-daily,Persistent weighted e-BH,272076,0,0,-1
anchored75-fixed-daily,Proposal e-alpha-spending (FWER),272076,0,0,-1
anchored75-fixed-daily,Persistent weighted e-BH,272077,0,0,-1
anchored75-fixed-daily,Proposal e-alpha-spending (FWER),272077,0,0,-1
anchored75-fixed-daily,Persistent weighted e-BH,272078,0,0,-1
anchored75-fixed-daily,Proposal e-alpha-spending (FWER),272078,0,0,-1
anchored75-fixed-daily,Persistent weighted e-BH,272079,0,0,-1
anchored75-fixed-daily,Proposal e-alpha-spending (FWER),272079,0,0,-1
anchored75-fixed-daily,Persistent weighted e-BH,272080,0,0,-1
anchored75-fixed-daily,Proposal e-alpha-spending (FWER),272080,0,0,-1
anchored75-fixed-daily,Persistent weighted e-BH,272081,0,0,-1
anchored75-fixed-daily,Proposal e-alpha-spending (FWER),272081,0,0,-1
anchored75-fixed-daily,Persistent weighted e-BH,272082,2,1,2763
anchored75-fixed-daily,Proposal e-alpha-spending (FWER),272082,0,0,-1
anchored75-fixed-daily,Persistent weighted e-BH,272083,0,0,-1
anchored75-fixed-daily,Proposal e-alpha-spending (FWER),272083,0,0,-1
anchored75-fixed-daily,Persistent weighted e-BH,272084,0,0,-1
anchored75-fixed-daily,Proposal e-alpha-spending (FWER),272084,0,0,-1
anchored75-fixed-daily,Persistent weighted e-BH,272085,0,0,-1
anchored75-fixed-daily,Proposal e-alpha-spending (FWER),272085,0,0,-1
anchored75-fixed-daily,Persistent weighted e-BH,272086,1,1,3292
anchored75-fixed-daily,Proposal e-alpha-spending (FWER),272086,1,1,3292
anchored75-fixed-daily,Persistent weighted e-BH,272087,0,0,-1
anchored75-fixed-daily,Proposal e-alpha-spending (FWER),272087,0,0,-1
anchored75-fixed-daily,Persistent weighted e-BH,272088,0,0,-1
anchored75-fixed-daily,Proposal e-alpha-spending (FWER),272088,0,0,-1
anchored75-fixed-daily,Persistent weighted e-BH,272089,0,0,-1
anchored75-fixed-daily,Proposal e-alpha-spending (FWER),272089,0,0,-1
anchored75-fixed-daily,Persistent weighted e-BH,272090,0,0,-1
anchored75-fixed-daily,Proposal e-alpha-spending (FWER),272090,0,0,-1
anchored75-fixed-daily,Persistent weighted e-BH,272091,0,0,-1
anchored75-fixed-daily,Proposal e-alpha-spending (FWER),272091,0,0,-1
anchored75-fixed-daily,Persistent weighted e-BH,272092,0,0,-1
anchored75-fixed-daily,Proposal e-alpha-spending (FWER),272092,0,0,-1
anchored75-fixed-daily,Persistent weighted e-BH,272093,0,0,-1
anchored75-fixed-daily,Proposal e-alpha-spending (FWER),272093,0,0,-1
anchored75-fixed-daily,Persistent weighted e-BH,272094,0,0,-1
anchored75-fixed-daily,Proposal e-alpha-spending (FWER),272094,0,0,-1
anchored75-fixed-daily,Persistent weighted e-BH,272095,10,1,3899
anchored75-fixed-daily,Proposal e-alpha-spending (FWER),272095,4,1,3966
anchored75-fixed-daily,Persistent weighted e-BH,272096,0,0,-1
anchored75-fixed-daily,Proposal e-alpha-spending (FWER),272096,0,0,-1
anchored75-fixed-daily,Persistent weighted e-BH,272097,0,0,-1
anchored75-fixed-daily,Proposal e-alpha-spending (FWER),272097,0,0,-1
anchored75-fixed-daily,Persistent weighted e-BH,272098,0,0,-1
anchored75-fixed-daily,Proposal e-alpha-spending (FWER),272098,0,0,-1
anchored75-fixed-daily,Persistent weighted e-BH,272099,0,0,-1
anchored75-fixed-daily,Proposal e-alpha-spending (FWER),272099,0,0,-1
anchored75-fixed-daily,Persistent weighted e-BH,272100,0,0,-1
anchored75-fixed-daily,Proposal e-alpha-spending (FWER),272100,0,0,-1
anchored75-fixed-daily,Persistent weighted e-BH,272101,0,0,-1
anchored75-fixed-daily,Proposal e-alpha-spending (FWER),272101,0,0,-1
anchored75-fixed-daily,Persistent weighted e-BH,272102,0,0,-1
anchored75-fixed-daily,Proposal e-alpha-spending (FWER),272102,0,0,-1
anchored75-fixed-daily,Persistent weighted e-BH,272103,0,0,-1
anchored75-fixed-daily,Proposal e-alpha-spending (FWER),272103,0,0,-1
anchored75-fixed-daily,Persistent weighted e-BH,272104,0,0,-1
anchored75-fixed-daily,Proposal e-alpha-spending (FWER),272104,0,0,-1
anchored75-fixed-daily,Persistent weighted e-BH,272105,1,1,2173
anchored75-fixed-daily,Proposal e-alpha-spending (FWER),272105,1,1,2173
anchored75-fixed-daily,Persistent weighted e-BH,272106,0,0,-1
anchored75-fixed-daily,Proposal e-alpha-spending (FWER),272106,0,0,-1
anchored75-fixed-daily,Persistent weighted e-BH,272107,0,0,-1
anchored75-fixed-daily,Proposal e-alpha-spending (FWER),272107,0,0,-1
anchored75-fixed-daily,Persistent weighted e-BH,272108,0,0,-1
anchored75-fixed-daily,Proposal e-alpha-spending (FWER),272108,0,0,-1
anchored75-fixed-daily,Persistent weighted e-BH,272109,0,0,-1
anchored75-fixed-daily,Proposal e-alpha-spending (FWER),272109,0,0,-1
anchored75-fixed-daily,Persistent weighted e-BH,272110,0,0,-1
anchored75-fixed-daily,Proposal e-alpha-spending (FWER),272110,0,0,-1
anchored75-fixed-daily,Persistent weighted e-BH,272111,0,0,-1
anchored75-fixed-daily,Proposal e-alpha-spending (FWER),272111,0,0,-1
anchored75-fixed-daily,Persistent weighted e-BH,272112,0,0,-1
anchored75-fixed-daily,Proposal e-alpha-spending (FWER),272112,0,0,-1
anchored75-fixed-daily,Persistent weighted e-BH,272113,0,0,-1
anchored75-fixed-daily,Proposal e-alpha-spending (FWER),272113,0,0,-1
anchored75-fixed-daily,Persistent weighted e-BH,272114,0,0,-1
anchored75-fixed-daily,Proposal e-alpha-spending (FWER),272114,0,0,-1
anchored75-fixed-daily,Persistent weighted e-BH,272115,0,0,-1
anchored75-fixed-daily,Proposal e-alpha-spending (FWER),272115,0,0,-1
anchored75-fixed-daily,Persistent weighted e-BH,272116,0,0,-1
anchored75-fixed-daily,Proposal e-alpha-spending (FWER),272116,0,0,-1
anchored75-fixed-daily,Persistent weighted e-BH,272117,0,0,-1
anchored75-fixed-daily,Proposal e-alpha-spending (FWER),272117,0,0,-1
anchored75-fixed-daily,Persistent weighted e-BH,272118,0,0,-1
anchored75-fixed-daily,Proposal e-alpha-spending (FWER),272118,0,0,-1
anchored75-fixed-daily,Persistent weighted e-BH,272119,0,0,-1
anchored75-fixed-daily,Proposal e-alpha-spending (FWER),272119,0,0,-1
anchored75-fixed-daily,Persistent weighted e-BH,272120,0,0,-1
anchored75-fixed-daily,Proposal e-alpha-spending (FWER),272120,0,0,-1
anchored75-fixed-daily,Persistent weighted e-BH,272121,0,0,-1
anchored75-fixed-daily,Proposal e-alpha-spending (FWER),272121,0,0,-1
anchored75-fixed-daily,Persistent weighted e-BH,272122,0,0,-1
anchored75-fixed-daily,Proposal e-alpha-spending (FWER),272122,0,0,-1
anchored75-fixed-daily,Persistent weighted e-BH,272123,0,0,-1
anchored75-fixed-daily,Proposal e-alpha-spending (FWER),272123,0,0,-1
anchored75-fixed-daily,Persistent weighted e-BH,272124,0,0,-1
anchored75-fixed-daily,Proposal e-alpha-spending (FWER),272124,0,0,-1
anchored75-fixed-daily,Persistent weighted e-BH,272125,0,0,-1
anchored75-fixed-daily,Proposal e-alpha-spending (FWER),272125,0,0,-1
anchored75-fixed-daily,Persistent weighted e-BH,272126,1,1,2047
anchored75-fixed-daily,Proposal e-alpha-spending (FWER),272126,1,1,2047
anchored75-fixed-daily,Persistent weighted e-BH,272127,0,0,-1
anchored75-fixed-daily,Proposal e-alpha-spending (FWER),272127,0,0,-1
anchored75-fixed-daily,Persistent weighted e-BH,272128,0,0,-1
anchored75-fixed-daily,Proposal e-alpha-spending (FWER),272128,0,0,-1
anchored75-fixed-daily,Persistent weighted e-BH,272129,0,0,-1
anchored75-fixed-daily,Proposal e-alpha-spending (FWER),272129,0,0,-1
anchored75-fixed-daily,Persistent weighted e-BH,272130,0,0,-1
anchored75-fixed-daily,Proposal e-alpha-spending (FWER),272130,0,0,-1
anchored75-fixed-daily,Persistent weighted e-BH,272131,0,0,-1
anchored75-fixed-daily,Proposal e-alpha-spending (FWER),272131,0,0,-1
anchored75-fixed-daily,Persistent weighted e-BH,272132,0,0,-1
anchored75-fixed-daily,Proposal e-alpha-spending (FWER),272132,0,0,-1
anchored75-fixed-daily,Persistent weighted e-BH,272133,0,0,-1
anchored75-fixed-daily,Proposal e-alpha-spending (FWER),272133,0,0,-1
anchored75-fixed-daily,Persistent weighted e-BH,272134,0,0,-1
anchored75-fixed-daily,Proposal e-alpha-spending (FWER),272134,0,0,-1
anchored75-fixed-daily,Persistent weighted e-BH,272135,0,0,-1
anchored75-fixed-daily,Proposal e-alpha-spending (FWER),272135,0,0,-1
anchored75-fixed-daily,Persistent weighted e-BH,272136,0,0,-1
anchored75-fixed-daily,Proposal e-alpha-spending (FWER),272136,0,0,-1
anchored75-fixed-daily,Persistent weighted e-BH,272137,0,0,-1
anchored75-fixed-daily,Proposal e-alpha-spending (FWER),272137,0,0,-1
anchored75-fixed-daily,Persistent weighted e-BH,272138,0,0,-1
anchored75-fixed-daily,Proposal e-alpha-spending (FWER),272138,0,0,-1
anchored75-fixed-daily,Persistent weighted e-BH,272139,0,0,-1
anchored75-fixed-daily,Proposal e-alpha-spending (FWER),272139,0,0,-1
anchored75-fixed-daily,Persistent weighted e-BH,272140,0,0,-1
anchored75-fixed-daily,Proposal e-alpha-spending (FWER),272140,0,0,-1
anchored75-fixed-daily,Persistent weighted e-BH,272141,0,0,-1
anchored75-fixed-daily,Proposal e-alpha-spending (FWER),272141,0,0,-1
anchored75-fixed-daily,Persistent weighted e-BH,272142,0,0,-1
anchored75-fixed-daily,Proposal e-alpha-spending (FWER),272142,0,0,-1
anchored75-fixed-daily,Persistent weighted e-BH,272143,0,0,-1
anchored75-fixed-daily,Proposal e-alpha-spending (FWER),272143,0,0,-1
anchored75-fixed-daily,Persistent weighted e-BH,272144,0,0,-1
anchored75-fixed-daily,Proposal e-alpha-spending (FWER),272144,0,0,-1
anchored75-fixed-daily,Persistent weighted e-BH,272145,0,0,-1
anchored75-fixed-daily,Proposal e-alpha-spending (FWER),272145,0,0,-1
anchored75-fixed-daily,Persistent weighted e-BH,272146,0,0,-1
anchored75-fixed-daily,Proposal e-alpha-spending (FWER),272146,0,0,-1
anchored75-fixed-daily,Persistent weighted e-BH,272147,0,0,-1
anchored75-fixed-daily,Proposal e-alpha-spending (FWER),272147,0,0,-1
anchored75-fixed-daily,Persistent weighted e-BH,272148,0,0,-1
anchored75-fixed-daily,Proposal e-alpha-spending (FWER),272148,0,0,-1
anchored75-fixed-daily,Persistent weighted e-BH,272149,0,0,-1
anchored75-fixed-daily,Proposal e-alpha-spending (FWER),272149,0,0,-1
anchored75-fixed-daily,Persistent weighted e-BH,272150,0,0,-1
anchored75-fixed-daily,Proposal e-alpha-spending (FWER),272150,0,0,-1
anchored75-fixed-daily,Persistent weighted e-BH,272151,0,0,-1
anchored75-fixed-daily,Proposal e-alpha-spending (FWER),272151,0,0,-1
anchored75-fixed-daily,Persistent weighted e-BH,272152,0,0,-1
anchored75-fixed-daily,Proposal e-alpha-spending (FWER),272152,0,0,-1
anchored75-fixed-daily,Persistent weighted e-BH,272153,0,0,-1
anchored75-fixed-daily,Proposal e-alpha-spending (FWER),272153,0,0,-1
anchored75-fixed-daily,Persistent weighted e-BH,272154,0,0,-1
anchored75-fixed-daily,Proposal e-alpha-spending (FWER),272154,0,0,-1
anchored75-fixed-daily,Persistent weighted e-BH,272155,0,0,-1
anchored75-fixed-daily,Proposal e-alpha-spending (FWER),272155,0,0,-1
anchored75-fixed-daily,Persistent weighted e-BH,272156,0,0,-1
anchored75-fixed-daily,Proposal e-alpha-spending (FWER),272156,0,0,-1
anchored75-fixed-daily,Persistent weighted e-BH,272157,0,0,-1
anchored75-fixed-daily,Proposal e-alpha-spending (FWER),272157,0,0,-1
anchored75-fixed-daily,Persistent weighted e-BH,272158,0,0,-1
anchored75-fixed-daily,Proposal e-alpha-spending (FWER),272158,0,0,-1
anchored75-fixed-daily,Persistent weighted e-BH,272159,0,0,-1
anchored75-fixed-daily,Proposal e-alpha-spending (FWER),272159,0,0,-1
anchored75-fixed-daily,Persistent weighted e-BH,272160,0,0,-1
anchored75-fixed-daily,Proposal e-alpha-spending (FWER),272160,0,0,-1
anchored75-fixed-daily,Persistent weighted e-BH,272161,0,0,-1
anchored75-fixed-daily,Proposal e-alpha-spending (FWER),272161,0,0,-1
anchored75-fixed-daily,Persistent weighted e-BH,272162,0,0,-1
anchored75-fixed-daily,Proposal e-alpha-spending (FWER),272162,0,0,-1
anchored75-fixed-daily,Persistent weighted e-BH,272163,0,0,-1
anchored75-fixed-daily,Proposal e-alpha-spending (FWER),272163,0,0,-1
anchored75-fixed-daily,Persistent weighted e-BH,272164,0,0,-1
anchored75-fixed-daily,Proposal e-alpha-spending (FWER),272164,0,0,-1
anchored75-fixed-daily,Persistent weighted e-BH,272165,0,0,-1
anchored75-fixed-daily,Proposal e-alpha-spending (FWER),272165,0,0,-1
anchored75-fixed-daily,Persistent weighted e-BH,272166,0,0,-1
anchored75-fixed-daily,Proposal e-alpha-spending (FWER),272166,0,0,-1
anchored75-fixed-daily,Persistent weighted e-BH,272167,0,0,-1
anchored75-fixed-daily,Proposal e-alpha-spending (FWER),272167,0,0,-1
anchored75-fixed-daily,Persistent weighted e-BH,272168,0,0,-1
anchored75-fixed-daily,Proposal e-alpha-spending (FWER),272168,0,0,-1
anchored75-fixed-daily,Persistent weighted e-BH,272169,0,0,-1
anchored75-fixed-daily,Proposal e-alpha-spending (FWER),272169,0,0,-1
anchored75-fixed-daily,Persistent weighted e-BH,272170,0,0,-1
anchored75-fixed-daily,Proposal e-alpha-spending (FWER),272170,0,0,-1
anchored75-fixed-daily,Persistent weighted e-BH,272171,0,0,-1
anchored75-fixed-daily,Proposal e-alpha-spending (FWER),272171,0,0,-1
anchored75-fixed-daily,Persistent weighted e-BH,272172,0,0,-1
anchored75-fixed-daily,Proposal e-alpha-spending (FWER),272172,0,0,-1
anchored75-fixed-daily,Persistent weighted e-BH,272173,0,0,-1
anchored75-fixed-daily,Proposal e-alpha-spending (FWER),272173,0,0,-1
anchored75-fixed-daily,Persistent weighted e-BH,272174,0,0,-1
anchored75-fixed-daily,Proposal e-alpha-spending (FWER),272174,0,0,-1
anchored75-fixed-daily,Persistent weighted e-BH,272175,0,0,-1
anchored75-fixed-daily,Proposal e-alpha-spending (FWER),272175,0,0,-1
anchored75-fixed-daily,Persistent weighted e-BH,272176,0,0,-1
anchored75-fixed-daily,Proposal e-alpha-spending (FWER),272176,0,0,-1
anchored75-fixed-daily,Persistent weighted e-BH,272177,0,0,-1
anchored75-fixed-daily,Proposal e-alpha-spending (FWER),272177,0,0,-1
anchored75-fixed-daily,Persistent weighted e-BH,272178,0,0,-1
anchored75-fixed-daily,Proposal e-alpha-spending (FWER),272178,0,0,-1
anchored75-fixed-daily,Persistent weighted e-BH,272179,2,1,4575
anchored75-fixed-daily,Proposal e-alpha-spending (FWER),272179,1,1,4804
anchored75-fixed-daily,Persistent weighted e-BH,272180,0,0,-1
anchored75-fixed-daily,Proposal e-alpha-spending (FWER),272180,0,0,-1
anchored75-fixed-daily,Persistent weighted e-BH,272181,0,0,-1
anchored75-fixed-daily,Proposal e-alpha-spending (FWER),272181,0,0,-1
anchored75-fixed-daily,Persistent weighted e-BH,272182,0,0,-1
anchored75-fixed-daily,Proposal e-alpha-spending (FWER),272182,0,0,-1
anchored75-fixed-daily,Persistent weighted e-BH,272183,0,0,-1
anchored75-fixed-daily,Proposal e-alpha-spending (FWER),272183,0,0,-1
anchored75-fixed-daily,Persistent weighted e-BH,272184,0,0,-1
anchored75-fixed-daily,Proposal e-alpha-spending (FWER),272184,0,0,-1
anchored75-fixed-daily,Persistent weighted e-BH,272185,0,0,-1
anchored75-fixed-daily,Proposal e-alpha-spending (FWER),272185,0,0,-1
anchored75-fixed-daily,Persistent weighted e-BH,272186,0,0,-1
anchored75-fixed-daily,Proposal e-alpha-spending (FWER),272186,0,0,-1
anchored75-fixed-daily,Persistent weighted e-BH,272187,0,0,-1
anchored75-fixed-daily,Proposal e-alpha-spending (FWER),272187,0,0,-1
anchored75-fixed-daily,Persistent weighted e-BH,272188,0,0,-1
anchored75-fixed-daily,Proposal e-alpha-spending (FWER),272188,0,0,-1
anchored75-fixed-daily,Persistent weighted e-BH,272189,1,1,1982
anchored75-fixed-daily,Proposal e-alpha-spending (FWER),272189,1,1,1982
anchored75-fixed-daily,Persistent weighted e-BH,272190,0,0,-1
anchored75-fixed-daily,Proposal e-alpha-spending (FWER),272190,0,0,-1
anchored75-fixed-daily,Persistent weighted e-BH,272191,0,0,-1
anchored75-fixed-daily,Proposal e-alpha-spending (FWER),272191,0,0,-1
anchored75-fixed-daily,Persistent weighted e-BH,272192,0,0,-1
anchored75-fixed-daily,Proposal e-alpha-spending (FWER),272192,0,0,-1
anchored75-fixed-daily,Persistent weighted e-BH,272193,0,0,-1
anchored75-fixed-daily,Proposal e-alpha-spending (FWER),272193,0,0,-1
anchored75-fixed-daily,Persistent weighted e-BH,272194,0,0,-1
anchored75-fixed-daily,Proposal e-alpha-spending (FWER),272194,0,0,-1
anchored75-fixed-daily,Persistent weighted e-BH,272195,0,0,-1
anchored75-fixed-daily,Proposal e-alpha-spending (FWER),272195,0,0,-1
anchored75-fixed-daily,Persistent weighted e-BH,272196,0,0,-1
anchored75-fixed-daily,Proposal e-alpha-spending (FWER),272196,0,0,-1
anchored75-fixed-daily,Persistent weighted e-BH,272197,0,0,-1
anchored75-fixed-daily,Proposal e-alpha-spending (FWER),272197,0,0,-1
anchored75-fixed-daily,Persistent weighted e-BH,272198,0,0,-1
anchored75-fixed-daily,Proposal e-alpha-spending (FWER),272198,0,0,-1
anchored75-fixed-daily,Persistent weighted e-BH,272199,0,0,-1
anchored75-fixed-daily,Proposal e-alpha-spending (FWER),272199,0,0,-1
anchored75-fixed-daily,Persistent weighted e-BH,272200,0,0,-1
anchored75-fixed-daily,Proposal e-alpha-spending (FWER),272200,0,0,-1
anchored75-fixed-daily,Persistent weighted e-BH,272201,0,0,-1
anchored75-fixed-daily,Proposal e-alpha-spending (FWER),272201,0,0,-1
anchored75-fixed-daily,Persistent weighted e-BH,272202,0,0,-1
anchored75-fixed-daily,Proposal e-alpha-spending (FWER),272202,0,0,-1
anchored75-fixed-daily,Persistent weighted e-BH,272203,0,0,-1
anchored75-fixed-daily,Proposal e-alpha-spending (FWER),272203,0,0,-1
anchored75-fixed-daily,Persistent weighted e-BH,272204,0,0,-1
anchored75-fixed-daily,Proposal e-alpha-spending (FWER),272204,0,0,-1
anchored75-fixed-daily,Persistent weighted e-BH,272205,0,0,-1
anchored75-fixed-daily,Proposal e-alpha-spending (FWER),272205,0,0,-1
anchored75-fixed-daily,Persistent weighted e-BH,272206,0,0,-1
anchored75-fixed-daily,Proposal e-alpha-spending (FWER),272206,0,0,-1
anchored75-fixed-daily,Persistent weighted e-BH,272207,0,0,-1
anchored75-fixed-daily,Proposal e-alpha-spending (FWER),272207,0,0,-1
anchored75-fixed-daily,Persistent weighted e-BH,272208,0,0,-1
anchored75-fixed-daily,Proposal e-alpha-spending (FWER),272208,0,0,-1
anchored75-fixed-daily,Persistent weighted e-BH,272209,0,0,-1
anchored75-fixed-daily,Proposal e-alpha-spending (FWER),272209,0,0,-1
anchored75-fixed-daily,Persistent weighted e-BH,272210,0,0,-1
anchored75-fixed-daily,Proposal e-alpha-spending (FWER),272210,0,0,-1
anchored75-fixed-daily,Persistent weighted e-BH,272211,0,0,-1
anchored75-fixed-daily,Proposal e-alpha-spending (FWER),272211,0,0,-1
anchored75-fixed-daily,Persistent weighted e-BH,272212,0,0,-1
anchored75-fixed-daily,Proposal e-alpha-spending (FWER),272212,0,0,-1
anchored75-fixed-daily,Persistent weighted e-BH,272213,0,0,-1
anchored75-fixed-daily,Proposal e-alpha-spending (FWER),272213,0,0,-1
anchored75-fixed-daily,Persistent weighted e-BH,272214,0,0,-1
anchored75-fixed-daily,Proposal e-alpha-spending (FWER),272214,0,0,-1
anchored75-fixed-daily,Persistent weighted e-BH,272215,0,0,-1
anchored75-fixed-daily,Proposal e-alpha-spending (FWER),272215,0,0,-1
anchored75-fixed-daily,Persistent weighted e-BH,272216,0,0,-1
anchored75-fixed-daily,Proposal e-alpha-spending (FWER),272216,0,0,-1
anchored75-fixed-daily,Persistent weighted e-BH,272217,0,0,-1
anchored75-fixed-daily,Proposal e-alpha-spending (FWER),272217,0,0,-1
anchored75-fixed-daily,Persistent weighted e-BH,272218,0,0,-1
anchored75-fixed-daily,Proposal e-alpha-spending (FWER),272218,0,0,-1
anchored75-fixed-daily,Persistent weighted e-BH,272219,0,0,-1
anchored75-fixed-daily,Proposal e-alpha-spending (FWER),272219,0,0,-1
anchored75-fixed-daily,Persistent weighted e-BH,272220,0,0,-1
anchored75-fixed-daily,Proposal e-alpha-spending (FWER),272220,0,0,-1
anchored75-fixed-daily,Persistent weighted e-BH,272221,0,0,-1
anchored75-fixed-daily,Proposal e-alpha-spending (FWER),272221,0,0,-1
anchored75-fixed-daily,Persistent weighted e-BH,272222,0,0,-1
anchored75-fixed-daily,Proposal e-alpha-spending (FWER),272222,0,0,-1
anchored75-fixed-daily,Persistent weighted e-BH,272223,0,0,-1
anchored75-fixed-daily,Proposal e-alpha-spending (FWER),272223,0,0,-1
anchored75-fixed-daily,Persistent weighted e-BH,272224,0,0,-1
anchored75-fixed-daily,Proposal e-alpha-spending (FWER),272224,0,0,-1
anchored75-fixed-daily,Persistent weighted e-BH,272225,0,0,-1
anchored75-fixed-daily,Proposal e-alpha-spending (FWER),272225,0,0,-1
anchored75-fixed-daily,Persistent weighted e-BH,272226,0,0,-1
anchored75-fixed-daily,Proposal e-alpha-spending (FWER),272226,0,0,-1
anchored75-fixed-daily,Persistent weighted e-BH,272227,0,0,-1
anchored75-fixed-daily,Proposal e-alpha-spending (FWER),272227,0,0,-1
anchored75-fixed-daily,Persistent weighted e-BH,272228,0,0,-1
anchored75-fixed-daily,Proposal e-alpha-spending (FWER),272228,0,0,-1
anchored75-fixed-daily,Persistent weighted e-BH,272229,0,0,-1
anchored75-fixed-daily,Proposal e-alpha-spending (FWER),272229,0,0,-1
anchored75-fixed-daily,Persistent weighted e-BH,272230,0,0,-1
anchored75-fixed-daily,Proposal e-alpha-spending (FWER),272230,0,0,-1
anchored75-fixed-daily,Persistent weighted e-BH,272231,0,0,-1
anchored75-fixed-daily,Proposal e-alpha-spending (FWER),272231,0,0,-1
anchored75-fixed-daily,Persistent weighted e-BH,272232,0,0,-1
anchored75-fixed-daily,Proposal e-alpha-spending (FWER),272232,0,0,-1
anchored75-fixed-daily,Persistent weighted e-BH,272233,0,0,-1
anchored75-fixed-daily,Proposal e-alpha-spending (FWER),272233,0,0,-1
anchored75-fixed-daily,Persistent weighted e-BH,272234,0,0,-1
anchored75-fixed-daily,Proposal e-alpha-spending (FWER),272234,0,0,-1
anchored75-fixed-daily,Persistent weighted e-BH,272235,0,0,-1
anchored75-fixed-daily,Proposal e-alpha-spending (FWER),272235,0,0,-1
anchored75-fixed-daily,Persistent weighted e-BH,272236,0,0,-1
anchored75-fixed-daily,Proposal e-alpha-spending (FWER),272236,0,0,-1
anchored75-fixed-daily,Persistent weighted e-BH,272237,0,0,-1
anchored75-fixed-daily,Proposal e-alpha-spending (FWER),272237,0,0,-1
anchored75-fixed-daily,Persistent weighted e-BH,272238,0,0,-1
anchored75-fixed-daily,Proposal e-alpha-spending (FWER),272238,0,0,-1
anchored75-fixed-daily,Persistent weighted e-BH,272239,0,0,-1
anchored75-fixed-daily,Proposal e-alpha-spending (FWER),272239,0,0,-1
anchored75-fixed-daily,Persistent weighted e-BH,272240,0,0,-1
anchored75-fixed-daily,Proposal e-alpha-spending (FWER),272240,0,0,-1
anchored75-fixed-daily,Persistent weighted e-BH,272241,0,0,-1
anchored75-fixed-daily,Proposal e-alpha-spending (FWER),272241,0,0,-1
anchored75-fixed-daily,Persistent weighted e-BH,272242,0,0,-1
anchored75-fixed-daily,Proposal e-alpha-spending (FWER),272242,0,0,-1
anchored75-fixed-daily,Persistent weighted e-BH,272243,0,0,-1
anchored75-fixed-daily,Proposal e-alpha-spending (FWER),272243,0,0,-1
anchored75-fixed-daily,Persistent weighted e-BH,272244,0,0,-1
anchored75-fixed-daily,Proposal e-alpha-spending (FWER),272244,0,0,-1
anchored75-fixed-daily,Persistent weighted e-BH,272245,0,0,-1
anchored75-fixed-daily,Proposal e-alpha-spending (FWER),272245,0,0,-1
anchored75-fixed-daily,Persistent weighted e-BH,272246,0,0,-1
anchored75-fixed-daily,Proposal e-alpha-spending (FWER),272246,0,0,-1
anchored75-fixed-daily,Persistent weighted e-BH,272247,0,0,-1
anchored75-fixed-daily,Proposal e-alpha-spending (FWER),272247,0,0,-1
anchored75-fixed-daily,Persistent weighted e-BH,272248,0,0,-1
anchored75-fixed-daily,Proposal e-alpha-spending (FWER),272248,0,0,-1
anchored75-fixed-daily,Persistent weighted e-BH,272249,0,0,-1
anchored75-fixed-daily,Proposal e-alpha-spending (FWER),272249,0,0,-1
anchored75-fixed-daily,Persistent weighted e-BH,272250,0,0,-1
anchored75-fixed-daily,Proposal e-alpha-spending (FWER),272250,0,0,-1
anchored75-fixed-daily,Persistent weighted e-BH,272251,0,0,-1
anchored75-fixed-daily,Proposal e-alpha-spending (FWER),272251,0,0,-1
anchored75-fixed-daily,Persistent weighted e-BH,272252,0,0,-1
anchored75-fixed-daily,Proposal e-alpha-spending (FWER),272252,0,0,-1
anchored75-fixed-daily,Persistent weighted e-BH,272253,0,0,-1
anchored75-fixed-daily,Proposal e-alpha-spending (FWER),272253,0,0,-1
anchored75-fixed-daily,Persistent weighted e-BH,272254,0,0,-1
anchored75-fixed-daily,Proposal e-alpha-spending (FWER),272254,0,0,-1
anchored75-fixed-daily,Persistent weighted e-BH,272255,0,0,-1
anchored75-fixed-daily,Proposal e-alpha-spending (FWER),272255,0,0,-1
anchored75-fixed-daily,Persistent weighted e-BH,272256,0,0,-1
anchored75-fixed-daily,Proposal e-alpha-spending (FWER),272256,0,0,-1
anchored75-fixed-daily,Persistent weighted e-BH,272257,0,0,-1
anchored75-fixed-daily,Proposal e-alpha-spending (FWER),272257,0,0,-1
anchored75-fixed-daily,Persistent weighted e-BH,272258,0,0,-1
anchored75-fixed-daily,Proposal e-alpha-spending (FWER),272258,0,0,-1
anchored75-fixed-daily,Persistent weighted e-BH,272259,0,0,-1
anchored75-fixed-daily,Proposal e-alpha-spending (FWER),272259,0,0,-1
anchored75-fixed-daily,Persistent weighted e-BH,272260,0,0,-1
anchored75-fixed-daily,Proposal e-alpha-spending (FWER),272260,0,0,-1
anchored75-fixed-daily,Persistent weighted e-BH,272261,0,0,-1
anchored75-fixed-daily,Proposal e-alpha-spending (FWER),272261,0,0,-1
anchored75-fixed-daily,Persistent weighted e-BH,272262,0,0,-1
anchored75-fixed-daily,Proposal e-alpha-spending (FWER),272262,0,0,-1
anchored75-fixed-daily,Persistent weighted e-BH,272263,0,0,-1
anchored75-fixed-daily,Proposal e-alpha-spending (FWER),272263,0,0,-1
anchored75-fixed-daily,Persistent weighted e-BH,272264,0,0,-1
anchored75-fixed-daily,Proposal e-alpha-spending (FWER),272264,0,0,-1
anchored75-fixed-daily,Persistent weighted e-BH,272265,0,0,-1
anchored75-fixed-daily,Proposal e-alpha-spending (FWER),272265,0,0,-1
anchored75-fixed-daily,Persistent weighted e-BH,272266,0,0,-1
anchored75-fixed-daily,Proposal e-alpha-spending (FWER),272266,0,0,-1
anchored75-fixed-daily,Persistent weighted e-BH,272267,0,0,-1
anchored75-fixed-daily,Proposal e-alpha-spending (FWER),272267,0,0,-1
anchored75-fixed-daily,Persistent weighted e-BH,272268,0,0,-1
anchored75-fixed-daily,Proposal e-alpha-spending (FWER),272268,0,0,-1
anchored75-fixed-daily,Persistent weighted e-BH,272269,0,0,-1
anchored75-fixed-daily,Proposal e-alpha-spending (FWER),272269,0,0,-1
anchored75-fixed-daily,Persistent weighted e-BH,272270,0,0,-1
anchored75-fixed-daily,Proposal e-alpha-spending (FWER),272270,0,0,-1
anchored75-fixed-daily,Persistent weighted e-BH,272271,0,0,-1
anchored75-fixed-daily,Proposal e-alpha-spending (FWER),272271,0,0,-1
anchored75-fixed-daily,Persistent weighted e-BH,272272,0,0,-1
anchored75-fixed-daily,Proposal e-alpha-spending (FWER),272272,0,0,-1
anchored75-fixed-daily,Persistent weighted e-BH,272273,0,0,-1
anchored75-fixed-daily,Proposal e-alpha-spending (FWER),272273,0,0,-1
anchored75-fixed-daily,Persistent weighted e-BH,272274,0,0,-1
anchored75-fixed-daily,Proposal e-alpha-spending (FWER),272274,0,0,-1
anchored75-fixed-daily,Persistent weighted e-BH,272275,0,0,-1
anchored75-fixed-daily,Proposal e-alpha-spending (FWER),272275,0,0,-1
anchored75-fixed-daily,Persistent weighted e-BH,272276,0,0,-1
anchored75-fixed-daily,Proposal e-alpha-spending (FWER),272276,0,0,-1
anchored75-fixed-daily,Persistent weighted e-BH,272277,0,0,-1
anchored75-fixed-daily,Proposal e-alpha-spending (FWER),272277,0,0,-1
anchored75-fixed-daily,Persistent weighted e-BH,272278,0,0,-1
anchored75-fixed-daily,Proposal e-alpha-spending (FWER),272278,0,0,-1
anchored75-fixed-daily,Persistent weighted e-BH,272279,0,0,-1
anchored75-fixed-daily,Proposal e-alpha-spending (FWER),272279,0,0,-1
anchored75-fixed-daily,Persistent weighted e-BH,272280,0,0,-1
anchored75-fixed-daily,Proposal e-alpha-spending (FWER),272280,0,0,-1
anchored75-fixed-daily,Persistent weighted e-BH,272281,0,0,-1
anchored75-fixed-daily,Proposal e-alpha-spending (FWER),272281,0,0,-1
anchored75-fixed-daily,Persistent weighted e-BH,272282,0,0,-1
anchored75-fixed-daily,Proposal e-alpha-spending (FWER),272282,0,0,-1
anchored75-fixed-daily,Persistent weighted e-BH,272283,0,0,-1
anchored75-fixed-daily,Proposal e-alpha-spending (FWER),272283,0,0,-1
anchored75-fixed-daily,Persistent weighted e-BH,272284,0,0,-1
anchored75-fixed-daily,Proposal e-alpha-spending (FWER),272284,0,0,-1
anchored75-fixed-daily,Persistent weighted e-BH,272285,0,0,-1
anchored75-fixed-daily,Proposal e-alpha-spending (FWER),272285,0,0,-1
anchored75-fixed-daily,Persistent weighted e-BH,272286,0,0,-1
anchored75-fixed-daily,Proposal e-alpha-spending (FWER),272286,0,0,-1
anchored75-fixed-daily,Persistent weighted e-BH,272287,0,0,-1
anchored75-fixed-daily,Proposal e-alpha-spending (FWER),272287,0,0,-1
anchored75-fixed-daily,Persistent weighted e-BH,272288,0,0,-1
anchored75-fixed-daily,Proposal e-alpha-spending (FWER),272288,0,0,-1
anchored75-fixed-daily,Persistent weighted e-BH,272289,0,0,-1
anchored75-fixed-daily,Proposal e-alpha-spending (FWER),272289,0,0,-1
anchored75-fixed-daily,Persistent weighted e-BH,272290,0,0,-1
anchored75-fixed-daily,Proposal e-alpha-spending (FWER),272290,0,0,-1
anchored75-fixed-daily,Persistent weighted e-BH,272291,0,0,-1
anchored75-fixed-daily,Proposal e-alpha-spending (FWER),272291,0,0,-1
anchored75-fixed-daily,Persistent weighted e-BH,272292,0,0,-1
anchored75-fixed-daily,Proposal e-alpha-spending (FWER),272292,0,0,-1
anchored75-fixed-daily,Persistent weighted e-BH,272293,0,0,-1
anchored75-fixed-daily,Proposal e-alpha-spending (FWER),272293,0,0,-1
anchored75-fixed-daily,Persistent weighted e-BH,272294,0,0,-1
anchored75-fixed-daily,Proposal e-alpha-spending (FWER),272294,0,0,-1
anchored75-fixed-daily,Persistent weighted e-BH,272295,0,0,-1
anchored75-fixed-daily,Proposal e-alpha-spending (FWER),272295,0,0,-1
anchored75-fixed-daily,Persistent weighted e-BH,272296,0,0,-1
anchored75-fixed-daily,Proposal e-alpha-spending (FWER),272296,0,0,-1
anchored75-fixed-daily,Persistent weighted e-BH,272297,0,0,-1
anchored75-fixed-daily,Proposal e-alpha-spending (FWER),272297,0,0,-1
anchored75-fixed-daily,Persistent weighted e-BH,272298,0,0,-1
anchored75-fixed-daily,Proposal e-alpha-spending (FWER),272298,0,0,-1
anchored75-fixed-daily,Persistent weighted e-BH,272299,0,0,-1
anchored75-fixed-daily,Proposal e-alpha-spending (FWER),272299,0,0,-1
anchored75-fixed-daily,Persistent weighted e-BH,272300,0,0,-1
anchored75-fixed-daily,Proposal e-alpha-spending (FWER),272300,0,0,-1
anchored75-fixed-daily,Persistent weighted e-BH,272301,0,0,-1
anchored75-fixed-daily,Proposal e-alpha-spending (FWER),272301,0,0,-1
anchored75-fixed-daily,Persistent weighted e-BH,272302,0,0,-1
anchored75-fixed-daily,Proposal e-alpha-spending (FWER),272302,0,0,-1
anchored75-fixed-daily,Persistent weighted e-BH,272303,0,0,-1
anchored75-fixed-daily,Proposal e-alpha-spending (FWER),272303,0,0,-1
anchored75-fixed-daily,Persistent weighted e-BH,272304,0,0,-1
anchored75-fixed-daily,Proposal e-alpha-spending (FWER),272304,0,0,-1
anchored75-fixed-daily,Persistent weighted e-BH,272305,0,0,-1
anchored75-fixed-daily,Proposal e-alpha-spending (FWER),272305,0,0,-1
anchored75-fixed-daily,Persistent weighted e-BH,272306,0,0,-1
anchored75-fixed-daily,Proposal e-alpha-spending (FWER),272306,0,0,-1
anchored75-fixed-daily,Persistent weighted e-BH,272307,0,0,-1
anchored75-fixed-daily,Proposal e-alpha-spending (FWER),272307,0,0,-1
anchored75-fixed-daily,Persistent weighted e-BH,272308,0,0,-1
anchored75-fixed-daily,Proposal e-alpha-spending (FWER),272308,0,0,-1
anchored75-fixed-daily,Persistent weighted e-BH,272309,0,0,-1
anchored75-fixed-daily,Proposal e-alpha-spending (FWER),272309,0,0,-1
anchored75-fixed-daily,Persistent weighted e-BH,272310,0,0,-1
anchored75-fixed-daily,Proposal e-alpha-spending (FWER),272310,0,0,-1
anchored75-fixed-daily,Persistent weighted e-BH,272311,0,0,-1
anchored75-fixed-daily,Proposal e-alpha-spending (FWER),272311,0,0,-1
anchored75-fixed-daily,Persistent weighted e-BH,272312,0,0,-1
anchored75-fixed-daily,Proposal e-alpha-spending (FWER),272312,0,0,-1
anchored75-fixed-daily,Persistent weighted e-BH,272313,0,0,-1
anchored75-fixed-daily,Proposal e-alpha-spending (FWER),272313,0,0,-1
anchored75-fixed-daily,Persistent weighted e-BH,272314,0,0,-1
anchored75-fixed-daily,Proposal e-alpha-spending (FWER),272314,0,0,-1
anchored75-fixed-daily,Persistent weighted e-BH,272315,0,0,-1
anchored75-fixed-daily,Proposal e-alpha-spending (FWER),272315,0,0,-1
anchored75-fixed-daily,Persistent weighted e-BH,272316,0,0,-1
anchored75-fixed-daily,Proposal e-alpha-spending (FWER),272316,0,0,-1
anchored75-fixed-daily,Persistent weighted e-BH,272317,0,0,-1
anchored75-fixed-daily,Proposal e-alpha-spending (FWER),272317,0,0,-1
anchored75-fixed-daily,Persistent weighted e-BH,272318,0,0,-1
anchored75-fixed-daily,Proposal e-alpha-spending (FWER),272318,0,0,-1
anchored75-fixed-daily,Persistent weighted e-BH,272319,0,0,-1
anchored75-fixed-daily,Proposal e-alpha-spending (FWER),272319,0,0,-1
anchored75-fixed-daily,Persistent weighted e-BH,272320,0,0,-1
anchored75-fixed-daily,Proposal e-alpha-spending (FWER),272320,0,0,-1
anchored75-fixed-daily,Persistent weighted e-BH,272321,0,0,-1
anchored75-fixed-daily,Proposal e-alpha-spending (FWER),272321,0,0,-1
anchored75-fixed-daily,Persistent weighted e-BH,272322,0,0,-1
anchored75-fixed-daily,Proposal e-alpha-spending (FWER),272322,0,0,-1
anchored75-fixed-daily,Persistent weighted e-BH,272323,0,0,-1
anchored75-fixed-daily,Proposal e-alpha-spending (FWER),272323,0,0,-1
anchored75-fixed-daily,Persistent weighted e-BH,272324,0,0,-1
anchored75-fixed-daily,Proposal e-alpha-spending (FWER),272324,0,0,-1
anchored75-fixed-daily,Persistent weighted e-BH,272325,0,0,-1
anchored75-fixed-daily,Proposal e-alpha-spending (FWER),272325,0,0,-1
anchored75-fixed-daily,Persistent weighted e-BH,272326,0,0,-1
anchored75-fixed-daily,Proposal e-alpha-spending (FWER),272326,0,0,-1
anchored75-fixed-daily,Persistent weighted e-BH,272327,2,1,1956
anchored75-fixed-daily,Proposal e-alpha-spending (FWER),272327,1,1,1956
