method,seed,false_discoveries,any_false,first_day
Final persistent weighted e-BH,20260730,0,0,-1
Proposal e-alpha-spending (FWER),20260730,0,0,-1
Final persistent weighted e-BH,20260731,0,0,-1
Proposal e-alpha-spending (FWER),20260731,0,0,-1
Final persistent weighted e-BH,20260732,0,0,-1
Proposal e-alpha-spending (FWER),20260732,0,0,-1
Final persistent weighted e-BH,20260733,0,0,-1
Proposal e-alpha-spending (FWER),20260733,0,0,-1
Final persistent weighted e-BH,20260734,0,0,-1
Proposal e-alpha-spending (FWER),20260734,0,0,-1
Final persistent weighted e-BH,20260735,0,0,-1
Proposal e-alpha-spending (FWER),20260735,0,0,-1
Final persistent weighted e-BH,20260736,0,0,-1
Proposal e-alpha-spending (FWER),20260736,0,0,-1
Final persistent weighted e-BH,20260737,0,0,-1
Proposal e-alpha-spending (FWER),20260737,0,0,-1
Final persistent weighted e-BH,20260738,0,0,-1
Proposal e-alpha-spending (FWER),20260738,0,0,-1
Final persistent weighted e-BH,20260739,0,0,-1
Proposal e-alpha-spending (FWER),20260739,0,0,-1
Final persistent weighted e-BH,20260740,0,0,-1
Proposal e-alpha-spending (FWER),20260740,0,0,-1
Final persistent weighted e-BH,20260741,0,0,-1
Proposal e-alpha-spending (FWER),20260741,0,0,-1
Final persistent weighted e-BH,20260742,0,0,-1
Proposal e-alpha-spending (FWER),20260742,0,0,-1
Final persistent weighted e-BH,20260743,0,0,-1
Proposal e-alpha-spending (FWER),20260743,0,0,-1
Final persistent weighted e-BH,20260744,0,0,-1
Proposal e-alpha-spending (FWER),20260744,0,0,-1
Final persistent weighted e-BH,20260745,0,0,-1
Proposal e-alpha-spending (FWER),20260745,0,0,-1
Final persistent weighted e-BH,20260746,0,0,-1
Proposal e-alpha-spending (FWER),20260746,0,0,-1
Final persistent weighted e-BH,20260747,0,0,-1
Proposal e-alpha-spending (FWER),20260747,0,0,-1
Final persistent weighted e-BH,20260748,0,0,-1
Proposal e-alpha-spending (FWER),20260748,0,0,-1
Final persistent weighted e-BH,20260749,0,0,-1
Proposal e-alpha-spending (FWER),20260749,0,0,-1
Final persistent weighted e-BH,20260750,0,0,-1
Proposal e-alpha-spending (FWER),20260750,0,0,-1
Final persistent weighted e-BH,20260751,0,0,-1
Proposal e-alpha-spending (FWER),20260751,0,0,-1
Final persistent weighted e-BH,20260752,0,0,-1
Proposal e-alpha-spending (FWER),20260752,0,0,-1
Final persistent weighted e-BH,20260753,0,0,-1
Proposal e-alpha-spending (FWER),20260753,0,0,-1
Final persistent weighted e-BH,20260754,0,0,-1
Proposal e-alpha-spending (FWER),20260754,0,0,-1
Final persistent weighted e-BH,20260755,0,0,-1
Proposal e-alpha-spending (FWER),20260755,0,0,-1
Final persistent weighted e-BH,20260756,0,0,-1
Proposal e-alpha-spending (FWER),20260756,0,0,-1
Final persistent weighted e-BH,20260757,0,0,-1
Proposal e-alpha-spending (FWER),20260757,0,0,-1
Final persistent weighted e-BH,20260758,0,0,-1
Proposal e-alpha-spending (FWER),20260758,0,0,-1
Final persistent weighted e-BH,20260759,0,0,-1
Proposal e-alpha-spending (FWER),20260759,0,0,-1
Final persistent weighted e-BH,20260760,0,0,-1
Proposal e-alpha-spending (FWER),20260760,0,0,-1
Final persistent weighted e-BH,20260761,0,0,-1
Proposal e-alpha-spending (FWER),20260761,0,0,-1
Final persistent weighted e-BH,20260762,0,0,-1
Proposal e-alpha-spending (FWER),20260762,0,0,-1
Final persistent weighted e-BH,20260763,0,0,-1
Proposal e-alpha-spending (FWER),20260763,0,0,-1
Final persistent weighted e-BH,20260764,0,0,-1
Proposal e-alpha-spending (FWER),20260764,0,0,-1
Final persistent weighted e-BH,20260765,0,0,-1
Proposal e-alpha-spending (FWER),20260765,0,0,-1
Final persistent weighted e-BH,20260766,0,0,-1
Proposal e-alpha-spending (FWER),20260766,0,0,-1
Final persistent weighted e-BH,20260767,0,0,-1
Proposal e-alpha-spending (FWER),20260767,0,0,-1
Final persistent weighted e-BH,20260768,0,0,-1
Proposal e-alpha-spending (FWER),20260768,0,0,-1
Final persistent weighted e-BH,20260769,0,0,-1
Proposal e-alpha-spending (FWER),20260769,0,0,-1
Final persistent weighted e-BH,20260770,0,0,-1
Proposal e-alpha-spending (FWER),20260770,0,0,-1
Final persistent weighted e-BH,20260771,0,0,-1
Proposal e-alpha-spending (FWER),20260771,0,0,-1
Final persistent weighted e-BH,20260772,0,0,-1
Proposal e-alpha-spending (FWER),20260772,0,0,-1
Final persistent weighted e-BH,20260773,0,0,-1
Proposal e-alpha-spending (FWER),20260773,0,0,-1
Final persistent weighted e-BH,20260774,0,0,-1
Proposal e-alpha-spending (FWER),20260774,0,0,-1
Final persistent weighted e-BH,20260775,0,0,-1
Proposal e-alpha-spending (FWER),20260775,0,0,-1
Final persistent weighted e-BH,20260776,0,0,-1
Proposal e-alpha-spending (FWER),20260776,0,0,-1
Final persistent weighted e-BH,20260777,0,0,-1
Proposal e-alpha-spending (FWER),20260777,0,0,-1
Final persistent weighted e-BH,20260778,0,0,-1
Proposal e-alpha-spending (FWER),20260778,0,0,-1
Final persistent weighted e-BH,20260779,0,0,-1
Proposal e-alpha-spending (FWER),20260779,0,0,-1
Final persistent weighted e-BH,20260780,0,0,-1
Proposal e-alpha-spending (FWER),20260780,0,0,-1
Final persistent weighted e-BH,20260781,0,0,-1
Proposal e-alpha-spending (FWER),20260781,0,0,-1
Final persistent weighted e-BH,20260782,0,0,-1
Proposal e-alpha-spending (FWER),20260782,0,0,-1
Final persistent weighted e-BH,20260783,0,0,-1
Proposal e-alpha-spending (FWER),20260783,0,0,-1
Final persistent weighted e-BH,20260784,0,0,-1
Proposal e-alpha-spending (FWER),20260784,0,0,-1
Final persistent weighted e-BH,20260785,0,0,-1
Proposal e-alpha-spending (FWER),20260785,0,0,-1
Final persistent weighted e-BH,20260786,0,0,-1
Proposal e-alpha-spending (FWER),20260786,0,0,-1
Final persistent weighted e-BH,20260787,0,0,-1
Proposal e-alpha-spending (FWER),20260787,0,0,-1
Final persistent weighted e-BH,20260788,0,0,-1
Proposal e-alpha-spending (FWER),20260788,0,0,-1
Final persistent weighted e-BH,20260789,0,0,-1
Proposal e-alpha-spending (FWER),20260789,0,0,-1
Final persistent weighted e-BH,20260790,0,0,-1
Proposal e-alpha-spending (FWER),20260790,0,0,-1
Final persistent weighted e-BH,20260791,0,0,-1
Proposal e-alpha-spending (FWER),20260791,0,0,-1
Final persistent weighted e-BH,20260792,0,0,-1
Proposal e-alpha-spending (FWER),20260792,0,0,-1
Final persistent weighted e-BH,20260793,0,0,-1
Proposal e-alpha-spending (FWER),20260793,0,0,-1
Final persistent weighted e-BH,20260794,0,0,-1
Proposal e-alpha-spending (FWER),20260794,0,0,-1
Final persistent weighted e-BH,20260795,0,0,-1
Proposal e-alpha-spending (FWER),20260795,0,0,-1
Final persistent weighted e-BH,20260796,0,0,-1
Proposal e-alpha-spending (FWER),20260796,0,0,-1
Final persistent weighted e-BH,20260797,0,0,-1
Proposal e-alpha-spending (FWER),20260797,0,0,-1
Final persistent weighted e-BH,20260798,0,0,-1
Proposal e-alpha-spending (FWER),20260798,0,0,-1
Final persistent weighted e-BH,20260799,0,0,-1
Proposal e-alpha-spending (FWER),20260799,0,0,-1
Final persistent weighted e-BH,20260800,0,0,-1
Proposal e-alpha-spending (FWER),20260800,0,0,-1
Final persistent weighted e-BH,20260801,0,0,-1
Proposal e-alpha-spending (FWER),20260801,0,0,-1
Final persistent weighted e-BH,20260802,0,0,-1
Proposal e-alpha-spending (FWER),20260802,0,0,-1
Final persistent weighted e-BH,20260803,0,0,-1
Proposal e-alpha-spending (FWER),20260803,0,0,-1
Final persistent weighted e-BH,20260804,0,0,-1
Proposal e-alpha-spending (FWER),20260804,0,0,-1
Final persistent weighted e-BH,20260805,0,0,-1
Proposal e-alpha-spending (FWER),20260805,0,0,-1
Final persistent weighted e-BH,20260806,0,0,-1
Proposal e-alpha-spending (FWER),20260806,0,0,-1
Final persistent weighted e-BH,20260807,0,0,-1
Proposal e-alpha-spending (FWER),20260807,0,0,-1
Final persistent weighted e-BH,20260808,0,0,-1
Proposal e-alpha-spending (FWER),20260808,0,0,-1
Final persistent weighted e-BH,20260809,0,0,-1
Proposal e-alpha-spending (FWER),20260809,0,0,-1
Final persistent weighted e-BH,20260810,0,0,-1
Proposal e-alpha-spending (FWER),20260810,0,0,-1
Final persistent weighted e-BH,20260811,0,0,-1
Proposal e-alpha-spending (FWER),20260811,0,0,-1
Final persistent weighted e-BH,20260812,0,0,-1
Proposal e-alpha-spending (FWER),20260812,0,0,-1
Final persistent weighted e-BH,20260813,0,0,-1
Proposal e-alpha-spending (FWER),20260813,0,0,-1
Final persistent weighted e-BH,20260814,0,0,-1
Proposal e-alpha-spending (FWER),20260814,0,0,-1
Final persistent weighted e-BH,20260815,0,0,-1
Proposal e-alpha-spending (FWER),20260815,0,0,-1
Final persistent weighted e-BH,20260816,0,0,-1
Proposal e-alpha-spending (FWER),20260816,0,0,-1
Final persistent weighted e-BH,20260817,0,0,-1
Proposal e-alpha-spending (FWER),20260817,0,0,-1
Final persistent weighted e-BH,20260818,0,0,-1
Proposal e-alpha-spending (FWER),20260818,0,0,-1
Final persistent weighted e-BH,20260819,0,0,-1
Proposal e-alpha-spending (FWER),20260819,0,0,-1
Final persistent weighted e-BH,20260820,0,0,-1
Proposal e-alpha-spending (FWER),20260820,0,0,-1
Final persistent weighted e-BH,20260821,0,0,-1
Proposal e-alpha-spending (FWER),20260821,0,0,-1
Final persistent weighted e-BH,20260822,0,0,-1
Proposal e-alpha-spending (FWER),20260822,0,0,-1
Final persistent weighted e-BH,20260823,0,0,-1
Proposal e-alpha-spending (FWER),20260823,0,0,-1
Final persistent weighted e-BH,20260824,0,0,-1
Proposal e-alpha-spending (FWER),20260824,0,0,-1
Final persistent weighted e-BH,20260825,0,0,-1
Proposal e-alpha-spending (FWER),20260825,0,0,-1
Final persistent weighted e-BH,20260826,0,0,-1
Proposal e-alpha-spending (FWER),20260826,0,0,-1
Final persistent weighted e-BH,20260827,0,0,-1
Proposal e-alpha-spending (FWER),20260827,0,0,-1
Final persistent weighted e-BH,20260828,0,0,-1
Proposal e-alpha-spending (FWER),20260828,0,0,-1
Final persistent weighted e-BH,20260829,0,0,-1
Proposal e-alpha-spending (FWER),20260829,0,0,-1
Final persistent weighted e-BH,20260830,0,0,-1
Proposal e-alpha-spending (FWER),20260830,0,0,-1
Final persistent weighted e-BH,20260831,0,0,-1
Proposal e-alpha-spending (FWER),20260831,0,0,-1
Final persistent weighted e-BH,20260832,0,0,-1
Proposal e-alpha-spending (FWER),20260832,0,0,-1
Final persistent weighted e-BH,20260833,0,0,-1
Proposal e-alpha-spending (FWER),20260833,0,0,-1
Final persistent weighted e-BH,20260834,0,0,-1
Proposal e-alpha-spending (FWER),20260834,0,0,-1
Final persistent weighted e-BH,20260835,1,1,893
Proposal e-alpha-spending (FWER),20260835,1,1,893
Final persistent weighted e-BH,20260836,0,0,-1
Proposal e-alpha-spending (FWER),20260836,0,0,-1
Final persistent weighted e-BH,20260837,0,0,-1
Proposal e-alpha-spending (FWER),20260837,0,0,-1
Final persistent weighted e-BH,20260838,0,0,-1
Proposal e-alpha-spending (FWER),20260838,0,0,-1
Final persistent weighted e-BH,20260839,0,0,-1
Proposal e-alpha-spending (FWER),20260839,0,0,-1
Final persistent weighted e-BH,20260840,0,0,-1
Proposal e-alpha-spending (FWER),20260840,0,0,-1
Final persistent weighted e-BH,20260841,0,0,-1
Proposal e-alpha-spending (FWER),20260841,0,0,-1
Final persistent weighted e-BH,20260842,0,0,-1
Proposal e-alpha-spending (FWER),20260842,0,0,-1
Final persistent weighted e-BH,20260843,0,0,-1
Proposal e-alpha-spending (FWER),20260843,0,0,-1
Final persistent weighted e-BH,20260844,0,0,-1
Proposal e-alpha-spending (FWER),20260844,0,0,-1
Final persistent weighted e-BH,20260845,0,0,-1
Proposal e-alpha-spending (FWER),20260845,0,0,-1
Final persistent weighted e-BH,20260846,0,0,-1
Proposal e-alpha-spending (FWER),20260846,0,0,-1
Final persistent weighted e-BH,20260847,0,0,-1
Proposal e-alpha-spending (FWER),20260847,0,0,-1
Final persistent weighted e-BH,20260848,0,0,-1
Proposal e-alpha-spending (FWER),20260848,0,0,-1
Final persistent weighted e-BH,20260849,0,0,-1
Proposal e-alpha-spending (FWER),20260849,0,0,-1
Final persistent weighted e-BH,20260850,0,0,-1
Proposal e-alpha-spending (FWER),20260850,0,0,-1
Final persistent weighted e-BH,20260851,0,0,-1
Proposal e-alpha-spending (FWER),20260851,0,0,-1
Final persistent weighted e-BH,20260852,0,0,-1
Proposal e-alpha-spending (FWER),20260852,0,0,-1
Final persistent weighted e-BH,20260853,0,0,-1
Proposal e-alpha-spending (FWER),20260853,0,0,-1
Final persistent weighted e-BH,20260854,0,0,-1
Proposal e-alpha-spending (FWER),20260854,0,0,-1
Final persistent weighted e-BH,20260855,0,0,-1
Proposal e-alpha-spending (FWER),20260855,0,0,-1
Final persistent weighted e-BH,20260856,0,0,-1
Proposal e-alpha-spending (FWER),20260856,0,0,-1
Final persistent weighted e-BH,20260857,0,0,-1
Proposal e-alpha-spending (FWER),20260857,0,0,-1
Final persistent weighted e-BH,20260858,0,0,-1
Proposal e-alpha-spending (FWER),20260858,0,0,-1
Final persistent weighted e-BH,20260859,0,0,-1
Proposal e-alpha-spending (FWER),20260859,0,0,-1
Final persistent weighted e-BH,20260860,0,0,-1
Proposal e-alpha-spending (FWER),20260860,0,0,-1
Final persistent weighted e-BH,20260861,0,0,-1
Proposal e-alpha-spending (FWER),20260861,0,0,-1
Final persistent weighted e-BH,20260862,0,0,-1
Proposal e-alpha-spending (FWER),20260862,0,0,-1
Final persistent weighted e-BH,20260863,0,0,-1
Proposal e-alpha-spending (FWER),20260863,0,0,-1
Final persistent weighted e-BH,20260864,0,0,-1
Proposal e-alpha-spending (FWER),20260864,0,0,-1
Final persistent weighted e-BH,20260865,0,0,-1
Proposal e-alpha-spending (FWER),20260865,0,0,-1
Final persistent weighted e-BH,20260866,0,0,-1
Proposal e-alpha-spending (FWER),20260866,0,0,-1
Final persistent weighted e-BH,20260867,0,0,-1
Proposal e-alpha-spending (FWER),20260867,0,0,-1
Final persistent weighted e-BH,20260868,0,0,-1
Proposal e-alpha-spending (FWER),20260868,0,0,-1
Final persistent weighted e-BH,20260869,0,0,-1
Proposal e-alpha-spending (FWER),20260869,0,0,-1
Final persistent weighted e-BH,20260870,0,0,-1
Proposal e-alpha-spending (FWER),20260870,0,0,-1
Final persistent weighted e-BH,20260871,0,0,-1
Proposal e-alpha-spending (FWER),20260871,0,0,-1
Final persistent weighted e-BH,20260872,0,0,-1
Proposal e-alpha-spending (FWER),20260872,0,0,-1
Final persistent weighted e-BH,20260873,0,0,-1
Proposal e-alpha-spending (FWER),20260873,0,0,-1
Final persistent weighted e-BH,20260874,0,0,-1
Proposal e-alpha-spending (FWER),20260874,0,0,-1
Final persistent weighted e-BH,20260875,0,0,-1
Proposal e-alpha-spending (FWER),20260875,0,0,-1
Final persistent weighted e-BH,20260876,0,0,-1
Proposal e-alpha-spending (FWER),20260876,0,0,-1
Final persistent weighted e-BH,20260877,0,0,-1
Proposal e-alpha-spending (FWER),20260877,0,0,-1
Final persistent weighted e-BH,20260878,0,0,-1
Proposal e-alpha-spending (FWER),20260878,0,0,-1
Final persistent weighted e-BH,20260879,0,0,-1
Proposal e-alpha-spending (FWER),20260879,0,0,-1
Final persistent weighted e-BH,20260880,0,0,-1
Proposal e-alpha-spending (FWER),20260880,0,0,-1
Final persistent weighted e-BH,20260881,0,0,-1
Proposal e-alpha-spending (FWER),20260881,0,0,-1
Final persistent weighted e-BH,20260882,0,0,-1
Proposal e-alpha-spending (FWER),20260882,0,0,-1
Final persistent weighted e-BH,20260883,0,0,-1
Proposal e-alpha-spending (FWER),20260883,0,0,-1
Final persistent weighted e-BH,20260884,0,0,-1
Proposal e-alpha-spending (FWER),20260884,0,0,-1
Final persistent weighted e-BH,20260885,0,0,-1
Proposal e-alpha-spending (FWER),20260885,0,0,-1
Final persistent weighted e-BH,20260886,0,0,-1
Proposal e-alpha-spending (FWER),20260886,0,0,-1
Final persistent weighted e-BH,20260887,0,0,-1
Proposal e-alpha-spending (FWER),20260887,0,0,-1
Final persistent weighted e-BH,20260888,0,0,-1
Proposal e-alpha-spending (FWER),20260888,0,0,-1
Final persistent weighted e-BH,20260889,0,0,-1
Proposal e-alpha-spending (FWER),20260889,0,0,-1
Final persistent weighted e-BH,20260890,0,0,-1
Proposal e-alpha-spending (FWER),20260890,0,0,-1
Final persistent weighted e-BH,20260891,0,0,-1
Proposal e-alpha-spending (FWER),20260891,0,0,-1
Final persistent weighted e-BH,20260892,0,0,-1
Proposal e-alpha-spending (FWER),20260892,0,0,-1
Final persistent weighted e-BH,20260893,0,0,-1
Proposal e-alpha-spending (FWER),20260893,0,0,-1
Final persistent weighted e-BH,20260894,0,0,-1
Proposal e-alpha-spending (FWER),20260894,0,0,-1
Final persistent weighted e-BH,20260895,0,0,-1
Proposal e-alpha-spending (FWER),20260895,0,0,-1
Final persistent weighted e-BH,20260896,0,0,-1
Proposal e-alpha-spending (FWER),20260896,0,0,-1
Final persistent weighted e-BH,20260897,0,0,-1
Proposal e-alpha-spending (FWER),20260897,0,0,-1
Final persistent weighted e-BH,20260898,0,0,-1
Proposal e-alpha-spending (FWER),20260898,0,0,-1
Final persistent weighted e-BH,20260899,0,0,-1
Proposal e-alpha-spending (FWER),20260899,0,0,-1
Final persistent weighted e-BH,20260900,0,0,-1
Proposal e-alpha-spending (FWER),20260900,0,0,-1
Final persistent weighted e-BH,20260901,0,0,-1
Proposal e-alpha-spending (FWER),20260901,0,0,-1
Final persistent weighted e-BH,20260902,0,0,-1
Proposal e-alpha-spending (FWER),20260902,0,0,-1
Final persistent weighted e-BH,20260903,0,0,-1
Proposal e-alpha-spending (FWER),20260903,0,0,-1
Final persistent weighted e-BH,20260904,0,0,-1
Proposal e-alpha-spending (FWER),20260904,0,0,-1
Final persistent weighted e-BH,20260905,0,0,-1
Proposal e-alpha-spending (FWER),20260905,0,0,-1
Final persistent weighted e-BH,20260906,0,0,-1
Proposal e-alpha-spending (FWER),20260906,0,0,-1
Final persistent weighted e-BH,20260907,0,0,-1
Proposal e-alpha-spending (FWER),20260907,0,0,-1
Final persistent weighted e-BH,20260908,0,0,-1
Proposal e-alpha-spending (FWER),20260908,0,0,-1
Final persistent weighted e-BH,20260909,0,0,-1
Proposal e-alpha-spending (FWER),20260909,0,0,-1
Final persistent weighted e-BH,20260910,0,0,-1
Proposal e-alpha-spending (FWER),20260910,0,0,-1
Final persistent weighted e-BH,20260911,0,0,-1
Proposal e-alpha-spending (FWER),20260911,0,0,-1
Final persistent weighted e-BH,20260912,0,0,-1
Proposal e-alpha-spending (FWER),20260912,0,0,-1
Final persistent weighted e-BH,20260913,0,0,-1
Proposal e-alpha-spending (FWER),20260913,0,0,-1
Final persistent weighted e-BH,20260914,0,0,-1
Proposal e-alpha-spending (FWER),20260914,0,0,-1
Final persistent weighted e-BH,20260915,0,0,-1
Proposal e-alpha-spending (FWER),20260915,0,0,-1
Final persistent weighted e-BH,20260916,0,0,-1
Proposal e-alpha-spending (FWER),20260916,0,0,-1
Final persistent weighted e-BH,20260917,0,0,-1
Proposal e-alpha-spending (FWER),20260917,0,0,-1
Final persistent weighted e-BH,20260918,0,0,-1
Proposal e-alpha-spending (FWER),20260918,0,0,-1
Final persistent weighted e-BH,20260919,1,1,503
Proposal e-alpha-spending (FWER),20260919,1,1,503
Final persistent weighted e-BH,20260920,0,0,-1
Proposal e-alpha-spending (FWER),20260920,0,0,-1
Final persistent weighted e-BH,20260921,0,0,-1
Proposal e-alpha-spending (FWER),20260921,0,0,-1
Final persistent weighted e-BH,20260922,0,0,-1
Proposal e-alpha-spending (FWER),20260922,0,0,-1
Final persistent weighted e-BH,20260923,0,0,-1
Proposal e-alpha-spending (FWER),20260923,0,0,-1
Final persistent weighted e-BH,20260924,0,0,-1
Proposal e-alpha-spending (FWER),20260924,0,0,-1
Final persistent weighted e-BH,20260925,0,0,-1
Proposal e-alpha-spending (FWER),20260925,0,0,-1
Final persistent weighted e-BH,20260926,0,0,-1
Proposal e-alpha-spending (FWER),20260926,0,0,-1
Final persistent weighted e-BH,20260927,0,0,-1
Proposal e-alpha-spending (FWER),20260927,0,0,-1
Final persistent weighted e-BH,20260928,0,0,-1
Proposal e-alpha-spending (FWER),20260928,0,0,-1
Final persistent weighted e-BH,20260929,0,0,-1
Proposal e-alpha-spending (FWER),20260929,0,0,-1
Final persistent weighted e-BH,20260930,0,0,-1
Proposal e-alpha-spending (FWER),20260930,0,0,-1
Final persistent weighted e-BH,20260931,0,0,-1
Proposal e-alpha-spending (FWER),20260931,0,0,-1
Final persistent weighted e-BH,20260932,0,0,-1
Proposal e-alpha-spending (FWER),20260932,0,0,-1
Final persistent weighted e-BH,20260933,0,0,-1
Proposal e-alpha-spending (FWER),20260933,0,0,-1
Final persistent weighted e-BH,20260934,0,0,-1
Proposal e-alpha-spending (FWER),20260934,0,0,-1
Final persistent weighted e-BH,20260935,0,0,-1
Proposal e-alpha-spending (FWER),20260935,0,0,-1
Final persistent weighted e-BH,20260936,0,0,-1
Proposal e-alpha-spending (FWER),20260936,0,0,-1
Final persistent weighted e-BH,20260937,0,0,-1
Proposal e-alpha-spending (FWER),20260937,0,0,-1
Final persistent weighted e-BH,20260938,0,0,-1
Proposal e-alpha-spending (FWER),20260938,0,0,-1
Final persistent weighted e-BH,20260939,0,0,-1
Proposal e-alpha-spending (FWER),20260939,0,0,-1
Final persistent weighted e-BH,20260940,0,0,-1
Proposal e-alpha-spending (FWER),20260940,0,0,-1
Final persistent weighted e-BH,20260941,0,0,-1
Proposal e-alpha-spending (FWER),20260941,0,0,-1
Final persistent weighted e-BH,20260942,0,0,-1
Proposal e-alpha-spending (FWER),20260942,0,0,-1
Final persistent weighted e-BH,20260943,0,0,-1
Proposal e-alpha-spending (FWER),20260943,0,0,-1
Final persistent weighted e-BH,20260944,0,0,-1
Proposal e-alpha-spending (FWER),20260944,0,0,-1
Final persistent weighted e-BH,20260945,0,0,-1
Proposal e-alpha-spending (FWER),20260945,0,0,-1
Final persistent weighted e-BH,20260946,0,0,-1
Proposal e-alpha-spending (FWER),20260946,0,0,-1
Final persistent weighted e-BH,20260947,0,0,-1
Proposal e-alpha-spending (FWER),20260947,0,0,-1
Final persistent weighted e-BH,20260948,0,0,-1
Proposal e-alpha-spending (FWER),20260948,0,0,-1
Final persistent weighted e-BH,20260949,0,0,-1
Proposal e-alpha-spending (FWER),20260949,0,0,-1
Final persistent weighted e-BH,20260950,0,0,-1
Proposal e-alpha-spending (FWER),20260950,0,0,-1
Final persistent weighted e-BH,20260951,0,0,-1
Proposal e-alpha-spending (FWER),20260951,0,0,-1
Final persistent weighted e-BH,20260952,0,0,-1
Proposal e-alpha-spending (FWER),20260952,0,0,-1
Final persistent weighted e-BH,20260953,0,0,-1
Proposal e-alpha-spending (FWER),20260953,0,0,-1
Final persistent weighted e-BH,20260954,0,0,-1
Proposal e-alpha-spending (FWER),20260954,0,0,-1
Final persistent weighted e-BH,20260955,0,0,-1
Proposal e-alpha-spending (FWER),20260955,0,0,-1
Final persistent weighted e-BH,20260956,0,0,-1
Proposal e-alpha-spending (FWER),20260956,0,0,-1
Final persistent weighted e-BH,20260957,0,0,-1
Proposal e-alpha-spending (FWER),20260957,0,0,-1
Final persistent weighted e-BH,20260958,0,0,-1
Proposal e-alpha-spending (FWER),20260958,0,0,-1
Final persistent weighted e-BH,20260959,0,0,-1
Proposal e-alpha-spending (FWER),20260959,0,0,-1
Final persistent weighted e-BH,20260960,0,0,-1
Proposal e-alpha-spending (FWER),20260960,0,0,-1
Final persistent weighted e-BH,20260961,0,0,-1
Proposal e-alpha-spending (FWER),20260961,0,0,-1
Final persistent weighted e-BH,20260962,0,0,-1
Proposal e-alpha-spending (FWER),20260962,0,0,-1
Final persistent weighted e-BH,20260963,0,0,-1
Proposal e-alpha-spending (FWER),20260963,0,0,-1
Final persistent weighted e-BH,20260964,0,0,-1
Proposal e-alpha-spending (FWER),20260964,0,0,-1
Final persistent weighted e-BH,20260965,0,0,-1
Proposal e-alpha-spending (FWER),20260965,0,0,-1
Final persistent weighted e-BH,20260966,0,0,-1
Proposal e-alpha-spending (FWER),20260966,0,0,-1
Final persistent weighted e-BH,20260967,0,0,-1
Proposal e-alpha-spending (FWER),20260967,0,0,-1
Final persistent weighted e-BH,20260968,0,0,-1
Proposal e-alpha-spending (FWER),20260968,0,0,-1
Final persistent weighted e-BH,20260969,0,0,-1
Proposal e-alpha-spending (FWER),20260969,0,0,-1
Final persistent weighted e-BH,20260970,0,0,-1
Proposal e-alpha-spending (FWER),20260970,0,0,-1
Final persistent weighted e-BH,20260971,0,0,-1
Proposal e-alpha-spending (FWER),20260971,0,0,-1
Final persistent weighted e-BH,20260972,0,0,-1
Proposal e-alpha-spending (FWER),20260972,0,0,-1
Final persistent weighted e-BH,20260973,0,0,-1
Proposal e-alpha-spending (FWER),20260973,0,0,-1
Final persistent weighted e-BH,20260974,0,0,-1
Proposal e-alpha-spending (FWER),20260974,0,0,-1
Final persistent weighted e-BH,20260975,0,0,-1
Proposal e-alpha-spending (FWER),20260975,0,0,-1
Final persistent weighted e-BH,20260976,0,0,-1
Proposal e-alpha-spending (FWER),20260976,0,0,-1
Final persistent weighted e-BH,20260977,0,0,-1
Proposal e-alpha-spending (FWER),20260977,0,0,-1
Final persistent weighted e-BH,20260978,1,1,731
Proposal e-alpha-spending (FWER),20260978,1,1,731
Final persistent weighted e-BH,20260979,0,0,-1
Proposal e-alpha-spending (FWER),20260979,0,0,-1
Final persistent weighted e-BH,20260980,0,0,-1
Proposal e-alpha-spending (FWER),20260980,0,0,-1
Final persistent weighted e-BH,20260981,0,0,-1
Proposal e-alpha-spending (FWER),20260981,0,0,-1
Final persistent weighted e-BH,20260982,0,0,-1
Proposal e-alpha-spending (FWER),20260982,0,0,-1
Final persistent weighted e-BH,20260983,0,0,-1
Proposal e-alpha-spending (FWER),20260983,0,0,-1
Final persistent weighted e-BH,20260984,0,0,-1
Proposal e-alpha-spending (FWER),20260984,0,0,-1
Final persistent weighted e-BH,20260985,0,0,-1
Proposal e-alpha-spending (FWER),20260985,0,0,-1
Final persistent weighted e-BH,20260986,0,0,-1
Proposal e-alpha-spending (FWER),20260986,0,0,-1
Final persistent weighted e-BH,20260987,0,0,-1
Proposal e-alpha-spending (FWER),20260987,0,0,-1
Final persistent weighted e-BH,20260988,0,0,-1
Proposal e-alpha-spending (FWER),20260988,0,0,-1
Final persistent weighted e-BH,20260989,0,0,-1
Proposal e-alpha-spending (FWER),20260989,0,0,-1
Final persistent weighted e-BH,20260990,0,0,-1
Proposal e-alpha-spending (FWER),20260990,0,0,-1
Final persistent weighted e-BH,20260991,0,0,-1
Proposal e-alpha-spending (FWER),20260991,0,0,-1
Final persistent weighted e-BH,20260992,0,0,-1
Proposal e-alpha-spending (FWER),20260992,0,0,-1
Final persistent weighted e-BH,20260993,0,0,-1
Proposal e-alpha-spending (FWER),20260993,0,0,-1
Final persistent weighted e-BH,20260994,0,0,-1
Proposal e-alpha-spending (FWER),20260994,0,0,-1
Final persistent weighted e-BH,20260995,0,0,-1
Proposal e-alpha-spending (FWER),20260995,0,0,-1
Final persistent weighted e-BH,20260996,0,0,-1
Proposal e-alpha-spending (FWER),20260996,0,0,-1
Final persistent weighted e-BH,20260997,0,0,-1
Proposal e-alpha-spending (FWER),20260997,0,0,-1
Final persistent weighted e-BH,20260998,0,0,-1
Proposal e-alpha-spending (FWER),20260998,0,0,-1
Final persistent weighted e-BH,20260999,0,0,-1
Proposal e-alpha-spending (FWER),20260999,0,0,-1
Final persistent weighted e-BH,20261000,0,0,-1
Proposal e-alpha-spending (FWER),20261000,0,0,-1
Final persistent weighted e-BH,20261001,0,0,-1
Proposal e-alpha-spending (FWER),20261001,0,0,-1
Final persistent weighted e-BH,20261002,0,0,-1
Proposal e-alpha-spending (FWER),20261002,0,0,-1
Final persistent weighted e-BH,20261003,0,0,-1
Proposal e-alpha-spending (FWER),20261003,0,0,-1
Final persistent weighted e-BH,20261004,0,0,-1
Proposal e-alpha-spending (FWER),20261004,0,0,-1
Final persistent weighted e-BH,20261005,0,0,-1
Proposal e-alpha-spending (FWER),20261005,0,0,-1
Final persistent weighted e-BH,20261006,0,0,-1
Proposal e-alpha-spending (FWER),20261006,0,0,-1
Final persistent weighted e-BH,20261007,0,0,-1
Proposal e-alpha-spending (FWER),20261007,0,0,-1
Final persistent weighted e-BH,20261008,0,0,-1
Proposal e-alpha-spending (FWER),20261008,0,0,-1
Final persistent weighted e-BH,20261009,0,0,-1
Proposal e-alpha-spending (FWER),20261009,0,0,-1
Final persistent weighted e-BH,20261010,0,0,-1
Proposal e-alpha-spending (FWER),20261010,0,0,-1
Final persistent weighted e-BH,20261011,0,0,-1
Proposal e-alpha-spending (FWER),20261011,0,0,-1
Final persistent weighted e-BH,20261012,0,0,-1
Proposal e-alpha-spending (FWER),20261012,0,0,-1
Final persistent weighted e-BH,20261013,0,0,-1
Proposal e-alpha-spending (FWER),20261013,0,0,-1
Final persistent weighted e-BH,20261014,0,0,-1
Proposal e-alpha-spending (FWER),20261014,0,0,-1
Final persistent weighted e-BH,20261015,3,1,834
Proposal e-alpha-spending (FWER),20261015,1,1,834
Final persistent weighted e-BH,20261016,0,0,-1
Proposal e-alpha-spending (FWER),20261016,0,0,-1
Final persistent weighted e-BH,20261017,0,0,-1
Proposal e-alpha-spending (FWER),20261017,0,0,-1
Final persistent weighted e-BH,20261018,0,0,-1
Proposal e-alpha-spending (FWER),20261018,0,0,-1
Final persistent weighted e-BH,20261019,0,0,-1
Proposal e-alpha-spending (FWER),20261019,0,0,-1
Final persistent weighted e-BH,20261020,0,0,-1
Proposal e-alpha-spending (FWER),20261020,0,0,-1
Final persistent weighted e-BH,20261021,0,0,-1
Proposal e-alpha-spending (FWER),20261021,0,0,-1
Final persistent weighted e-BH,20261022,0,0,-1
Proposal e-alpha-spending (FWER),20261022,0,0,-1
Final persistent weighted e-BH,20261023,0,0,-1
Proposal e-alpha-spending (FWER),20261023,0,0,-1
Final persistent weighted e-BH,20261024,0,0,-1
Proposal e-alpha-spending (FWER),20261024,0,0,-1
Final persistent weighted e-BH,20261025,0,0,-1
Proposal e-alpha-spending (FWER),20261025,0,0,-1
Final persistent weighted e-BH,20261026,0,0,-1
Proposal e-alpha-spending (FWER),20261026,0,0,-1
Final persistent weighted e-BH,20261027,0,0,-1
Proposal e-alpha-spending (FWER),20261027,0,0,-1
Final persistent weighted e-BH,20261028,0,0,-1
Proposal e-alpha-spending (FWER),20261028,0,0,-1
Final persistent weighted e-BH,20261029,0,0,-1
Proposal e-alpha-spending (FWER),20261029,0,0,-1
Final persistent weighted e-BH,20261030,0,0,-1
Proposal e-alpha-spending (FWER),20261030,0,0,-1
Final persistent weighted e-BH,20261031,0,0,-1
Proposal e-alpha-spending (FWER),20261031,0,0,-1
Final persistent weighted e-BH,20261032,0,0,-1
Proposal e-alpha-spending (FWER),20261032,0,0,-1
Final persistent weighted e-BH,20261033,0,0,-1
Proposal e-alpha-spending (FWER),20261033,0,0,-1
Final persistent weighted e-BH,20261034,0,0,-1
Proposal e-alpha-spending (FWER),20261034,0,0,-1
Final persistent weighted e-BH,20261035,0,0,-1
Proposal e-alpha-spending (FWER),20261035,0,0,-1
Final persistent weighted e-BH,20261036,0,0,-1
Proposal e-alpha-spending (FWER),20261036,0,0,-1
Final persistent weighted e-BH,20261037,0,0,-1
Proposal e-alpha-spending (FWER),20261037,0,0,-1
Final persistent weighted e-BH,20261038,0,0,-1
Proposal e-alpha-spending (FWER),20261038,0,0,-1
Final persistent weighted e-BH,20261039,0,0,-1
Proposal e-alpha-spending (FWER),20261039,0,0,-1
Final persistent weighted e-BH,20261040,0,0,-1
Proposal e-alpha-spending (FWER),20261040,0,0,-1
Final persistent weighted e-BH,20261041,0,0,-1
Proposal e-alpha-spending (FWER),20261041,0,0,-1
Final persistent weighted e-BH,20261042,0,0,-1
Proposal e-alpha-spending (FWER),20261042,0,0,-1
Final persistent weighted e-BH,20261043,0,0,-1
Proposal e-alpha-spending (FWER),20261043,0,0,-1
Final persistent weighted e-BH,20261044,0,0,-1
Proposal e-alpha-spending (FWER),20261044,0,0,-1
Final persistent weighted e-BH,20261045,0,0,-1
Proposal e-alpha-spending (FWER),20261045,0,0,-1
Final persistent weighted e-BH,20261046,0,0,-1
Proposal e-alpha-spending (FWER),20261046,0,0,-1
Final persistent weighted e-BH,20261047,0,0,-1
Proposal e-alpha-spending (FWER),20261047,0,0,-1
Final persistent weighted e-BH,20261048,0,0,-1
Proposal e-alpha-spending (FWER),20261048,0,0,-1
Final persistent weighted e-BH,20261049,0,0,-1
Proposal e-alpha-spending (FWER),20261049,0,0,-1
Final persistent weighted e-BH,20261050,0,0,-1
Proposal e-alpha-spending (FWER),20261050,0,0,-1
Final persistent weighted e-BH,20261051,0,0,-1
Proposal e-alpha-spending (FWER),20261051,0,0,-1
Final persistent weighted e-BH,20261052,0,0,-1
Proposal e-alpha-spending (FWER),20261052,0,0,-1
Final persistent weighted e-BH,20261053,0,0,-1
Proposal e-alpha-spending (FWER),20261053,0,0,-1
Final persistent weighted e-BH,20261054,0,0,-1
Proposal e-alpha-spending (FWER),20261054,0,0,-1
Final persistent weighted e-BH,20261055,0,0,-1
Proposal e-alpha-spending (FWER),20261055,0,0,-1
Final persistent weighted e-BH,20261056,0,0,-1
Proposal e-alpha-spending (FWER),20261056,0,0,-1
Final persistent weighted e-BH,20261057,0,0,-1
Proposal e-alpha-spending (FWER),20261057,0,0,-1
Final persistent weighted e-BH,20261058,0,0,-1
Proposal e-alpha-spending (FWER),20261058,0,0,-1
Final persistent weighted e-BH,20261059,0,0,-1
Proposal e-alpha-spending (FWER),20261059,0,0,-1
Final persistent weighted e-BH,20261060,0,0,-1
Proposal e-alpha-spending (FWER),20261060,0,0,-1
Final persistent weighted e-BH,20261061,3,1,550
Proposal e-alpha-spending (FWER),20261061,2,1,583
Final persistent weighted e-BH,20261062,0,0,-1
Proposal e-alpha-spending (FWER),20261062,0,0,-1
Final persistent weighted e-BH,20261063,0,0,-1
Proposal e-alpha-spending (FWER),20261063,0,0,-1
Final persistent weighted e-BH,20261064,0,0,-1
Proposal e-alpha-spending (FWER),20261064,0,0,-1
Final persistent weighted e-BH,20261065,0,0,-1
Proposal e-alpha-spending (FWER),20261065,0,0,-1
Final persistent weighted e-BH,20261066,0,0,-1
Proposal e-alpha-spending (FWER),20261066,0,0,-1
Final persistent weighted e-BH,20261067,0,0,-1
Proposal e-alpha-spending (FWER),20261067,0,0,-1
Final persistent weighted e-BH,20261068,0,0,-1
Proposal e-alpha-spending (FWER),20261068,0,0,-1
Final persistent weighted e-BH,20261069,0,0,-1
Proposal e-alpha-spending (FWER),20261069,0,0,-1
Final persistent weighted e-BH,20261070,0,0,-1
Proposal e-alpha-spending (FWER),20261070,0,0,-1
Final persistent weighted e-BH,20261071,0,0,-1
Proposal e-alpha-spending (FWER),20261071,0,0,-1
Final persistent weighted e-BH,20261072,0,0,-1
Proposal e-alpha-spending (FWER),20261072,0,0,-1
Final persistent weighted e-BH,20261073,0,0,-1
Proposal e-alpha-spending (FWER),20261073,0,0,-1
Final persistent weighted e-BH,20261074,0,0,-1
Proposal e-alpha-spending (FWER),20261074,0,0,-1
Final persistent weighted e-BH,20261075,0,0,-1
Proposal e-alpha-spending (FWER),20261075,0,0,-1
Final persistent weighted e-BH,20261076,0,0,-1
Proposal e-alpha-spending (FWER),20261076,0,0,-1
Final persistent weighted e-BH,20261077,0,0,-1
Proposal e-alpha-spending (FWER),20261077,0,0,-1
Final persistent weighted e-BH,20261078,0,0,-1
Proposal e-alpha-spending (FWER),20261078,0,0,-1
Final persistent weighted e-BH,20261079,0,0,-1
Proposal e-alpha-spending (FWER),20261079,0,0,-1
Final persistent weighted e-BH,20261080,0,0,-1
Proposal e-alpha-spending (FWER),20261080,0,0,-1
Final persistent weighted e-BH,20261081,0,0,-1
Proposal e-alpha-spending (FWER),20261081,0,0,-1
Final persistent weighted e-BH,20261082,0,0,-1
Proposal e-alpha-spending (FWER),20261082,0,0,-1
Final persistent weighted e-BH,20261083,0,0,-1
Proposal e-alpha-spending (FWER),20261083,0,0,-1
Final persistent weighted e-BH,20261084,0,0,-1
Proposal e-alpha-spending (FWER),20261084,0,0,-1
Final persistent weighted e-BH,20261085,0,0,-1
Proposal e-alpha-spending (FWER),20261085,0,0,-1
Final persistent weighted e-BH,20261086,0,0,-1
Proposal e-alpha-spending (FWER),20261086,0,0,-1
Final persistent weighted e-BH,20261087,0,0,-1
Proposal e-alpha-spending (FWER),20261087,0,0,-1
Final persistent weighted e-BH,20261088,0,0,-1
Proposal e-alpha-spending (FWER),20261088,0,0,-1
Final persistent weighted e-BH,20261089,0,0,-1
Proposal e-alpha-spending (FWER),20261089,0,0,-1
Final persistent weighted e-BH,20261090,0,0,-1
Proposal e-alpha-spending (FWER),20261090,0,0,-1
Final persistent weighted e-BH,20261091,0,0,-1
Proposal e-alpha-spending (FWER),20261091,0,0,-1
Final persistent weighted e-BH,20261092,0,0,-1
Proposal e-alpha-spending (FWER),20261092,0,0,-1
Final persistent weighted e-BH,20261093,0,0,-1
Proposal e-alpha-spending (FWER),20261093,0,0,-1
Final persistent weighted e-BH,20261094,0,0,-1
Proposal e-alpha-spending (FWER),20261094,0,0,-1
Final persistent weighted e-BH,20261095,0,0,-1
Proposal e-alpha-spending (FWER),20261095,0,0,-1
Final persistent weighted e-BH,20261096,0,0,-1
Proposal e-alpha-spending (FWER),20261096,0,0,-1
Final persistent weighted e-BH,20261097,1,1,646
Proposal e-alpha-spending (FWER),20261097,1,1,646
Final persistent weighted e-BH,20261098,0,0,-1
Proposal e-alpha-spending (FWER),20261098,0,0,-1
Final persistent weighted e-BH,20261099,0,0,-1
Proposal e-alpha-spending (FWER),20261099,0,0,-1
Final persistent weighted e-BH,20261100,0,0,-1
Proposal e-alpha-spending (FWER),20261100,0,0,-1
Final persistent weighted e-BH,20261101,0,0,-1
Proposal e-alpha-spending (FWER),20261101,0,0,-1
Final persistent weighted e-BH,20261102,0,0,-1
Proposal e-alpha-spending (FWER),20261102,0,0,-1
Final persistent weighted e-BH,20261103,0,0,-1
Proposal e-alpha-spending (FWER),20261103,0,0,-1
Final persistent weighted e-BH,20261104,0,0,-1
Proposal e-alpha-spending (FWER),20261104,0,0,-1
Final persistent weighted e-BH,20261105,0,0,-1
Proposal e-alpha-spending (FWER),20261105,0,0,-1
Final persistent weighted e-BH,20261106,0,0,-1
Proposal e-alpha-spending (FWER),20261106,0,0,-1
Final persistent weighted e-BH,20261107,0,0,-1
Proposal e-alpha-spending (FWER),20261107,0,0,-1
Final persistent weighted e-BH,20261108,0,0,-1
Proposal e-alpha-spending (FWER),20261108,0,0,-1
Final persistent weighted e-BH,20261109,0,0,-1
Proposal e-alpha-spending (FWER),20261109,0,0,-1
Final persistent weighted e-BH,20261110,0,0,-1
Proposal e-alpha-spending (FWER),20261110,0,0,-1
Final persistent weighted e-BH,20261111,0,0,-1
Proposal e-alpha-spending (FWER),20261111,0,0,-1
Final persistent weighted e-BH,20261112,0,0,-1
Proposal e-alpha-spending (FWER),20261112,0,0,-1
Final persistent weighted e-BH,20261113,0,0,-1
Proposal e-alpha-spending (FWER),20261113,0,0,-1
Final persistent weighted e-BH,20261114,0,0,-1
Proposal e-alpha-spending (FWER),20261114,0,0,-1
Final persistent weighted e-BH,20261115,0,0,-1
Proposal e-alpha-spending (FWER),20261115,0,0,-1
Final persistent weighted e-BH,20261116,0,0,-1
Proposal e-alpha-spending (FWER),20261116,0,0,-1
Final persistent weighted e-BH,20261117,0,0,-1
Proposal e-alpha-spending (FWER),20261117,0,0,-1
Final persistent weighted e-BH,20261118,0,0,-1
Proposal e-alpha-spending (FWER),20261118,0,0,-1
Final persistent weighted e-BH,20261119,0,0,-1
Proposal e-alpha-spending (FWER),20261119,0,0,-1
Final persistent weighted e-BH,20261120,0,0,-1
Proposal e-alpha-spending (FWER),20261120,0,0,-1
Final persistent weighted e-BH,20261121,0,0,-1
Proposal e-alpha-spending (FWER),20261121,0,0,-1
Final persistent weighted e-BH,20261122,0,0,-1
Proposal e-alpha-spending (FWER),20261122,0,0,-1
Final persistent weighted e-BH,20261123,1,1,943
Proposal e-alpha-spending (FWER),20261123,1,1,943
Final persistent weighted e-BH,20261124,0,0,-1
Proposal e-alpha-spending (FWER),20261124,0,0,-1
Final persistent weighted e-BH,20261125,0,0,-1
Proposal e-alpha-spending (FWER),20261125,0,0,-1
Final persistent weighted e-BH,20261126,0,0,-1
Proposal e-alpha-spending (FWER),20261126,0,0,-1
Final persistent weighted e-BH,20261127,0,0,-1
Proposal e-alpha-spending (FWER),20261127,0,0,-1
Final persistent weighted e-BH,20261128,0,0,-1
Proposal e-alpha-spending (FWER),20261128,0,0,-1
Final persistent weighted e-BH,20261129,0,0,-1
Proposal e-alpha-spending (FWER),20261129,0,0,-1
Final persistent weighted e-BH,20261130,0,0,-1
Proposal e-alpha-spending (FWER),20261130,0,0,-1
Final persistent weighted e-BH,20261131,0,0,-1
Proposal e-alpha-spending (FWER),20261131,0,0,-1
Final persistent weighted e-BH,20261132,0,0,-1
Proposal e-alpha-spending (FWER),20261132,0,0,-1
Final persistent weighted e-BH,20261133,0,0,-1
Proposal e-alpha-spending (FWER),20261133,0,0,-1
Final persistent weighted e-BH,20261134,0,0,-1
Proposal e-alpha-spending (FWER),20261134,0,0,-1
Final persistent weighted e-BH,20261135,0,0,-1
Proposal e-alpha-spending (FWER),20261135,0,0,-1
Final persistent weighted e-BH,20261136,0,0,-1
Proposal e-alpha-spending (FWER),20261136,0,0,-1
Final persistent weighted e-BH,20261137,0,0,-1
Proposal e-alpha-spending (FWER),20261137,0,0,-1
Final persistent weighted e-BH,20261138,1,1,1055
Proposal e-alpha-spending (FWER),20261138,1,1,1055
Final persistent weighted e-BH,20261139,0,0,-1
Proposal e-alpha-spending (FWER),20261139,0,0,-1
Final persistent weighted e-BH,20261140,0,0,-1
Proposal e-alpha-spending (FWER),20261140,0,0,-1
Final persistent weighted e-BH,20261141,0,0,-1
Proposal e-alpha-spending (FWER),20261141,0,0,-1
Final persistent weighted e-BH,20261142,0,0,-1
Proposal e-alpha-spending (FWER),20261142,0,0,-1
Final persistent weighted e-BH,20261143,0,0,-1
Proposal e-alpha-spending (FWER),20261143,0,0,-1
Final persistent weighted e-BH,20261144,0,0,-1
Proposal e-alpha-spending (FWER),20261144,0,0,-1
Final persistent weighted e-BH,20261145,0,0,-1
Proposal e-alpha-spending (FWER),20261145,0,0,-1
Final persistent weighted e-BH,20261146,0,0,-1
Proposal e-alpha-spending (FWER),20261146,0,0,-1
Final persistent weighted e-BH,20261147,0,0,-1
Proposal e-alpha-spending (FWER),20261147,0,0,-1
Final persistent weighted e-BH,20261148,0,0,-1
Proposal e-alpha-spending (FWER),20261148,0,0,-1
Final persistent weighted e-BH,20261149,0,0,-1
Proposal e-alpha-spending (FWER),20261149,0,0,-1
Final persistent weighted e-BH,20261150,0,0,-1
Proposal e-alpha-spending (FWER),20261150,0,0,-1
Final persistent weighted e-BH,20261151,0,0,-1
Proposal e-alpha-spending (FWER),20261151,0,0,-1
Final persistent weighted e-BH,20261152,0,0,-1
Proposal e-alpha-spending (FWER),20261152,0,0,-1
Final persistent weighted e-BH,20261153,0,0,-1
Proposal e-alpha-spending (FWER),20261153,0,0,-1
Final persistent weighted e-BH,20261154,0,0,-1
Proposal e-alpha-spending (FWER),20261154,0,0,-1
Final persistent weighted e-BH,20261155,0,0,-1
Proposal e-alpha-spending (FWER),20261155,0,0,-1
Final persistent weighted e-BH,20261156,0,0,-1
Proposal e-alpha-spending (FWER),20261156,0,0,-1
Final persistent weighted e-BH,20261157,0,0,-1
Proposal e-alpha-spending (FWER),20261157,0,0,-1
Final persistent weighted e-BH,20261158,0,0,-1
Proposal e-alpha-spending (FWER),20261158,0,0,-1
Final persistent weighted e-BH,20261159,0,0,-1
Proposal e-alpha-spending (FWER),20261159,0,0,-1
Final persistent weighted e-BH,20261160,0,0,-1
Proposal e-alpha-spending (FWER),20261160,0,0,-1
Final persistent weighted e-BH,20261161,0,0,-1
Proposal e-alpha-spending (FWER),20261161,0,0,-1
Final persistent weighted e-BH,20261162,0,0,-1
Proposal e-alpha-spending (FWER),20261162,0,0,-1
Final persistent weighted e-BH,20261163,0,0,-1
Proposal e-alpha-spending (FWER),20261163,0,0,-1
Final persistent weighted e-BH,20261164,0,0,-1
Proposal e-alpha-spending (FWER),20261164,0,0,-1
Final persistent weighted e-BH,20261165,0,0,-1
Proposal e-alpha-spending (FWER),20261165,0,0,-1
Final persistent weighted e-BH,20261166,0,0,-1
Proposal e-alpha-spending (FWER),20261166,0,0,-1
Final persistent weighted e-BH,20261167,0,0,-1
Proposal e-alpha-spending (FWER),20261167,0,0,-1
Final persistent weighted e-BH,20261168,0,0,-1
Proposal e-alpha-spending (FWER),20261168,0,0,-1
Final persistent weighted e-BH,20261169,0,0,-1
Proposal e-alpha-spending (FWER),20261169,0,0,-1
Final persistent weighted e-BH,20261170,0,0,-1
Proposal e-alpha-spending (FWER),20261170,0,0,-1
Final persistent weighted e-BH,20261171,0,0,-1
Proposal e-alpha-spending (FWER),20261171,0,0,-1
Final persistent weighted e-BH,20261172,0,0,-1
Proposal e-alpha-spending (FWER),20261172,0,0,-1
Final persistent weighted e-BH,20261173,0,0,-1
Proposal e-alpha-spending (FWER),20261173,0,0,-1
Final persistent weighted e-BH,20261174,0,0,-1
Proposal e-alpha-spending (FWER),20261174,0,0,-1
Final persistent weighted e-BH,20261175,0,0,-1
Proposal e-alpha-spending (FWER),20261175,0,0,-1
Final persistent weighted e-BH,20261176,0,0,-1
Proposal e-alpha-spending (FWER),20261176,0,0,-1
Final persistent weighted e-BH,20261177,0,0,-1
Proposal e-alpha-spending (FWER),20261177,0,0,-1
Final persistent weighted e-BH,20261178,0,0,-1
Proposal e-alpha-spending (FWER),20261178,0,0,-1
Final persistent weighted e-BH,20261179,0,0,-1
Proposal e-alpha-spending (FWER),20261179,0,0,-1
Final persistent weighted e-BH,20261180,0,0,-1
Proposal e-alpha-spending (FWER),20261180,0,0,-1
Final persistent weighted e-BH,20261181,0,0,-1
Proposal e-alpha-spending (FWER),20261181,0,0,-1
Final persistent weighted e-BH,20261182,0,0,-1
Proposal e-alpha-spending (FWER),20261182,0,0,-1
Final persistent weighted e-BH,20261183,0,0,-1
Proposal e-alpha-spending (FWER),20261183,0,0,-1
Final persistent weighted e-BH,20261184,1,1,484
Proposal e-alpha-spending (FWER),20261184,1,1,484
Final persistent weighted e-BH,20261185,0,0,-1
Proposal e-alpha-spending (FWER),20261185,0,0,-1
Final persistent weighted e-BH,20261186,0,0,-1
Proposal e-alpha-spending (FWER),20261186,0,0,-1
Final persistent weighted e-BH,20261187,0,0,-1
Proposal e-alpha-spending (FWER),20261187,0,0,-1
Final persistent weighted e-BH,20261188,0,0,-1
Proposal e-alpha-spending (FWER),20261188,0,0,-1
Final persistent weighted e-BH,20261189,0,0,-1
Proposal e-alpha-spending (FWER),20261189,0,0,-1
Final persistent weighted e-BH,20261190,0,0,-1
Proposal e-alpha-spending (FWER),20261190,0,0,-1
Final persistent weighted e-BH,20261191,0,0,-1
Proposal e-alpha-spending (FWER),20261191,0,0,-1
Final persistent weighted e-BH,20261192,0,0,-1
Proposal e-alpha-spending (FWER),20261192,0,0,-1
Final persistent weighted e-BH,20261193,0,0,-1
Proposal e-alpha-spending (FWER),20261193,0,0,-1
Final persistent weighted e-BH,20261194,0,0,-1
Proposal e-alpha-spending (FWER),20261194,0,0,-1
Final persistent weighted e-BH,20261195,0,0,-1
Proposal e-alpha-spending (FWER),20261195,0,0,-1
Final persistent weighted e-BH,20261196,0,0,-1
Proposal e-alpha-spending (FWER),20261196,0,0,-1
Final persistent weighted e-BH,20261197,0,0,-1
Proposal e-alpha-spending (FWER),20261197,0,0,-1
Final persistent weighted e-BH,20261198,0,0,-1
Proposal e-alpha-spending (FWER),20261198,0,0,-1
Final persistent weighted e-BH,20261199,0,0,-1
Proposal e-alpha-spending (FWER),20261199,0,0,-1
Final persistent weighted e-BH,20261200,0,0,-1
Proposal e-alpha-spending (FWER),20261200,0,0,-1
Final persistent weighted e-BH,20261201,0,0,-1
Proposal e-alpha-spending (FWER),20261201,0,0,-1
Final persistent weighted e-BH,20261202,0,0,-1
Proposal e-alpha-spending (FWER),20261202,0,0,-1
Final persistent weighted e-BH,20261203,0,0,-1
Proposal e-alpha-spending (FWER),20261203,0,0,-1
Final persistent weighted e-BH,20261204,0,0,-1
Proposal e-alpha-spending (FWER),20261204,0,0,-1
Final persistent weighted e-BH,20261205,0,0,-1
Proposal e-alpha-spending (FWER),20261205,0,0,-1
Final persistent weighted e-BH,20261206,0,0,-1
Proposal e-alpha-spending (FWER),20261206,0,0,-1
Final persistent weighted e-BH,20261207,0,0,-1
Proposal e-alpha-spending (FWER),20261207,0,0,-1
Final persistent weighted e-BH,20261208,0,0,-1
Proposal e-alpha-spending (FWER),20261208,0,0,-1
Final persistent weighted e-BH,20261209,0,0,-1
Proposal e-alpha-spending (FWER),20261209,0,0,-1
Final persistent weighted e-BH,20261210,0,0,-1
Proposal e-alpha-spending (FWER),20261210,0,0,-1
Final persistent weighted e-BH,20261211,0,0,-1
Proposal e-alpha-spending (FWER),20261211,0,0,-1
Final persistent weighted e-BH,20261212,0,0,-1
Proposal e-alpha-spending (FWER),20261212,0,0,-1
Final persistent weighted e-BH,20261213,0,0,-1
Proposal e-alpha-spending (FWER),20261213,0,0,-1
Final persistent weighted e-BH,20261214,1,1,737
Proposal e-alpha-spending (FWER),20261214,1,1,737
Final persistent weighted e-BH,20261215,0,0,-1
Proposal e-alpha-spending (FWER),20261215,0,0,-1
Final persistent weighted e-BH,20261216,0,0,-1
Proposal e-alpha-spending (FWER),20261216,0,0,-1
Final persistent weighted e-BH,20261217,0,0,-1
Proposal e-alpha-spending (FWER),20261217,0,0,-1
Final persistent weighted e-BH,20261218,0,0,-1
Proposal e-alpha-spending (FWER),20261218,0,0,-1
Final persistent weighted e-BH,20261219,0,0,-1
Proposal e-alpha-spending (FWER),20261219,0,0,-1
Final persistent weighted e-BH,20261220,0,0,-1
Proposal e-alpha-spending (FWER),20261220,0,0,-1
Final persistent weighted e-BH,20261221,0,0,-1
Proposal e-alpha-spending (FWER),20261221,0,0,-1
Final persistent weighted e-BH,20261222,0,0,-1
Proposal e-alpha-spending (FWER),20261222,0,0,-1
Final persistent weighted e-BH,20261223,0,0,-1
Proposal e-alpha-spending (FWER),20261223,0,0,-1
Final persistent weighted e-BH,20261224,0,0,-1
Proposal e-alpha-spending (FWER),20261224,0,0,-1
Final persistent weighted e-BH,20261225,0,0,-1
Proposal e-alpha-spending (FWER),20261225,0,0,-1
Final persistent weighted e-BH,20261226,0,0,-1
Proposal e-alpha-spending (FWER),20261226,0,0,-1
Final persistent weighted e-BH,20261227,0,0,-1
Proposal e-alpha-spending (FWER),20261227,0,0,-1
Final persistent weighted e-BH,20261228,0,0,-1
Proposal e-alpha-spending (FWER),20261228,0,0,-1
Final persistent weighted e-BH,20261229,0,0,-1
Proposal e-alpha-spending (FWER),20261229,0,0,-1
