design,annual_sharpe,correlation,seed,fdp,end_to_end_power,conditional_power,proposal_recall,discoveries,delay,terminal_fdp,terminal_end_to_end_power
telescoping-fixed,1.0,0.5,41000000,0.0,0.0,0.0,1.0,0,,0.0,0.0
telescoping-hedged,1.0,0.5,41000000,0.0,0.0,0.0,1.0,0,,0.0,0.0
campaign-fixed,1.0,0.5,41000000,0.0,0.0,0.0,1.0,0,,0.0,0.0
campaign-hedged,1.0,0.5,41000000,0.0,0.0,0.0,1.0,0,,0.0,0.0
telescoping-fixed,1.0,0.5,41000001,0.0,0.0625,0.0625,1.0,1,1236.0,0.0,0.0
telescoping-hedged,1.0,0.5,41000001,0.0,0.0,0.0,1.0,0,,0.0,0.0
campaign-fixed,1.0,0.5,41000001,0.0,0.0,0.0,1.0,0,,0.0,0.0
campaign-hedged,1.0,0.5,41000001,0.0,0.0,0.0,1.0,0,,0.0,0.0
telescoping-fixed,1.0,0.5,41000002,0.0,0.4375,0.4666666666666667,0.9375,7,775.2857142857143,0.0,0.25
telescoping-hedged,1.0,0.5,41000002,0.0,0.3125,0.3333333333333333,0.9375,5,884.0,0.0,0.25
campaign-fixed,1.0,0.5,41000002,0.0,0.5,0.5333333333333333,0.9375,8,758.5,0.0,0.25
campaign-hedged,1.0,0.5,41000002,0.0,0.3125,0.3333333333333333,0.9375,5,838.0,0.0,0.1875
telescoping-fixed,1.0,0.5,41000003,0.0,0.0,0.0,1.0,0,,0.0,0.0
telescoping-hedged,1.0,0.5,41000003,0.0,0.0,0.0,1.0,0,,0.0,0.0
campaign-fixed,1.0,0.5,41000003,0.0,0.0,0.0,1.0,0,,0.0,0.0
campaign-hedged,1.0,0.5,41000003,0.0,0.0,0.0,1.0,0,,0.0,0.0
telescoping-fixed,1.0,0.5,41000004,0.0,0.0625,0.0625,1.0,1,1016.0,0.0,0.0625
telescoping-hedged,1.0,0.5,41000004,0.0,0.0625,0.0625,1.0,1,1116.0,0.0,0.0625
campaign-fixed,1.0,0.5,41000004,0.0,0.0625,0.0625,1.0,1,1101.0,0.0,0.0625
campaign-hedged,1.0,0.5,41000004,0.0,0.0625,0.0625,1.0,1,1181.0,0.0,0.0625
telescoping-fixed,1.0,0.5,41000005,0.0,0.4375,0.4375,1.0,7,1035.2857142857142,0.0,0.375
telescoping-hedged,1.0,0.5,41000005,0.0,0.1875,0.1875,1.0,3,1047.6666666666667,0.0,0.1875
campaign-fixed,1.0,0.5,41000005,0.0,0.4375,0.4375,1.0,7,1088.857142857143,0.0,0.4375
campaign-hedged,1.0,0.5,41000005,0.0,0.3125,0.3125,1.0,5,1121.0,0.0,0.25
telescoping-fixed,1.0,0.5,41000006,0.0625,0.9375,0.9375,1.0,16,686.3333333333334,0.0,0.9375
telescoping-hedged,1.0,0.5,41000006,0.06666666666666667,0.875,0.875,1.0,15,740.6428571428571,0.0,0.875
campaign-fixed,1.0,0.5,41000006,0.23809523809523808,1.0,1.0,1.0,21,584.75,0.1111111111111111,1.0
campaign-hedged,1.0,0.5,41000006,0.11764705882352941,0.9375,0.9375,1.0,17,726.0,0.0625,0.9375
telescoping-fixed,1.0,0.5,41000007,0.0,0.375,0.375,1.0,6,1079.3333333333333,0.0,0.1875
telescoping-hedged,1.0,0.5,41000007,0.0,0.1875,0.1875,1.0,3,934.3333333333334,0.0,0.1875
campaign-fixed,1.0,0.5,41000007,0.0,0.1875,0.1875,1.0,3,951.0,0.0,0.1875
campaign-hedged,1.0,0.5,41000007,0.0,0.1875,0.1875,1.0,3,1092.6666666666667,0.0,0.1875
telescoping-fixed,1.0,0.5,41000008,0.0,0.0,0.0,1.0,0,,0.0,0.0
telescoping-hedged,1.0,0.5,41000008,0.0,0.0,0.0,1.0,0,,0.0,0.0
campaign-fixed,1.0,0.5,41000008,0.0,0.0,0.0,1.0,0,,0.0,0.0
campaign-hedged,1.0,0.5,41000008,0.0,0.0,0.0,1.0,0,,0.0,0.0
telescoping-fixed,1.0,0.5,41000009,0.0,0.5,0.5,1.0,8,466.625,0.0,0.3125
telescoping-hedged,1.0,0.5,41000009,0.0,0.375,0.375,1.0,6,522.6666666666666,0.0,0.1875
campaign-fixed,1.0,0.5,41000009,0.0,0.5625,0.5625,1.0,9,454.3333333333333,0.0,0.375
campaign-hedged,1.0,0.5,41000009,0.0,0.4375,0.4375,1.0,7,517.4285714285714,0.0,0.375
telescoping-fixed,1.0,0.5,41000010,0.0,0.0,0.0,0.9375,0,,0.0,0.0
telescoping-hedged,1.0,0.5,41000010,0.0,0.0,0.0,0.9375,0,,0.0,0.0
campaign-fixed,1.0,0.5,41000010,0.0,0.0,0.0,0.9375,0,,0.0,0.0
campaign-hedged,1.0,0.5,41000010,0.0,0.0,0.0,0.9375,0,,0.0,0.0
telescoping-fixed,1.0,0.5,41000011,0.0,0.0625,0.0625,1.0,1,1016.0,0.0,0.0625
telescoping-hedged,1.0,0.5,41000011,0.0,0.0625,0.0625,1.0,1,1121.0,0.0,0.0
campaign-fixed,1.0,0.5,41000011,0.0,0.0625,0.0625,1.0,1,1051.0,0.0,0.0625
campaign-hedged,1.0,0.5,41000011,0.0,0.0625,0.0625,1.0,1,1156.0,0.0,0.0
telescoping-fixed,1.0,0.5,41000012,0.0,0.0,0.0,0.9375,0,,0.0,0.0
telescoping-hedged,1.0,0.5,41000012,0.0,0.0,0.0,0.9375,0,,0.0,0.0
campaign-fixed,1.0,0.5,41000012,0.0,0.0,0.0,0.9375,0,,0.0,0.0
campaign-hedged,1.0,0.5,41000012,0.0,0.0,0.0,0.9375,0,,0.0,0.0
telescoping-fixed,1.0,0.5,41000013,0.0,0.0625,0.0625,1.0,1,1111.0,0.0,0.0625
telescoping-hedged,1.0,0.5,41000013,0.0,0.0625,0.0625,1.0,1,1211.0,0.0,0.0625
campaign-fixed,1.0,0.5,41000013,0.0,0.0625,0.0625,1.0,1,1171.0,0.0,0.0625
campaign-hedged,1.0,0.5,41000013,0.0,0.0,0.0,1.0,0,,0.0,0.0
telescoping-fixed,1.0,0.5,41000014,0.0,0.125,0.125,1.0,2,458.5,0.0,0.0625
telescoping-hedged,1.0,0.5,41000014,0.0,0.0625,0.0625,1.0,1,366.0,0.0,0.0625
campaign-fixed,1.0,0.5,41000014,0.0,0.125,0.125,1.0,2,466.0,0.0,0.0625
campaign-hedged,1.0,0.5,41000014,0.0,0.0625,0.0625,1.0,1,621.0,0.0,0.0625
telescoping-fixed,1.0,0.5,41000015,0.0,0.375,0.375,1.0,6,984.3333333333334,0.0,0.25
telescoping-hedged,1.0,0.5,41000015,0.0,0.0625,0.0625,1.0,1,1231.0,0.0,0.0625
campaign-fixed,1.0,0.5,41000015,0.0,0.25,0.25,1.0,4,1159.75,0.0,0.25
campaign-hedged,1.0,0.5,41000015,0.0,0.0,0.0,1.0,0,,0.0,0.0
telescoping-fixed,1.0,0.5,41000016,0.0,0.5625,0.5625,1.0,9,842.6666666666666,0.0,0.125
telescoping-hedged,1.0,0.5,41000016,0.0,0.25,0.25,1.0,4,844.75,0.0,0.0625
campaign-fixed,1.0,0.5,41000016,0.0,0.5625,0.5625,1.0,9,837.6666666666666,0.0,0.0625
campaign-hedged,1.0,0.5,41000016,0.0,0.1875,0.1875,1.0,3,917.6666666666666,0.0,0.0625
telescoping-fixed,1.0,0.5,41000017,0.0,0.8125,0.8125,1.0,13,530.2307692307693,0.0,0.3125
telescoping-hedged,1.0,0.5,41000017,0.0,0.375,0.375,1.0,6,657.6666666666666,0.0,0.25
campaign-fixed,1.0,0.5,41000017,0.0,0.8125,0.8125,1.0,13,489.84615384615387,0.0,0.5
campaign-hedged,1.0,0.5,41000017,0.0,0.5625,0.5625,1.0,9,909.8888888888889,0.0,0.3125
telescoping-fixed,1.0,0.5,41000018,0.0,0.0,0.0,1.0,0,,0.0,0.0
telescoping-hedged,1.0,0.5,41000018,0.0,0.0,0.0,1.0,0,,0.0,0.0
campaign-fixed,1.0,0.5,41000018,0.0,0.0,0.0,1.0,0,,0.0,0.0
campaign-hedged,1.0,0.5,41000018,0.0,0.0,0.0,1.0,0,,0.0,0.0
telescoping-fixed,1.0,0.5,41000019,0.0,0.375,0.375,1.0,6,682.6666666666666,0.0,0.375
telescoping-hedged,1.0,0.5,41000019,0.0,0.4375,0.4375,1.0,7,740.2857142857143,0.0,0.3125
campaign-fixed,1.0,0.5,41000019,0.0,0.4375,0.4375,1.0,7,732.4285714285714,0.0,0.4375
campaign-hedged,1.0,0.5,41000019,0.0,0.4375,0.4375,1.0,7,738.8571428571429,0.0,0.375
telescoping-fixed,1.0,0.5,41000020,0.0,0.1875,0.1875,1.0,3,439.3333333333333,0.0,0.125
telescoping-hedged,1.0,0.5,41000020,0.0,0.1875,0.1875,1.0,3,737.6666666666666,0.0,0.1875
campaign-fixed,1.0,0.5,41000020,0.0,0.125,0.125,1.0,2,423.5,0.0,0.125
campaign-hedged,1.0,0.5,41000020,0.0,0.125,0.125,1.0,2,581.0,0.0,0.125
telescoping-fixed,1.0,0.5,41000021,0.0,0.0,0.0,1.0,0,,0.0,0.0
telescoping-hedged,1.0,0.5,41000021,0.0,0.0625,0.0625,1.0,1,1259.0,0.0,0.0625
campaign-fixed,1.0,0.5,41000021,0.0,0.0,0.0,1.0,0,,0.0,0.0
campaign-hedged,1.0,0.5,41000021,0.0,0.0,0.0,1.0,0,,0.0,0.0
telescoping-fixed,1.0,0.5,41000022,0.0,0.125,0.125,1.0,2,623.5,0.0,0.0625
telescoping-hedged,1.0,0.5,41000022,0.0,0.125,0.125,1.0,2,668.5,0.0,0.0625
campaign-fixed,1.0,0.5,41000022,0.0,0.125,0.125,1.0,2,698.5,0.0,0.0625
campaign-hedged,1.0,0.5,41000022,0.0,0.0625,0.0625,1.0,1,686.0,0.0,0.0
telescoping-fixed,1.0,0.5,41000023,0.0,0.0,0.0,1.0,0,,0.0,0.0
telescoping-hedged,1.0,0.5,41000023,0.0,0.0,0.0,1.0,0,,0.0,0.0
campaign-fixed,1.0,0.5,41000023,0.0,0.0,0.0,1.0,0,,0.0,0.0
campaign-hedged,1.0,0.5,41000023,0.0,0.0,0.0,1.0,0,,0.0,0.0
telescoping-fixed,1.0,0.5,41000024,0.0,0.125,0.125,1.0,2,1141.0,0.0,0.125
telescoping-hedged,1.0,0.5,41000024,0.0,0.0625,0.0625,1.0,1,1146.0,0.0,0.0625
campaign-fixed,1.0,0.5,41000024,0.0,0.25,0.25,1.0,4,1124.75,0.0,0.125
campaign-hedged,1.0,0.5,41000024,0.0,0.0,0.0,1.0,0,,0.0,0.0
telescoping-fixed,1.0,0.5,41000025,0.0,0.5625,0.5625,1.0,9,948.2222222222222,0.0,0.4375
telescoping-hedged,1.0,0.5,41000025,0.0,0.4375,0.4375,1.0,7,1009.5714285714286,0.0,0.4375
campaign-fixed,1.0,0.5,41000025,0.0,0.8125,0.8125,1.0,13,907.1538461538462,0.0,0.6875
campaign-hedged,1.0,0.5,41000025,0.0,0.4375,0.4375,1.0,7,991.0,0.0,0.4375
telescoping-fixed,1.0,0.5,41000026,0.0,0.1875,0.1875,1.0,3,1026.0,0.0,0.1875
telescoping-hedged,1.0,0.5,41000026,0.0,0.125,0.125,1.0,2,1058.5,0.0,0.125
campaign-fixed,1.0,0.5,41000026,0.0,0.1875,0.1875,1.0,3,1041.0,0.0,0.1875
campaign-hedged,1.0,0.5,41000026,0.0,0.125,0.125,1.0,2,1218.5,0.0,0.0
telescoping-fixed,1.0,0.5,41000027,0.0,0.25,0.25,1.0,4,971.0,0.0,0.1875
telescoping-hedged,1.0,0.5,41000027,0.0,0.25,0.25,1.0,4,1054.75,0.0,0.125
campaign-fixed,1.0,0.5,41000027,0.0,0.25,0.25,1.0,4,992.25,0.0,0.0625
campaign-hedged,1.0,0.5,41000027,0.0,0.1875,0.1875,1.0,3,1107.6666666666667,0.0,0.0625
telescoping-fixed,1.0,0.5,41000028,0.0,0.4375,0.4375,1.0,7,816.0,0.0,0.4375
telescoping-hedged,1.0,0.5,41000028,0.0,0.3125,0.3125,1.0,5,793.0,0.0,0.3125
campaign-fixed,1.0,0.5,41000028,0.0,0.5,0.5,1.0,8,846.0,0.0,0.4375
campaign-hedged,1.0,0.5,41000028,0.0,0.375,0.375,1.0,6,853.5,0.0,0.3125
telescoping-fixed,1.0,0.5,41000029,0.0,0.1875,0.1875,1.0,3,1201.0,0.0,0.125
telescoping-hedged,1.0,0.5,41000029,0.0,0.1875,0.1875,1.0,3,1201.0,0.0,0.0625
campaign-fixed,1.0,0.5,41000029,0.0,0.0,0.0,1.0,0,,0.0,0.0
campaign-hedged,1.0,0.5,41000029,0.0,0.0,0.0,1.0,0,,0.0,0.0
telescoping-fixed,1.0,0.5,41000030,0.3333333333333333,0.125,0.125,1.0,3,671.0,0.3333333333333333,0.125
telescoping-hedged,1.0,0.5,41000030,0.0,0.125,0.125,1.0,2,743.5,0.0,0.125
campaign-fixed,1.0,0.5,41000030,0.25,0.1875,0.1875,1.0,4,614.3333333333334,0.25,0.1875
campaign-hedged,1.0,0.5,41000030,0.0,0.1875,0.1875,1.0,3,689.3333333333334,0.0,0.1875
telescoping-fixed,1.0,0.5,41000031,0.0,0.0,0.0,1.0,0,,0.0,0.0
telescoping-hedged,1.0,0.5,41000031,0.0,0.0,0.0,1.0,0,,0.0,0.0
campaign-fixed,1.0,0.5,41000031,0.0,0.0,0.0,1.0,0,,0.0,0.0
campaign-hedged,1.0,0.5,41000031,0.0,0.0,0.0,1.0,0,,0.0,0.0
telescoping-fixed,1.0,0.5,41000032,0.0,0.0625,0.0625,1.0,1,776.0,0.0,0.0
telescoping-hedged,1.0,0.5,41000032,0.0,0.0,0.0,1.0,0,,0.0,0.0
campaign-fixed,1.0,0.5,41000032,0.0,0.125,0.125,1.0,2,831.0,0.0,0.0
campaign-hedged,1.0,0.5,41000032,0.0,0.0,0.0,1.0,0,,0.0,0.0
telescoping-fixed,1.0,0.5,41000033,0.07142857142857142,0.8125,0.8125,1.0,14,625.6153846153846,0.0,0.8125
telescoping-hedged,1.0,0.5,41000033,0.07142857142857142,0.8125,0.8125,1.0,14,750.2307692307693,0.0,0.8125
campaign-fixed,1.0,0.5,41000033,0.4074074074074074,1.0,1.0,1.0,27,632.25,0.3333333333333333,1.0
campaign-hedged,1.0,0.5,41000033,0.15789473684210525,1.0,1.0,1.0,19,708.8125,0.16666666666666666,0.9375
telescoping-fixed,1.0,0.5,41000034,0.0,0.0625,0.0625,1.0,1,1071.0,0.0,0.0
telescoping-hedged,1.0,0.5,41000034,0.0,0.0,0.0,1.0,0,,0.0,0.0
campaign-fixed,1.0,0.5,41000034,0.0,0.0,0.0,1.0,0,,0.0,0.0
campaign-hedged,1.0,0.5,41000034,0.0,0.0,0.0,1.0,0,,0.0,0.0
telescoping-fixed,1.0,0.5,41000035,0.0,0.625,0.625,1.0,10,709.5,0.0,0.5
telescoping-hedged,1.0,0.5,41000035,0.0,0.4375,0.4375,1.0,7,743.8571428571429,0.0,0.4375
campaign-fixed,1.0,0.5,41000035,0.08333333333333333,0.6875,0.6875,1.0,12,672.8181818181819,0.0,0.6875
campaign-hedged,1.0,0.5,41000035,0.0,0.5,0.5,1.0,8,729.75,0.0,0.4375
telescoping-fixed,1.0,0.5,41000036,0.0,0.0,0.0,1.0,0,,0.0,0.0
telescoping-hedged,1.0,0.5,41000036,0.0,0.0,0.0,1.0,0,,0.0,0.0
campaign-fixed,1.0,0.5,41000036,0.0,0.0,0.0,1.0,0,,0.0,0.0
campaign-hedged,1.0,0.5,41000036,0.0,0.0,0.0,1.0,0,,0.0,0.0
telescoping-fixed,1.0,0.5,41000037,0.0,0.0,0.0,1.0,0,,0.0,0.0
telescoping-hedged,1.0,0.5,41000037,0.0,0.0,0.0,1.0,0,,0.0,0.0
campaign-fixed,1.0,0.5,41000037,0.0,0.0,0.0,1.0,0,,0.0,0.0
campaign-hedged,1.0,0.5,41000037,0.0,0.0,0.0,1.0,0,,0.0,0.0
telescoping-fixed,1.0,0.5,41000038,0.0,0.0625,0.0625,1.0,1,606.0,0.0,0.0
telescoping-hedged,1.0,0.5,41000038,0.0,0.0625,0.0625,1.0,1,851.0,0.0,0.0
campaign-fixed,1.0,0.5,41000038,0.0,0.0625,0.0625,1.0,1,846.0,0.0,0.0
campaign-hedged,1.0,0.5,41000038,0.0,0.0,0.0,1.0,0,,0.0,0.0
telescoping-fixed,1.0,0.5,41000039,0.0,0.125,0.13333333333333333,0.9375,2,803.5,0.0,0.0625
telescoping-hedged,1.0,0.5,41000039,0.0,0.0625,0.06666666666666667,0.9375,1,946.0,0.0,0.0625
campaign-fixed,1.0,0.5,41000039,0.0,0.0625,0.06666666666666667,0.9375,1,831.0,0.0,0.0625
campaign-hedged,1.0,0.5,41000039,0.0,0.0625,0.06666666666666667,0.9375,1,991.0,0.0,0.0
telescoping-fixed,1.0,0.5,41000040,0.0,0.5,0.5,1.0,8,734.75,0.0,0.375
telescoping-hedged,1.0,0.5,41000040,0.0,0.5,0.5,1.0,8,788.5,0.0,0.4375
campaign-fixed,1.0,0.5,41000040,0.0,0.625,0.625,1.0,10,760.0,0.0,0.375
campaign-hedged,1.0,0.5,41000040,0.0,0.5,0.5,1.0,8,847.25,0.0,0.4375
telescoping-fixed,1.0,0.5,41000041,0.0,0.1875,0.1875,1.0,3,1002.6666666666666,0.0,0.1875
telescoping-hedged,1.0,0.5,41000041,0.0,0.125,0.125,1.0,2,1161.0,0.0,0.125
campaign-fixed,1.0,0.5,41000041,0.0,0.1875,0.1875,1.0,3,1111.0,0.0,0.1875
campaign-hedged,1.0,0.5,41000041,0.0,0.0625,0.0625,1.0,1,1251.0,0.0,0.0625
telescoping-fixed,1.0,0.5,41000042,0.0,0.3125,0.3125,1.0,5,1017.0,0.0,0.25
telescoping-hedged,1.0,0.5,41000042,0.0,0.25,0.25,1.0,4,1074.25,0.0,0.25
campaign-fixed,1.0,0.5,41000042,0.0,0.25,0.25,1.0,4,962.25,0.0,0.0625
campaign-hedged,1.0,0.5,41000042,0.0,0.25,0.25,1.0,4,989.75,0.0,0.125
telescoping-fixed,1.0,0.5,41000043,0.0,0.0,0.0,1.0,0,,0.0,0.0
telescoping-hedged,1.0,0.5,41000043,0.0,0.0,0.0,1.0,0,,0.0,0.0
campaign-fixed,1.0,0.5,41000043,0.0,0.0,0.0,1.0,0,,0.0,0.0
campaign-hedged,1.0,0.5,41000043,0.0,0.0,0.0,1.0,0,,0.0,0.0
telescoping-fixed,1.0,0.5,41000044,0.0,0.125,0.13333333333333333,0.9375,2,1116.0,0.0,0.125
telescoping-hedged,1.0,0.5,41000044,0.0,0.125,0.13333333333333333,0.9375,2,1146.0,0.0,0.125
campaign-fixed,1.0,0.5,41000044,0.0,0.125,0.13333333333333333,0.9375,2,1161.0,0.0,0.125
campaign-hedged,1.0,0.5,41000044,0.0,0.125,0.13333333333333333,0.9375,2,1173.5,0.0,0.125
telescoping-fixed,1.0,0.5,41000045,0.0,0.125,0.125,1.0,2,953.5,0.0,0.125
telescoping-hedged,1.0,0.5,41000045,0.0,0.125,0.125,1.0,2,1008.5,0.0,0.125
campaign-fixed,1.0,0.5,41000045,0.0,0.125,0.125,1.0,2,1048.5,0.0,0.125
campaign-hedged,1.0,0.5,41000045,0.0,0.125,0.125,1.0,2,1108.5,0.0,0.125
telescoping-fixed,1.0,0.5,41000046,0.0,0.3125,0.3125,1.0,5,573.0,0.0,0.25
telescoping-hedged,1.0,0.5,41000046,0.0,0.3125,0.3125,1.0,5,860.0,0.0,0.25
campaign-fixed,1.0,0.5,41000046,0.0,0.4375,0.4375,1.0,7,786.0,0.0,0.375
campaign-hedged,1.0,0.5,41000046,0.0,0.3125,0.3125,1.0,5,871.0,0.0,0.25
telescoping-fixed,1.0,0.5,41000047,0.0,0.0,0.0,1.0,0,,0.0,0.0
telescoping-hedged,1.0,0.5,41000047,0.0,0.0,0.0,1.0,0,,0.0,0.0
campaign-fixed,1.0,0.5,41000047,0.0,0.0,0.0,1.0,0,,0.0,0.0
campaign-hedged,1.0,0.5,41000047,0.0,0.0,0.0,1.0,0,,0.0,0.0
telescoping-fixed,1.0,0.5,41000048,0.0,0.375,0.375,1.0,6,813.5,0.0,0.0
telescoping-hedged,1.0,0.5,41000048,0.0,0.3125,0.3125,1.0,5,926.0,0.0,0.0
campaign-fixed,1.0,0.5,41000048,0.0,0.4375,0.4375,1.0,7,869.5714285714286,0.0,0.0
campaign-hedged,1.0,0.5,41000048,0.0,0.1875,0.1875,1.0,3,889.3333333333334,0.0,0.0
telescoping-fixed,1.0,0.5,41000049,0.0,0.25,0.26666666666666666,0.9375,4,898.5,0.0,0.1875
telescoping-hedged,1.0,0.5,41000049,0.0,0.1875,0.2,0.9375,3,996.0,0.0,0.1875
campaign-fixed,1.0,0.5,41000049,0.0,0.25,0.26666666666666666,0.9375,4,988.5,0.0,0.1875
campaign-hedged,1.0,0.5,41000049,0.0,0.1875,0.2,0.9375,3,1056.0,0.0,0.1875
telescoping-fixed,1.0,0.5,41000050,0.0,0.0625,0.0625,1.0,1,1151.0,0.0,0.0
telescoping-hedged,1.0,0.5,41000050,0.0,0.0,0.0,1.0,0,,0.0,0.0
campaign-fixed,1.0,0.5,41000050,0.0,0.0,0.0,1.0,0,,0.0,0.0
campaign-hedged,1.0,0.5,41000050,0.0,0.0,0.0,1.0,0,,0.0,0.0
telescoping-fixed,1.0,0.5,41000051,0.0,0.875,0.875,1.0,14,686.3571428571429,0.0,0.4375
telescoping-hedged,1.0,0.5,41000051,0.0,0.5625,0.5625,1.0,9,756.0,0.0,0.3125
campaign-fixed,1.0,0.5,41000051,0.0,0.8125,0.8125,1.0,13,675.6153846153846,0.0,0.5625
campaign-hedged,1.0,0.5,41000051,0.0,0.8125,0.8125,1.0,13,756.7692307692307,0.0,0.4375
telescoping-fixed,1.0,0.5,41000052,0.0,0.0,0.0,1.0,0,,0.0,0.0
telescoping-hedged,1.0,0.5,41000052,0.0,0.0,0.0,1.0,0,,0.0,0.0
campaign-fixed,1.0,0.5,41000052,0.0,0.0,0.0,1.0,0,,0.0,0.0
campaign-hedged,1.0,0.5,41000052,0.0,0.0,0.0,1.0,0,,0.0,0.0
telescoping-fixed,1.0,0.5,41000053,0.0,0.0625,0.0625,1.0,1,706.0,0.0,0.0
telescoping-hedged,1.0,0.5,41000053,0.0,0.0,0.0,1.0,0,,0.0,0.0
campaign-fixed,1.0,0.5,41000053,0.0,0.0,0.0,1.0,0,,0.0,0.0
campaign-hedged,1.0,0.5,41000053,0.0,0.0,0.0,1.0,0,,0.0,0.0
telescoping-fixed,1.0,0.5,41000054,0.0,0.3125,0.3125,1.0,5,499.0,0.0,0.125
telescoping-hedged,1.0,0.5,41000054,0.0,0.125,0.125,1.0,2,586.0,0.0,0.125
campaign-fixed,1.0,0.5,41000054,0.0,0.1875,0.1875,1.0,3,616.0,0.0,0.0
campaign-hedged,1.0,0.5,41000054,0.0,0.125,0.125,1.0,2,611.0,0.0,0.0
telescoping-fixed,1.0,0.5,41000055,0.0,0.0,0.0,1.0,0,,0.0,0.0
telescoping-hedged,1.0,0.5,41000055,0.0,0.0,0.0,1.0,0,,0.0,0.0
campaign-fixed,1.0,0.5,41000055,0.0,0.0,0.0,1.0,0,,0.0,0.0
campaign-hedged,1.0,0.5,41000055,0.0,0.0,0.0,1.0,0,,0.0,0.0
telescoping-fixed,1.0,0.5,41000056,0.0,0.4375,0.4375,1.0,7,489.57142857142856,0.0,0.3125
telescoping-hedged,1.0,0.5,41000056,0.0,0.4375,0.4375,1.0,7,595.2857142857143,0.0,0.25
campaign-fixed,1.0,0.5,41000056,0.0,0.5625,0.5625,1.0,9,582.6666666666666,0.0,0.3125
campaign-hedged,1.0,0.5,41000056,0.0,0.4375,0.4375,1.0,7,663.1428571428571,0.0,0.25
telescoping-fixed,1.0,0.5,41000057,0.0,0.0625,0.0625,1.0,1,1161.0,0.0,0.0625
telescoping-hedged,1.0,0.5,41000057,0.0,0.125,0.125,1.0,2,1203.5,0.0,0.125
campaign-fixed,1.0,0.5,41000057,0.0,0.0625,0.0625,1.0,1,1161.0,0.0,0.0625
campaign-hedged,1.0,0.5,41000057,0.0,0.0,0.0,1.0,0,,0.0,0.0
telescoping-fixed,1.0,0.5,41000058,0.0,0.125,0.125,1.0,2,168.5,0.0,0.125
telescoping-hedged,1.0,0.5,41000058,0.0,0.125,0.125,1.0,2,258.5,0.0,0.125
campaign-fixed,1.0,0.5,41000058,0.0,0.125,0.125,1.0,2,258.5,0.0,0.0
campaign-hedged,1.0,0.5,41000058,0.0,0.125,0.125,1.0,2,781.0,0.0,0.0
telescoping-fixed,1.0,0.5,41000059,0.0,0.3125,0.3125,1.0,5,1147.0,0.0,0.0625
telescoping-hedged,1.0,0.5,41000059,0.0,0.1875,0.1875,1.0,3,1124.3333333333333,0.0,0.125
campaign-fixed,1.0,0.5,41000059,0.0,0.125,0.125,1.0,2,1116.0,0.0,0.0625
campaign-hedged,1.0,0.5,41000059,0.0,0.125,0.125,1.0,2,1161.0,0.0,0.0625
telescoping-fixed,1.0,0.5,41000060,0.0,0.0,0.0,1.0,0,,0.0,0.0
telescoping-hedged,1.0,0.5,41000060,0.0,0.0,0.0,1.0,0,,0.0,0.0
campaign-fixed,1.0,0.5,41000060,0.0,0.0,0.0,1.0,0,,0.0,0.0
campaign-hedged,1.0,0.5,41000060,0.0,0.0,0.0,1.0,0,,0.0,0.0
telescoping-fixed,1.0,0.5,41000061,0.0,0.125,0.125,1.0,2,1203.5,0.0,0.0625
telescoping-hedged,1.0,0.5,41000061,0.0,0.125,0.125,1.0,2,1213.5,0.0,0.0625
campaign-fixed,1.0,0.5,41000061,0.0,0.0625,0.0625,1.0,1,1226.0,0.0,0.0
campaign-hedged,1.0,0.5,41000061,0.0,0.0,0.0,1.0,0,,0.0,0.0
telescoping-fixed,1.0,0.5,41000062,0.0,0.125,0.125,1.0,2,761.0,0.0,0.125
telescoping-hedged,1.0,0.5,41000062,0.0,0.125,0.125,1.0,2,1111.0,0.0,0.125
campaign-fixed,1.0,0.5,41000062,0.0,0.125,0.125,1.0,2,1116.0,0.0,0.0625
campaign-hedged,1.0,0.5,41000062,0.0,0.0,0.0,1.0,0,,0.0,0.0
telescoping-fixed,1.0,0.5,41000063,0.0,0.5,0.5,1.0,8,844.75,0.0,0.3125
telescoping-hedged,1.0,0.5,41000063,0.0,0.25,0.25,1.0,4,774.75,0.0,0.25
campaign-fixed,1.0,0.5,41000063,0.0,0.6875,0.6875,1.0,11,813.2727272727273,0.0,0.625
campaign-hedged,1.0,0.5,41000063,0.0,0.4375,0.4375,1.0,7,851.0,0.0,0.25
telescoping-fixed,1.0,0.5,41000064,0.0,0.0625,0.0625,1.0,1,131.0,0.0,0.0
telescoping-hedged,1.0,0.5,41000064,0.0,0.0625,0.0625,1.0,1,206.0,0.0,0.0
campaign-fixed,1.0,0.5,41000064,0.0,0.0625,0.0625,1.0,1,201.0,0.0,0.0
campaign-hedged,1.0,0.5,41000064,0.0,0.0,0.0,1.0,0,,0.0,0.0
telescoping-fixed,1.0,0.5,41000065,0.0,0.25,0.25,1.0,4,611.0,0.0,0.0625
telescoping-hedged,1.0,0.5,41000065,0.0,0.0625,0.0625,1.0,1,1001.0,0.0,0.0625
campaign-fixed,1.0,0.5,41000065,0.0,0.1875,0.1875,1.0,3,721.0,0.0,0.0625
campaign-hedged,1.0,0.5,41000065,0.0,0.0625,0.0625,1.0,1,1016.0,0.0,0.0
telescoping-fixed,1.0,0.5,41000066,0.0,0.3125,0.3125,1.0,5,1071.0,0.0,0.25
telescoping-hedged,1.0,0.5,41000066,0.0,0.125,0.125,1.0,2,1106.0,0.0,0.125
campaign-fixed,1.0,0.5,41000066,0.0,0.25,0.25,1.0,4,1131.0,0.0,0.25
campaign-hedged,1.0,0.5,41000066,0.0,0.125,0.125,1.0,2,1196.0,0.0,0.0
telescoping-fixed,1.0,0.5,41000067,0.0,0.25,0.25,1.0,4,758.5,0.0,0.1875
telescoping-hedged,1.0,0.5,41000067,0.0,0.1875,0.1875,1.0,3,852.6666666666666,0.0,0.1875
campaign-fixed,1.0,0.5,41000067,0.0,0.1875,0.1875,1.0,3,831.0,0.0,0.1875
campaign-hedged,1.0,0.5,41000067,0.0,0.1875,0.1875,1.0,3,1114.3333333333333,0.0,0.1875
telescoping-fixed,1.0,0.5,41000068,0.0,0.0,0.0,1.0,0,,0.0,0.0
telescoping-hedged,1.0,0.5,41000068,0.0,0.0,0.0,1.0,0,,0.0,0.0
campaign-fixed,1.0,0.5,41000068,0.0,0.0,0.0,1.0,0,,0.0,0.0
campaign-hedged,1.0,0.5,41000068,0.0,0.0,0.0,1.0,0,,0.0,0.0
telescoping-fixed,1.0,0.5,41000069,0.0,0.0,0.0,1.0,0,,0.0,0.0
telescoping-hedged,1.0,0.5,41000069,0.0,0.0,0.0,1.0,0,,0.0,0.0
campaign-fixed,1.0,0.5,41000069,0.0,0.0,0.0,1.0,0,,0.0,0.0
campaign-hedged,1.0,0.5,41000069,0.0,0.0,0.0,1.0,0,,0.0,0.0
telescoping-fixed,1.0,0.5,41000070,0.0,0.125,0.125,1.0,2,933.5,0.0,0.0625
telescoping-hedged,1.0,0.5,41000070,0.0,0.0,0.0,1.0,0,,0.0,0.0
campaign-fixed,1.0,0.5,41000070,0.0,0.125,0.125,1.0,2,948.5,0.0,0.0625
campaign-hedged,1.0,0.5,41000070,0.0,0.0,0.0,1.0,0,,0.0,0.0
telescoping-fixed,1.0,0.5,41000071,0.0,0.1875,0.1875,1.0,3,1119.3333333333333,0.0,0.125
telescoping-hedged,1.0,0.5,41000071,0.0,0.125,0.125,1.0,2,1196.0,0.0,0.0
campaign-fixed,1.0,0.5,41000071,0.0,0.125,0.125,1.0,2,1151.0,0.0,0.125
campaign-hedged,1.0,0.5,41000071,0.0,0.0,0.0,1.0,0,,0.0,0.0
telescoping-fixed,1.0,0.5,41000072,0.0,0.0,0.0,1.0,0,,0.0,0.0
telescoping-hedged,1.0,0.5,41000072,0.0,0.0,0.0,1.0,0,,0.0,0.0
campaign-fixed,1.0,0.5,41000072,0.0,0.0,0.0,1.0,0,,0.0,0.0
campaign-hedged,1.0,0.5,41000072,0.0,0.0,0.0,1.0,0,,0.0,0.0
telescoping-fixed,1.0,0.5,41000073,0.0,0.0,0.0,1.0,0,,0.0,0.0
telescoping-hedged,1.0,0.5,41000073,0.0,0.0,0.0,1.0,0,,0.0,0.0
campaign-fixed,1.0,0.5,41000073,0.0,0.0,0.0,1.0,0,,0.0,0.0
campaign-hedged,1.0,0.5,41000073,0.0,0.0,0.0,1.0,0,,0.0,0.0
telescoping-fixed,1.0,0.5,41000074,0.0,0.0625,0.0625,1.0,1,766.0,0.0,0.0
telescoping-hedged,1.0,0.5,41000074,0.0,0.0,0.0,1.0,0,,0.0,0.0
campaign-fixed,1.0,0.5,41000074,0.0,0.0,0.0,1.0,0,,0.0,0.0
campaign-hedged,1.0,0.5,41000074,0.0,0.0,0.0,1.0,0,,0.0,0.0
telescoping-fixed,1.0,0.5,41000075,0.0,0.4375,0.4375,1.0,7,722.4285714285714,0.0,0.375
telescoping-hedged,1.0,0.5,41000075,0.0,0.4375,0.4375,1.0,7,986.7142857142857,0.0,0.25
campaign-fixed,1.0,0.5,41000075,0.0,0.5625,0.5625,1.0,9,908.7777777777778,0.0,0.5
campaign-hedged,1.0,0.5,41000075,0.0,0.4375,0.4375,1.0,7,970.2857142857143,0.0,0.3125
telescoping-fixed,1.0,0.5,41000076,0.0,0.0,0.0,1.0,0,,0.0,0.0
telescoping-hedged,1.0,0.5,41000076,0.0,0.0,0.0,1.0,0,,0.0,0.0
campaign-fixed,1.0,0.5,41000076,0.0,0.0,0.0,1.0,0,,0.0,0.0
campaign-hedged,1.0,0.5,41000076,0.0,0.0,0.0,1.0,0,,0.0,0.0
telescoping-fixed,1.0,0.5,41000077,0.0,0.1875,0.1875,1.0,3,606.0,0.0,0.1875
telescoping-hedged,1.0,0.5,41000077,0.0,0.25,0.25,1.0,4,864.75,0.0,0.1875
campaign-fixed,1.0,0.5,41000077,0.0,0.1875,0.1875,1.0,3,631.0,0.0,0.1875
campaign-hedged,1.0,0.5,41000077,0.0,0.1875,0.1875,1.0,3,996.0,0.0,0.1875
telescoping-fixed,1.0,0.5,41000078,0.0,0.0625,0.0625,1.0,1,1181.0,0.0,0.0625
telescoping-hedged,1.0,0.5,41000078,0.0,0.0625,0.0625,1.0,1,1181.0,0.0,0.0625
campaign-fixed,1.0,0.5,41000078,0.0,0.0625,0.0625,1.0,1,1186.0,0.0,0.0
campaign-hedged,1.0,0.5,41000078,0.0,0.0,0.0,1.0,0,,0.0,0.0
telescoping-fixed,1.0,0.5,41000079,0.0,0.4375,0.4375,1.0,7,532.4285714285714,0.0,0.1875
telescoping-hedged,1.0,0.5,41000079,0.0,0.25,0.25,1.0,4,728.5,0.0,0.125
campaign-fixed,1.0,0.5,41000079,0.0,0.4375,0.4375,1.0,7,506.0,0.0,0.25
campaign-hedged,1.0,0.5,41000079,0.0,0.1875,0.1875,1.0,3,826.0,0.0,0.125
telescoping-fixed,1.0,0.5,41000080,0.0,0.25,0.25,1.0,4,1068.5,0.0,0.0
telescoping-hedged,1.0,0.5,41000080,0.0,0.0,0.0,1.0,0,,0.0,0.0
campaign-fixed,1.0,0.5,41000080,0.0,0.375,0.375,1.0,6,1057.6666666666667,0.0,0.0
campaign-hedged,1.0,0.5,41000080,0.0,0.0,0.0,1.0,0,,0.0,0.0
telescoping-fixed,1.0,0.5,41000081,0.0,0.4375,0.4666666666666667,0.9375,7,632.4285714285714,0.0,0.1875
telescoping-hedged,1.0,0.5,41000081,0.0,0.3125,0.3333333333333333,0.9375,5,649.0,0.0,0.1875
campaign-fixed,1.0,0.5,41000081,0.0,0.5625,0.6,0.9375,9,598.2222222222222,0.0,0.1875
campaign-hedged,1.0,0.5,41000081,0.0,0.25,0.26666666666666666,0.9375,4,659.75,0.0,0.1875
telescoping-fixed,1.0,0.5,41000082,0.0,0.5,0.5,1.0,8,702.25,0.0,0.5
telescoping-hedged,1.0,0.5,41000082,0.0,0.3125,0.3125,1.0,5,622.0,0.0,0.25
campaign-fixed,1.0,0.5,41000082,0.0,0.5625,0.5625,1.0,9,748.7777777777778,0.0,0.5625
campaign-hedged,1.0,0.5,41000082,0.0,0.5625,0.5625,1.0,9,890.4444444444445,0.0,0.25
telescoping-fixed,1.0,0.5,41000083,0.0,0.1875,0.1875,1.0,3,761.0,0.0,0.0
telescoping-hedged,1.0,0.5,41000083,0.0,0.125,0.125,1.0,2,938.5,0.0,0.0
campaign-fixed,1.0,0.5,41000083,0.0,0.1875,0.1875,1.0,3,782.6666666666666,0.0,0.0
campaign-hedged,1.0,0.5,41000083,0.0,0.125,0.125,1.0,2,1076.0,0.0,0.0
telescoping-fixed,1.0,0.5,41000084,0.0,0.125,0.125,1.0,2,468.5,0.0,0.0
telescoping-hedged,1.0,0.5,41000084,0.0,0.125,0.125,1.0,2,538.5,0.0,0.0
campaign-fixed,1.0,0.5,41000084,0.0,0.125,0.125,1.0,2,538.5,0.0,0.0
campaign-hedged,1.0,0.5,41000084,0.0,0.125,0.125,1.0,2,573.5,0.0,0.0
telescoping-fixed,1.0,0.5,41000085,0.0,0.0625,0.0625,1.0,1,611.0,0.0,0.0625
telescoping-hedged,1.0,0.5,41000085,0.0,0.0625,0.0625,1.0,1,1211.0,0.0,0.0625
campaign-fixed,1.0,0.5,41000085,0.0,0.0625,0.0625,1.0,1,1256.0,0.0,0.0625
campaign-hedged,1.0,0.5,41000085,0.0,0.0,0.0,1.0,0,,0.0,0.0
telescoping-fixed,1.0,0.5,41000086,0.0,0.0,0.0,0.9375,0,,0.0,0.0
telescoping-hedged,1.0,0.5,41000086,0.0,0.0,0.0,0.9375,0,,0.0,0.0
campaign-fixed,1.0,0.5,41000086,0.0,0.0,0.0,0.9375,0,,0.0,0.0
campaign-hedged,1.0,0.5,41000086,0.0,0.0,0.0,0.9375,0,,0.0,0.0
telescoping-fixed,1.0,0.5,41000087,0.0,0.0,0.0,0.9375,0,,0.0,0.0
telescoping-hedged,1.0,0.5,41000087,0.0,0.0,0.0,0.9375,0,,0.0,0.0
campaign-fixed,1.0,0.5,41000087,0.0,0.0,0.0,0.9375,0,,0.0,0.0
campaign-hedged,1.0,0.5,41000087,0.0,0.0,0.0,0.9375,0,,0.0,0.0
telescoping-fixed,1.0,0.5,41000088,0.0,0.3125,0.3125,1.0,5,757.0,0.0,0.125
telescoping-hedged,1.0,0.5,41000088,0.0,0.3125,0.3125,1.0,5,885.0,0.0,0.25
campaign-fixed,1.0,0.5,41000088,0.0,0.25,0.25,1.0,4,562.25,0.0,0.125
campaign-hedged,1.0,0.5,41000088,0.0,0.25,0.25,1.0,4,701.0,0.0,0.1875
telescoping-fixed,1.0,0.5,41000089,0.0,0.1875,0.1875,1.0,3,989.3333333333334,0.0,0.0
telescoping-hedged,1.0,0.5,41000089,0.0,0.1875,0.1875,1.0,3,1051.0,0.0,0.0
campaign-fixed,1.0,0.5,41000089,0.0,0.1875,0.1875,1.0,3,1019.3333333333334,0.0,0.0
campaign-hedged,1.0,0.5,41000089,0.0,0.1875,0.1875,1.0,3,1116.0,0.0,0.0
telescoping-fixed,1.0,0.5,41000090,0.125,0.4375,0.4666666666666667,0.9375,8,659.5714285714286,0.0,0.4375
telescoping-hedged,1.0,0.5,41000090,0.0,0.375,0.4,0.9375,6,667.6666666666666,0.0,0.375
campaign-fixed,1.0,0.5,41000090,0.07692307692307693,0.75,0.8,0.9375,13,716.0,0.0,0.4375
campaign-hedged,1.0,0.5,41000090,0.0,0.4375,0.4666666666666667,0.9375,7,731.0,0.0,0.4375
telescoping-fixed,1.0,0.5,41000091,0.0,0.1875,0.2,0.9375,3,471.0,0.0,0.125
telescoping-hedged,1.0,0.5,41000091,0.0,0.0625,0.06666666666666667,0.9375,1,911.0,0.0,0.0625
campaign-fixed,1.0,0.5,41000091,0.0,0.25,0.26666666666666666,0.9375,4,488.5,0.0,0.0625
campaign-hedged,1.0,0.5,41000091,0.0,0.0625,0.06666666666666667,0.9375,1,1106.0,0.0,0.0625
telescoping-fixed,1.0,0.5,41000092,0.0,0.0625,0.0625,1.0,1,456.0,0.0,0.0
telescoping-hedged,1.0,0.5,41000092,0.0,0.0,0.0,1.0,0,,0.0,0.0
campaign-fixed,1.0,0.5,41000092,0.0,0.0,0.0,1.0,0,,0.0,0.0
campaign-hedged,1.0,0.5,41000092,0.0,0.0,0.0,1.0,0,,0.0,0.0
telescoping-fixed,1.0,0.5,41000093,0.0,0.0,0.0,0.9375,0,,0.0,0.0
telescoping-hedged,1.0,0.5,41000093,0.0,0.0,0.0,0.9375,0,,0.0,0.0
campaign-fixed,1.0,0.5,41000093,0.0,0.0,0.0,0.9375,0,,0.0,0.0
campaign-hedged,1.0,0.5,41000093,0.0,0.0,0.0,0.9375,0,,0.0,0.0
telescoping-fixed,1.0,0.5,41000094,0.0,0.625,0.625,1.0,10,770.5,0.0,0.5
telescoping-hedged,1.0,0.5,41000094,0.0,0.1875,0.1875,1.0,3,804.3333333333334,0.0,0.1875
campaign-fixed,1.0,0.5,41000094,0.0,0.6875,0.6875,1.0,11,706.0,0.0,0.5
campaign-hedged,1.0,0.5,41000094,0.0,0.375,0.375,1.0,6,1011.8333333333334,0.0,0.25
telescoping-fixed,1.0,0.5,41000095,0.0,0.375,0.375,1.0,6,336.8333333333333,0.0,0.1875
telescoping-hedged,1.0,0.5,41000095,0.0,0.3125,0.3125,1.0,5,453.0,0.0,0.25
campaign-fixed,1.0,0.5,41000095,0.0,0.375,0.375,1.0,6,384.3333333333333,0.0,0.1875
campaign-hedged,1.0,0.5,41000095,0.0,0.25,0.25,1.0,4,466.0,0.0,0.1875
telescoping-fixed,1.0,0.5,41000096,0.0,0.125,0.125,1.0,2,473.5,0.0,0.0625
telescoping-hedged,1.0,0.5,41000096,0.0,0.125,0.125,1.0,2,713.5,0.0,0.125
campaign-fixed,1.0,0.5,41000096,0.0,0.1875,0.1875,1.0,3,757.6666666666666,0.0,0.0625
campaign-hedged,1.0,0.5,41000096,0.0,0.125,0.125,1.0,2,868.5,0.0,0.0
telescoping-fixed,1.0,0.5,41000097,0.0,0.5625,0.5625,1.0,9,683.2222222222222,0.0,0.5625
telescoping-hedged,1.0,0.5,41000097,0.0,0.4375,0.4375,1.0,7,686.0,0.0,0.375
campaign-fixed,1.0,0.5,41000097,0.0,0.875,0.875,1.0,14,660.6428571428571,0.0,0.625
campaign-hedged,1.0,0.5,41000097,0.0,0.5625,0.5625,1.0,9,718.7777777777778,0.0,0.4375
telescoping-fixed,1.0,0.5,41000098,0.0,0.3125,0.3125,1.0,5,961.0,0.0,0.25
telescoping-hedged,1.0,0.5,41000098,0.0,0.3125,0.3125,1.0,5,976.0,0.0,0.3125
campaign-fixed,1.0,0.5,41000098,0.0,0.3125,0.3125,1.0,5,969.0,0.0,0.25
campaign-hedged,1.0,0.5,41000098,0.0,0.3125,0.3125,1.0,5,1027.0,0.0,0.3125
telescoping-fixed,1.0,0.5,41000099,0.0,0.0625,0.0625,1.0,1,1131.0,0.0,0.0
telescoping-hedged,1.0,0.5,41000099,0.0,0.0,0.0,1.0,0,,0.0,0.0
campaign-fixed,1.0,0.5,41000099,0.0,0.0625,0.0625,1.0,1,1131.0,0.0,0.0
campaign-hedged,1.0,0.5,41000099,0.0,0.0,0.0,1.0,0,,0.0,0.0
telescoping-fixed,1.5,0.5,41000100,0.0,0.75,0.75,1.0,12,441.0,0.0,0.75
telescoping-hedged,1.5,0.5,41000100,0.0,0.75,0.75,1.0,12,508.0833333333333,0.0,0.75
campaign-fixed,1.5,0.5,41000100,0.0,0.75,0.75,1.0,12,433.0833333333333,0.0,0.75
campaign-hedged,1.5,0.5,41000100,0.0,0.75,0.75,1.0,12,519.75,0.0,0.75
telescoping-fixed,1.5,0.5,41000101,0.0,0.875,0.875,1.0,14,519.5714285714286,0.0,0.875
telescoping-hedged,1.5,0.5,41000101,0.0,0.875,0.875,1.0,14,693.1428571428571,0.0,0.875
campaign-fixed,1.5,0.5,41000101,0.0,1.0,1.0,1.0,16,515.0625,0.0,0.9375
campaign-hedged,1.5,0.5,41000101,0.0,0.9375,0.9375,1.0,15,677.6666666666666,0.0,0.9375
telescoping-fixed,1.5,0.5,41000102,0.0,0.0625,0.0625,1.0,1,501.0,0.0,0.0
telescoping-hedged,1.5,0.5,41000102,0.0,0.0625,0.0625,1.0,1,511.0,0.0,0.0
campaign-fixed,1.5,0.5,41000102,0.0,0.0625,0.0625,1.0,1,511.0,0.0,0.0
campaign-hedged,1.5,0.5,41000102,0.0,0.0,0.0,1.0,0,,0.0,0.0
telescoping-fixed,1.5,0.5,41000103,0.0,0.0625,0.0625,1.0,1,741.0,0.0,0.0625
telescoping-hedged,1.5,0.5,41000103,0.0,0.0625,0.0625,1.0,1,1021.0,0.0,0.0625
campaign-fixed,1.5,0.5,41000103,0.0,0.0625,0.0625,1.0,1,741.0,0.0,0.0625
campaign-hedged,1.5,0.5,41000103,0.0,0.0625,0.0625,1.0,1,1026.0,0.0,0.0625
telescoping-fixed,1.5,0.5,41000104,0.0,0.8125,0.8125,1.0,13,555.2307692307693,0.0,0.4375
telescoping-hedged,1.5,0.5,41000104,0.0,0.625,0.625,1.0,10,573.5,0.0,0.4375
campaign-fixed,1.5,0.5,41000104,0.0,1.0,1.0,1.0,16,562.5625,0.0,0.625
campaign-hedged,1.5,0.5,41000104,0.0,0.8125,0.8125,1.0,13,630.6153846153846,0.0,0.4375
telescoping-fixed,1.5,0.5,41000105,0.0,0.5625,0.5625,1.0,9,893.2222222222222,0.0,0.5
telescoping-hedged,1.5,0.5,41000105,0.0,0.5,0.5,1.0,8,971.0,0.0,0.4375
campaign-fixed,1.5,0.5,41000105,0.0,0.875,0.875,1.0,14,897.0714285714286,0.0,0.6875
campaign-hedged,1.5,0.5,41000105,0.0,0.5,0.5,1.0,8,971.0,0.0,0.4375
telescoping-fixed,1.5,0.5,41000106,0.0,0.75,0.75,1.0,12,767.6666666666666,0.0,0.625
telescoping-hedged,1.5,0.5,41000106,0.0,0.5625,0.5625,1.0,9,794.8888888888889,0.0,0.5
campaign-fixed,1.5,0.5,41000106,0.0,0.875,0.875,1.0,14,757.0714285714286,0.0,0.625
campaign-hedged,1.5,0.5,41000106,0.0,0.625,0.625,1.0,10,795.5,0.0,0.5625
telescoping-fixed,1.5,0.5,41000107,0.0,0.875,0.875,1.0,14,838.5,0.0,0.875
telescoping-hedged,1.5,0.5,41000107,0.0,0.625,0.625,1.0,10,941.5,0.0,0.5625
campaign-fixed,1.5,0.5,41000107,0.0,1.0,1.0,1.0,16,842.25,0.0,1.0
campaign-hedged,1.5,0.5,41000107,0.0,0.9375,0.9375,1.0,15,990.3333333333334,0.0,0.9375
telescoping-fixed,1.5,0.5,41000108,0.0,0.9375,0.9375,1.0,15,757.6666666666666,0.0,0.6875
telescoping-hedged,1.5,0.5,41000108,0.0,0.8125,0.8125,1.0,13,828.6923076923077,0.0,0.75
campaign-fixed,1.5,0.5,41000108,0.0,0.9375,0.9375,1.0,15,706.3333333333334,0.0,0.875
campaign-hedged,1.5,0.5,41000108,0.0,0.9375,0.9375,1.0,15,788.0,0.0,0.875
telescoping-fixed,1.5,0.5,41000109,0.0,0.1875,0.1875,1.0,3,379.3333333333333,0.0,0.125
telescoping-hedged,1.5,0.5,41000109,0.0,0.1875,0.1875,1.0,3,716.0,0.0,0.125
campaign-fixed,1.5,0.5,41000109,0.0,0.1875,0.1875,1.0,3,601.0,0.0,0.125
campaign-hedged,1.5,0.5,41000109,0.0,0.1875,0.1875,1.0,3,741.0,0.0,0.125
telescoping-fixed,1.5,0.5,41000110,0.0,1.0,1.0,1.0,16,428.8125,0.0,1.0
telescoping-hedged,1.5,0.5,41000110,0.0,1.0,1.0,1.0,16,540.375,0.0,1.0
campaign-fixed,1.5,0.5,41000110,0.2,1.0,1.0,1.0,20,406.9375,0.15789473684210525,1.0
campaign-hedged,1.5,0.5,41000110,0.15789473684210525,1.0,1.0,1.0,19,511.9375,0.1111111111111111,1.0
telescoping-fixed,1.5,0.5,41000111,0.0,0.6875,0.6875,1.0,11,913.2727272727273,0.0,0.5625
telescoping-hedged,1.5,0.5,41000111,0.0,0.4375,0.4375,1.0,7,956.7142857142857,0.0,0.375
campaign-fixed,1.5,0.5,41000111,0.0,0.875,0.875,1.0,14,936.7142857142857,0.0,0.8125
campaign-hedged,1.5,0.5,41000111,0.0,0.4375,0.4375,1.0,7,966.0,0.0,0.375
telescoping-fixed,1.5,0.5,41000112,0.0,0.0,0.0,1.0,0,,0.0,0.0
telescoping-hedged,1.5,0.5,41000112,0.0,0.0,0.0,1.0,0,,0.0,0.0
campaign-fixed,1.5,0.5,41000112,0.0,0.0,0.0,1.0,0,,0.0,0.0
campaign-hedged,1.5,0.5,41000112,0.0,0.0,0.0,1.0,0,,0.0,0.0
telescoping-fixed,1.5,0.5,41000113,0.0,0.375,0.375,1.0,6,524.3333333333334,0.0,0.25
telescoping-hedged,1.5,0.5,41000113,0.0,0.375,0.375,1.0,6,738.5,0.0,0.3125
campaign-fixed,1.5,0.5,41000113,0.0,0.3125,0.3125,1.0,5,641.0,0.0,0.25
campaign-hedged,1.5,0.5,41000113,0.0,0.3125,0.3125,1.0,5,749.0,0.0,0.3125
telescoping-fixed,1.5,0.5,41000114,0.0,0.625,0.625,1.0,10,821.5,0.0,0.5625
telescoping-hedged,1.5,0.5,41000114,0.0,0.5625,0.5625,1.0,9,852.1111111111111,0.0,0.5625
campaign-fixed,1.5,0.5,41000114,0.0,0.625,0.625,1.0,10,819.0,0.0,0.625
campaign-hedged,1.5,0.5,41000114,0.0,0.625,0.625,1.0,10,884.5,0.0,0.5625
telescoping-fixed,1.5,0.5,41000115,0.0,0.0625,0.0625,1.0,1,281.0,0.0,0.0
telescoping-hedged,1.5,0.5,41000115,0.0,0.0,0.0,1.0,0,,0.0,0.0
campaign-fixed,1.5,0.5,41000115,0.0,0.0,0.0,1.0,0,,0.0,0.0
campaign-hedged,1.5,0.5,41000115,0.0,0.0,0.0,1.0,0,,0.0,0.0
telescoping-fixed,1.5,0.5,41000116,0.0,0.3125,0.3125,1.0,5,769.0,0.0,0.125
telescoping-hedged,1.5,0.5,41000116,0.0,0.3125,0.3125,1.0,5,933.0,0.0,0.1875
campaign-fixed,1.5,0.5,41000116,0.0,0.3125,0.3125,1.0,5,803.0,0.0,0.125
campaign-hedged,1.5,0.5,41000116,0.0,0.1875,0.1875,1.0,3,952.6666666666666,0.0,0.0
telescoping-fixed,1.5,0.5,41000117,0.0,0.6875,0.6875,1.0,11,730.5454545454545,0.0,0.5625
telescoping-hedged,1.5,0.5,41000117,0.0,0.625,0.625,1.0,10,838.5,0.0,0.375
campaign-fixed,1.5,0.5,41000117,0.0,0.75,0.75,1.0,12,778.0833333333334,0.0,0.6875
campaign-hedged,1.5,0.5,41000117,0.0,0.6875,0.6875,1.0,11,852.3636363636364,0.0,0.3125
telescoping-fixed,1.5,0.5,41000118,0.0,0.8125,0.8125,1.0,13,712.5384615384615,0.0,0.6875
telescoping-hedged,1.5,0.5,41000118,0.0,0.75,0.75,1.0,12,804.3333333333334,0.0,0.6875
campaign-fixed,1.5,0.5,41000118,0.0,0.875,0.875,1.0,14,700.6428571428571,0.0,0.75
campaign-hedged,1.5,0.5,41000118,0.0,0.875,0.875,1.0,14,814.9285714285714,0.0,0.875
telescoping-fixed,1.5,0.5,41000119,0.0,0.125,0.125,1.0,2,773.5,0.0,0.0625
telescoping-hedged,1.5,0.5,41000119,0.0,0.125,0.125,1.0,2,763.5,0.0,0.0625
campaign-fixed,1.5,0.5,41000119,0.0,0.0625,0.0625,1.0,1,771.0,0.0,0.0625
campaign-hedged,1.5,0.5,41000119,0.0,0.0625,0.0625,1.0,1,801.0,0.0,0.0625
telescoping-fixed,1.5,0.5,41000120,0.0,0.8125,0.8125,1.0,13,928.6923076923077,0.0,0.75
telescoping-hedged,1.5,0.5,41000120,0.0,0.5625,0.5625,1.0,9,938.7777777777778,0.0,0.5625
campaign-fixed,1.5,0.5,41000120,0.0,1.0,1.0,1.0,16,920.6875,0.0,1.0
campaign-hedged,1.5,0.5,41000120,0.0,0.6875,0.6875,1.0,11,963.2727272727273,0.0,0.6875
telescoping-fixed,1.5,0.5,41000121,0.0,0.875,0.875,1.0,14,624.9285714285714,0.0,0.875
telescoping-hedged,1.5,0.5,41000121,0.0,0.875,0.875,1.0,14,707.7857142857143,0.0,0.875
campaign-fixed,1.5,0.5,41000121,0.0,0.875,0.875,1.0,14,573.5,0.0,0.875
campaign-hedged,1.5,0.5,41000121,0.0,0.9375,0.9375,1.0,15,704.0,0.0,0.9375
telescoping-fixed,1.5,0.5,41000122,0.0,0.75,0.75,1.0,12,745.1666666666666,0.0,0.75
telescoping-hedged,1.5,0.5,41000122,0.0,0.625,0.625,1.0,10,743.5,0.0,0.4375
campaign-fixed,1.5,0.5,41000122,0.0,0.75,0.75,1.0,12,691.8333333333334,0.0,0.75
campaign-hedged,1.5,0.5,41000122,0.0,0.75,0.75,1.0,12,816.0,0.0,0.6875
telescoping-fixed,1.5,0.5,41000123,0.0,0.3125,0.3125,1.0,5,541.0,0.0,0.125
telescoping-hedged,1.5,0.5,41000123,0.0,0.3125,0.3125,1.0,5,755.0,0.0,0.125
campaign-fixed,1.5,0.5,41000123,0.0,0.3125,0.3125,1.0,5,649.0,0.0,0.125
campaign-hedged,1.5,0.5,41000123,0.0,0.3125,0.3125,1.0,5,766.0,0.0,0.125
telescoping-fixed,1.5,0.5,41000124,0.0,0.0625,0.0625,1.0,1,256.0,0.0,0.0
telescoping-hedged,1.5,0.5,41000124,0.0,0.0,0.0,1.0,0,,0.0,0.0
campaign-fixed,1.5,0.5,41000124,0.0,0.0,0.0,1.0,0,,0.0,0.0
campaign-hedged,1.5,0.5,41000124,0.0,0.0,0.0,1.0,0,,0.0,0.0
telescoping-fixed,1.5,0.5,41000125,0.0,0.3125,0.3125,1.0,5,705.0,0.0,0.0625
telescoping-hedged,1.5,0.5,41000125,0.0,0.1875,0.1875,1.0,3,847.6666666666666,0.0,0.0
campaign-fixed,1.5,0.5,41000125,0.0,0.375,0.375,1.0,6,836.8333333333334,0.0,0.125
campaign-hedged,1.5,0.5,41000125,0.0,0.25,0.25,1.0,4,876.0,0.0,0.0
telescoping-fixed,1.5,0.5,41000126,0.0,0.625,0.625,1.0,10,637.5,0.0,0.625
telescoping-hedged,1.5,0.5,41000126,0.0,0.5625,0.5625,1.0,9,802.1111111111111,0.0,0.5625
campaign-fixed,1.5,0.5,41000126,0.0,0.8125,0.8125,1.0,13,801.3846153846154,0.0,0.75
campaign-hedged,1.5,0.5,41000126,0.0,0.5625,0.5625,1.0,9,803.7777777777778,0.0,0.5625
telescoping-fixed,1.5,0.5,41000127,0.0,0.375,0.375,1.0,6,647.6666666666666,0.0,0.3125
telescoping-hedged,1.5,0.5,41000127,0.0,0.3125,0.3125,1.0,5,697.0,0.0,0.3125
campaign-fixed,1.5,0.5,41000127,0.0,0.4375,0.4375,1.0,7,666.7142857142857,0.0,0.4375
campaign-hedged,1.5,0.5,41000127,0.0,0.4375,0.4375,1.0,7,767.1428571428571,0.0,0.4375
telescoping-fixed,1.5,0.5,41000128,0.0,0.5625,0.5625,1.0,9,304.8888888888889,0.0,0.1875
telescoping-hedged,1.5,0.5,41000128,0.0,0.5625,0.5625,1.0,9,485.44444444444446,0.0,0.125
campaign-fixed,1.5,0.5,41000128,0.0,0.75,0.75,1.0,12,400.5833333333333,0.0,0.1875
campaign-hedged,1.5,0.5,41000128,0.0,0.5625,0.5625,1.0,9,493.22222222222223,0.0,0.0625
telescoping-fixed,1.5,0.5,41000129,0.0,0.125,0.125,1.0,2,671.0,0.0,0.0625
telescoping-hedged,1.5,0.5,41000129,0.0,0.0625,0.0625,1.0,1,746.0,0.0,0.0625
campaign-fixed,1.5,0.5,41000129,0.0,0.0625,0.0625,1.0,1,656.0,0.0,0.0625
campaign-hedged,1.5,0.5,41000129,0.0,0.0625,0.0625,1.0,1,746.0,0.0,0.0625
telescoping-fixed,1.5,0.5,41000130,0.0,0.875,0.875,1.0,14,854.5714285714286,0.0,0.875
telescoping-hedged,1.5,0.5,41000130,0.0,0.8125,0.8125,1.0,13,951.3846153846154,0.0,0.8125
campaign-fixed,1.5,0.5,41000130,0.0,1.0,1.0,1.0,16,886.625,0.0,1.0
campaign-hedged,1.5,0.5,41000130,0.0,0.875,0.875,1.0,14,936.7142857142857,0.0,0.875
telescoping-fixed,1.5,0.5,41000131,0.0,0.125,0.125,1.0,2,888.5,0.0,0.125
telescoping-hedged,1.5,0.5,41000131,0.0,0.1875,0.1875,1.0,3,1011.0,0.0,0.125
campaign-fixed,1.5,0.5,41000131,0.0,0.125,0.125,1.0,2,913.5,0.0,0.0625
campaign-hedged,1.5,0.5,41000131,0.0,0.125,0.125,1.0,2,1033.5,0.0,0.125
telescoping-fixed,1.5,0.5,41000132,0.0,0.875,0.875,1.0,14,741.3571428571429,0.0,0.875
telescoping-hedged,1.5,0.5,41000132,0.0,0.6875,0.6875,1.0,11,744.6363636363636,0.0,0.625
campaign-fixed,1.5,0.5,41000132,0.0,0.9375,0.9375,1.0,15,720.6666666666666,0.0,0.9375
campaign-hedged,1.5,0.5,41000132,0.0,0.875,0.875,1.0,14,806.3571428571429,0.0,0.8125
telescoping-fixed,1.5,0.5,41000133,0.0,0.5625,0.5625,1.0,9,619.8888888888889,0.0,0.4375
telescoping-hedged,1.5,0.5,41000133,0.0,0.5,0.5,1.0,8,658.5,0.0,0.4375
campaign-fixed,1.5,0.5,41000133,0.0,0.75,0.75,1.0,12,750.5833333333334,0.0,0.4375
campaign-hedged,1.5,0.5,41000133,0.0,0.5625,0.5625,1.0,9,707.1111111111111,0.0,0.375
telescoping-fixed,1.5,0.5,41000134,0.0,0.3125,0.3125,1.0,5,736.0,0.0,0.1875
telescoping-hedged,1.5,0.5,41000134,0.0,0.3125,0.3125,1.0,5,862.0,0.0,0.1875
campaign-fixed,1.5,0.5,41000134,0.0,0.4375,0.4375,1.0,7,837.4285714285714,0.0,0.1875
campaign-hedged,1.5,0.5,41000134,0.0,0.3125,0.3125,1.0,5,889.0,0.0,0.1875
telescoping-fixed,1.5,0.5,41000135,0.0,0.6875,0.6875,1.0,11,356.90909090909093,0.0,0.6875
telescoping-hedged,1.5,0.5,41000135,0.0,0.6875,0.6875,1.0,11,417.3636363636364,0.0,0.5
campaign-fixed,1.5,0.5,41000135,0.0,0.9375,0.9375,1.0,15,397.0,0.0,0.75
campaign-hedged,1.5,0.5,41000135,0.0,0.75,0.75,1.0,12,418.9166666666667,0.0,0.5625
telescoping-fixed,1.5,0.5,41000136,0.0,0.5,0.5,1.0,8,685.375,0.0,0.1875
telescoping-hedged,1.5,0.5,41000136,0.0,0.375,0.375,1.0,6,736.0,0.0,0.25
campaign-fixed,1.5,0.5,41000136,0.0,0.5,0.5,1.0,8,692.25,0.0,0.375
campaign-hedged,1.5,0.5,41000136,0.0,0.4375,0.4375,1.0,7,790.2857142857143,0.0,0.1875
telescoping-fixed,1.5,0.5,41000137,0.0,0.75,0.75,1.0,12,827.6666666666666,0.0,0.6875
telescoping-hedged,1.5,0.5,41000137,0.0,0.5625,0.5625,1.0,9,792.6666666666666,0.0,0.5625
campaign-fixed,1.5,0.5,41000137,0.0,0.75,0.75,1.0,12,805.5833333333334,0.0,0.75
campaign-hedged,1.5,0.5,41000137,0.0,0.75,0.75,1.0,12,904.75,0.0,0.625
telescoping-fixed,1.5,0.5,41000138,0.0,0.375,0.375,1.0,6,533.5,0.0,0.3125
telescoping-hedged,1.5,0.5,41000138,0.0,0.25,0.25,1.0,4,533.5,0.0,0.25
campaign-fixed,1.5,0.5,41000138,0.0,0.375,0.375,1.0,6,501.0,0.0,0.375
campaign-hedged,1.5,0.5,41000138,0.0,0.375,0.375,1.0,6,621.0,0.0,0.3125
telescoping-fixed,1.5,0.5,41000139,0.0,0.75,0.75,1.0,12,517.25,0.0,0.4375
telescoping-hedged,1.5,0.5,41000139,0.0,0.5,0.5,1.0,8,463.5,0.0,0.5
campaign-fixed,1.5,0.5,41000139,0.0,0.9375,0.9375,1.0,15,523.3333333333334,0.0,0.6875
campaign-hedged,1.5,0.5,41000139,0.0,0.75,0.75,1.0,12,603.5,0.0,0.4375
telescoping-fixed,1.5,0.5,41000140,0.0,0.875,0.875,1.0,14,615.2857142857143,0.0,0.5625
telescoping-hedged,1.5,0.5,41000140,0.0,0.5625,0.5625,1.0,9,677.1111111111111,0.0,0.5
campaign-fixed,1.5,0.5,41000140,0.0,1.0,1.0,1.0,16,613.5,0.0,0.75
campaign-hedged,1.5,0.5,41000140,0.0,0.75,0.75,1.0,12,726.8333333333334,0.0,0.5
telescoping-fixed,1.5,0.5,41000141,0.0,0.6875,0.6875,1.0,11,650.5454545454545,0.0,0.625
telescoping-hedged,1.5,0.5,41000141,0.0,0.5625,0.5625,1.0,9,623.7777777777778,0.0,0.5625
campaign-fixed,1.5,0.5,41000141,0.0,0.9375,0.9375,1.0,15,680.0,0.0,0.9375
campaign-hedged,1.5,0.5,41000141,0.0,0.5625,0.5625,1.0,9,652.6666666666666,0.0,0.5625
telescoping-fixed,1.5,0.5,41000142,0.0,0.75,0.75,1.0,12,531.0,0.0,0.75
telescoping-hedged,1.5,0.5,41000142,0.0,0.6875,0.6875,1.0,11,662.3636363636364,0.0,0.6875
campaign-fixed,1.5,0.5,41000142,0.0,0.875,0.875,1.0,14,519.9285714285714,0.0,0.875
campaign-hedged,1.5,0.5,41000142,0.0,0.875,0.875,1.0,14,644.9285714285714,0.0,0.875
telescoping-fixed,1.5,0.5,41000143,0.0,0.8125,0.8125,1.0,13,692.5384615384615,0.0,0.75
telescoping-hedged,1.5,0.5,41000143,0.0,0.6875,0.6875,1.0,11,758.2727272727273,0.0,0.6875
campaign-fixed,1.5,0.5,41000143,0.0,0.9375,0.9375,1.0,15,722.8666666666667,0.0,0.9375
campaign-hedged,1.5,0.5,41000143,0.0,0.8125,0.8125,1.0,13,800.2307692307693,0.0,0.75
telescoping-fixed,1.5,0.5,41000144,0.0,0.5625,0.5625,1.0,9,698.7777777777778,0.0,0.5625
telescoping-hedged,1.5,0.5,41000144,0.0,0.5625,0.5625,1.0,9,829.8888888888889,0.0,0.5625
campaign-fixed,1.5,0.5,41000144,0.0,0.8125,0.8125,1.0,13,785.6153846153846,0.0,0.6875
campaign-hedged,1.5,0.5,41000144,0.0,0.5625,0.5625,1.0,9,895.4444444444445,0.0,0.5625
telescoping-fixed,1.5,0.5,41000145,0.0,0.4375,0.4375,1.0,7,699.5714285714286,0.0,0.125
telescoping-hedged,1.5,0.5,41000145,0.0,0.25,0.25,1.0,4,1058.5,0.0,0.125
campaign-fixed,1.5,0.5,41000145,0.0,0.375,0.375,1.0,6,918.5,0.0,0.125
campaign-hedged,1.5,0.5,41000145,0.0,0.25,0.25,1.0,4,1071.0,0.0,0.0625
telescoping-fixed,1.5,0.5,41000146,0.0,0.9375,0.9375,1.0,15,531.6666666666666,0.0,0.9375
telescoping-hedged,1.5,0.5,41000146,0.0,0.875,0.875,1.0,14,571.0,0.0,0.875
campaign-fixed,1.5,0.5,41000146,0.0,0.9375,0.9375,1.0,15,498.6666666666667,0.0,0.9375
campaign-hedged,1.5,0.5,41000146,0.0,0.9375,0.9375,1.0,15,555.6666666666666,0.0,0.9375
telescoping-fixed,1.5,0.5,41000147,0.0,0.75,0.75,1.0,12,548.0833333333334,0.0,0.5625
telescoping-hedged,1.5,0.5,41000147,0.0,0.6875,0.6875,1.0,11,569.1818181818181,0.0,0.6875
campaign-fixed,1.5,0.5,41000147,0.0,0.875,0.875,1.0,14,554.9285714285714,0.0,0.75
campaign-hedged,1.5,0.5,41000147,0.0,0.8125,0.8125,1.0,13,634.0769230769231,0.0,0.75
telescoping-fixed,1.5,0.5,41000148,0.0,1.0,1.0,1.0,16,395.6875,0.0,0.9375
telescoping-hedged,1.5,0.5,41000148,0.0,1.0,1.0,1.0,16,482.25,0.0,0.875
campaign-fixed,1.5,0.5,41000148,0.0,1.0,1.0,1.0,16,346.3125,0.0,1.0
campaign-hedged,1.5,0.5,41000148,0.0,1.0,1.0,1.0,16,430.0625,0.0,0.9375
telescoping-fixed,1.5,0.5,41000149,0.0,0.75,0.75,1.0,12,589.75,0.0,0.75
telescoping-hedged,1.5,0.5,41000149,0.0,0.5625,0.5625,1.0,9,533.7777777777778,0.0,0.5625
campaign-fixed,1.5,0.5,41000149,0.0,0.875,0.875,1.0,14,523.8571428571429,0.0,0.875
campaign-hedged,1.5,0.5,41000149,0.0,0.8125,0.8125,1.0,13,717.8461538461538,0.0,0.8125
telescoping-fixed,1.5,0.5,41000150,0.0,0.9375,0.9375,1.0,15,423.0,0.0,0.875
telescoping-hedged,1.5,0.5,41000150,0.0,0.875,0.875,1.0,14,485.64285714285717,0.0,0.875
campaign-fixed,1.5,0.5,41000150,0.0,0.9375,0.9375,1.0,15,386.0,0.0,0.9375
campaign-hedged,1.5,0.5,41000150,0.0,0.9375,0.9375,1.0,15,464.6666666666667,0.0,0.875
telescoping-fixed,1.5,0.5,41000151,0.0,0.9375,0.9375,1.0,15,621.6666666666666,0.0,0.875
telescoping-hedged,1.5,0.5,41000151,0.0,0.9375,0.9375,1.0,15,707.3333333333334,0.0,0.875
campaign-fixed,1.5,0.5,41000151,0.058823529411764705,1.0,1.0,1.0,17,599.125,0.0,1.0
campaign-hedged,1.5,0.5,41000151,0.0,1.0,1.0,1.0,16,688.1875,0.0,1.0
telescoping-fixed,1.5,0.5,41000152,0.0,0.625,0.625,1.0,10,342.5,0.0,0.625
telescoping-hedged,1.5,0.5,41000152,0.0,0.625,0.625,1.0,10,529.0,0.0,0.625
campaign-fixed,1.5,0.5,41000152,0.0,0.75,0.75,1.0,12,454.5833333333333,0.0,0.75
campaign-hedged,1.5,0.5,41000152,0.0,0.625,0.625,1.0,10,548.5,0.0,0.625
telescoping-fixed,1.5,0.5,41000153,0.0,0.125,0.125,1.0,2,1061.0,0.0,0.125
telescoping-hedged,1.5,0.5,41000153,0.0,0.1875,0.1875,1.0,3,1181.0,0.0,0.1875
campaign-fixed,1.5,0.5,41000153,0.0,0.125,0.125,1.0,2,1143.5,0.0,0.125
campaign-hedged,1.5,0.5,41000153,0.0,0.125,0.125,1.0,2,1191.0,0.0,0.125
telescoping-fixed,1.5,0.5,41000154,0.0,1.0,1.0,1.0,16,462.25,0.0,1.0
telescoping-hedged,1.5,0.5,41000154,0.0,1.0,1.0,1.0,16,547.875,0.0,1.0
campaign-fixed,1.5,0.5,41000154,0.1111111111111111,1.0,1.0,1.0,18,416.9375,0.058823529411764705,1.0
campaign-hedged,1.5,0.5,41000154,0.0,1.0,1.0,1.0,16,509.125,0.0,1.0
telescoping-fixed,1.5,0.5,41000155,0.0,0.125,0.125,1.0,2,733.5,0.0,0.0625
telescoping-hedged,1.5,0.5,41000155,0.0,0.125,0.125,1.0,2,913.5,0.0,0.125
campaign-fixed,1.5,0.5,41000155,0.0,0.125,0.125,1.0,2,743.5,0.0,0.0625
campaign-hedged,1.5,0.5,41000155,0.0,0.125,0.125,1.0,2,1168.5,0.0,0.0625
telescoping-fixed,1.5,0.5,41000156,0.0,0.125,0.125,1.0,2,703.5,0.0,0.125
telescoping-hedged,1.5,0.5,41000156,0.0,0.125,0.125,1.0,2,746.0,0.0,0.125
campaign-fixed,1.5,0.5,41000156,0.0,0.125,0.125,1.0,2,676.0,0.0,0.125
campaign-hedged,1.5,0.5,41000156,0.0,0.125,0.125,1.0,2,733.5,0.0,0.125
telescoping-fixed,1.5,0.5,41000157,0.0,0.5,0.5,1.0,8,806.0,0.0,0.375
telescoping-hedged,1.5,0.5,41000157,0.0,0.375,0.375,1.0,6,1075.1666666666667,0.0,0.375
campaign-fixed,1.5,0.5,41000157,0.0,0.625,0.625,1.0,10,1062.5,0.0,0.4375
campaign-hedged,1.5,0.5,41000157,0.0,0.4375,0.4375,1.0,7,1115.2857142857142,0.0,0.4375
telescoping-fixed,1.5,0.5,41000158,0.0,0.4375,0.4375,1.0,7,952.4285714285714,0.0,0.4375
telescoping-hedged,1.5,0.5,41000158,0.0,0.3125,0.3125,1.0,5,992.0,0.0,0.3125
campaign-fixed,1.5,0.5,41000158,0.0,0.5625,0.5625,1.0,9,962.1111111111111,0.0,0.5625
campaign-hedged,1.5,0.5,41000158,0.0,0.375,0.375,1.0,6,1006.5,0.0,0.375
telescoping-fixed,1.5,0.5,41000159,0.0,0.6875,0.6875,1.0,11,716.9090909090909,0.0,0.625
telescoping-hedged,1.5,0.5,41000159,0.0,0.625,0.625,1.0,10,875.5,0.0,0.5625
campaign-fixed,1.5,0.5,41000159,0.0,0.6875,0.6875,1.0,11,722.3636363636364,0.0,0.625
campaign-hedged,1.5,0.5,41000159,0.0,0.6875,0.6875,1.0,11,879.6363636363636,0.0,0.625
telescoping-fixed,1.5,0.5,41000160,0.0,0.1875,0.1875,1.0,3,361.0,0.0,0.0625
telescoping-hedged,1.5,0.5,41000160,0.0,0.0625,0.0625,1.0,1,841.0,0.0,0.0625
campaign-fixed,1.5,0.5,41000160,0.0,0.1875,0.1875,1.0,3,381.0,0.0,0.0625
campaign-hedged,1.5,0.5,41000160,0.0,0.0625,0.0625,1.0,1,811.0,0.0,0.0625
telescoping-fixed,1.5,0.5,41000161,0.0,0.125,0.125,1.0,2,1013.5,0.0,0.125
telescoping-hedged,1.5,0.5,41000161,0.0,0.125,0.125,1.0,2,1038.5,0.0,0.125
campaign-fixed,1.5,0.5,41000161,0.0,0.1875,0.1875,1.0,3,1056.0,0.0,0.1875
campaign-hedged,1.5,0.5,41000161,0.0,0.125,0.125,1.0,2,1058.5,0.0,0.125
telescoping-fixed,1.5,0.5,41000162,0.0,0.75,0.75,1.0,12,828.5,0.0,0.75
telescoping-hedged,1.5,0.5,41000162,0.0,0.5,0.5,1.0,8,865.375,0.0,0.5
campaign-fixed,1.5,0.5,41000162,0.0,0.875,0.875,1.0,14,902.4285714285714,0.0,0.875
campaign-hedged,1.5,0.5,41000162,0.0,0.75,0.75,1.0,12,935.1666666666666,0.0,0.6875
telescoping-fixed,1.5,0.5,41000163,0.0,0.375,0.375,1.0,6,756.0,0.0,0.1875
telescoping-hedged,1.5,0.5,41000163,0.0,0.3125,0.3125,1.0,5,790.0,0.0,0.25
campaign-fixed,1.5,0.5,41000163,0.0,0.375,0.375,1.0,6,736.8333333333334,0.0,0.25
campaign-hedged,1.5,0.5,41000163,0.0,0.375,0.375,1.0,6,872.6666666666666,0.0,0.25
telescoping-fixed,1.5,0.5,41000164,0.0,0.75,0.75,1.0,12,586.0,0.0,0.6875
telescoping-hedged,1.5,0.5,41000164,0.0,0.5625,0.5625,1.0,9,613.7777777777778,0.0,0.5625
campaign-fixed,1.5,0.5,41000164,0.0,0.75,0.75,1.0,12,577.6666666666666,0.0,0.75
campaign-hedged,1.5,0.5,41000164,0.0,0.6875,0.6875,1.0,11,684.1818181818181,0.0,0.6875
telescoping-fixed,1.5,0.5,41000165,0.0,0.375,0.375,1.0,6,533.5,0.0,0.125
telescoping-hedged,1.5,0.5,41000165,0.0,0.3125,0.3125,1.0,5,490.0,0.0,0.125
campaign-fixed,1.5,0.5,41000165,0.0,0.375,0.375,1.0,6,488.5,0.0,0.125
campaign-hedged,1.5,0.5,41000165,0.0,0.3125,0.3125,1.0,5,865.0,0.0,0.125
telescoping-fixed,1.5,0.5,41000166,0.0,0.75,0.75,1.0,12,895.1666666666666,0.0,0.75
telescoping-hedged,1.5,0.5,41000166,0.0,0.8125,0.8125,1.0,13,982.5384615384615,0.0,0.6875
campaign-fixed,1.5,0.5,41000166,0.0,0.9375,0.9375,1.0,15,881.6666666666666,0.0,0.9375
campaign-hedged,1.5,0.5,41000166,0.0,0.875,0.875,1.0,14,963.8571428571429,0.0,0.6875
telescoping-fixed,1.5,0.5,41000167,0.0,0.5625,0.5625,1.0,9,770.4444444444445,0.0,0.4375
telescoping-hedged,1.5,0.5,41000167,0.0,0.375,0.375,1.0,6,757.6666666666666,0.0,0.375
campaign-fixed,1.5,0.5,41000167,0.0,0.5,0.5,1.0,8,766.0,0.0,0.4375
campaign-hedged,1.5,0.5,41000167,0.0,0.375,0.375,1.0,6,791.8333333333334,0.0,0.375
telescoping-fixed,1.5,0.5,41000168,0.0,0.375,0.375,1.0,6,654.3333333333334,0.0,0.25
telescoping-hedged,1.5,0.5,41000168,0.0,0.25,0.25,1.0,4,696.0,0.0,0.25
campaign-fixed,1.5,0.5,41000168,0.0,0.3125,0.3125,1.0,5,764.0,0.0,0.25
campaign-hedged,1.5,0.5,41000168,0.0,0.25,0.25,1.0,4,734.75,0.0,0.25
telescoping-fixed,1.5,0.5,41000169,0.0,0.875,0.875,1.0,14,617.0714285714286,0.0,0.75
telescoping-hedged,1.5,0.5,41000169,0.0,0.875,0.875,1.0,14,710.2857142857143,0.0,0.8125
campaign-fixed,1.5,0.5,41000169,0.0,0.9375,0.9375,1.0,15,631.0,0.0,0.75
campaign-hedged,1.5,0.5,41000169,0.0,0.875,0.875,1.0,14,682.7857142857143,0.0,0.8125
telescoping-fixed,1.5,0.5,41000170,0.0,0.6875,0.6875,1.0,11,770.0909090909091,0.0,0.5625
telescoping-hedged,1.5,0.5,41000170,0.0,0.375,0.375,1.0,6,779.3333333333334,0.0,0.3125
campaign-fixed,1.5,0.5,41000170,0.0,0.8125,0.8125,1.0,13,777.1538461538462,0.0,0.75
campaign-hedged,1.5,0.5,41000170,0.0,0.5,0.5,1.0,8,841.0,0.0,0.3125
telescoping-fixed,1.5,0.5,41000171,0.0,0.375,0.375,1.0,6,693.5,0.0,0.3125
telescoping-hedged,1.5,0.5,41000171,0.0,0.25,0.25,1.0,4,621.0,0.0,0.25
campaign-fixed,1.5,0.5,41000171,0.0,0.4375,0.4375,1.0,7,772.4285714285714,0.0,0.4375
campaign-hedged,1.5,0.5,41000171,0.0,0.25,0.25,1.0,4,727.25,0.0,0.25
telescoping-fixed,1.5,0.5,41000172,0.0,0.25,0.25,1.0,4,1061.0,0.0,0.0
telescoping-hedged,1.5,0.5,41000172,0.0,0.0,0.0,1.0,0,,0.0,0.0
campaign-fixed,1.5,0.5,41000172,0.0,0.0,0.0,1.0,0,,0.0,0.0
campaign-hedged,1.5,0.5,41000172,0.0,0.0,0.0,1.0,0,,0.0,0.0
telescoping-fixed,1.5,0.5,41000173,0.0,0.8125,0.8125,1.0,13,807.5384615384615,0.0,0.75
telescoping-hedged,1.5,0.5,41000173,0.0,0.75,0.75,1.0,12,976.4166666666666,0.0,0.4375
campaign-fixed,1.5,0.5,41000173,0.0,0.875,0.875,1.0,14,792.4285714285714,0.0,0.875
campaign-hedged,1.5,0.5,41000173,0.0,0.8125,0.8125,1.0,13,965.2307692307693,0.0,0.375
telescoping-fixed,1.5,0.5,41000174,0.0,0.125,0.125,1.0,2,901.0,0.0,0.0
telescoping-hedged,1.5,0.5,41000174,0.0,0.0625,0.0625,1.0,1,1186.0,0.0,0.0
campaign-fixed,1.5,0.5,41000174,0.0,0.0625,0.0625,1.0,1,1186.0,0.0,0.0
campaign-hedged,1.5,0.5,41000174,0.0,0.0,0.0,1.0,0,,0.0,0.0
telescoping-fixed,1.5,0.5,41000175,0.0,0.4375,0.4375,1.0,7,671.0,0.0,0.4375
telescoping-hedged,1.5,0.5,41000175,0.0,0.375,0.375,1.0,6,733.5,0.0,0.1875
campaign-fixed,1.5,0.5,41000175,0.0,0.4375,0.4375,1.0,7,697.4285714285714,0.0,0.375
campaign-hedged,1.5,0.5,41000175,0.0,0.4375,0.4375,1.0,7,817.4285714285714,0.0,0.1875
telescoping-fixed,1.5,0.5,41000176,0.0,0.75,0.75,1.0,12,626.4166666666666,0.0,0.6875
telescoping-hedged,1.5,0.5,41000176,0.0,0.6875,0.6875,1.0,11,723.2727272727273,0.0,0.625
campaign-fixed,1.5,0.5,41000176,0.0,0.9375,0.9375,1.0,15,602.6666666666666,0.0,0.875
campaign-hedged,1.5,0.5,41000176,0.0,0.875,0.875,1.0,14,746.3571428571429,0.0,0.6875
telescoping-fixed,1.5,0.5,41000177,0.0,0.75,0.75,1.0,12,756.8333333333334,0.0,0.75
telescoping-hedged,1.5,0.5,41000177,0.0,0.5625,0.5625,1.0,9,821.5555555555555,0.0,0.5
campaign-fixed,1.5,0.5,41000177,0.0,0.8125,0.8125,1.0,13,797.1538461538462,0.0,0.8125
campaign-hedged,1.5,0.5,41000177,0.0,0.75,0.75,1.0,12,810.1666666666666,0.0,0.75
telescoping-fixed,1.5,0.5,41000178,0.0,0.8125,0.8125,1.0,13,435.2307692307692,0.0,0.6875
telescoping-hedged,1.5,0.5,41000178,0.0,0.6875,0.6875,1.0,11,665.0909090909091,0.0,0.5625
campaign-fixed,1.5,0.5,41000178,0.0,0.875,0.875,1.0,14,457.7857142857143,0.0,0.6875
campaign-hedged,1.5,0.5,41000178,0.0,0.8125,0.8125,1.0,13,651.3846153846154,0.0,0.6875
telescoping-fixed,1.5,0.5,41000179,0.0,0.25,0.25,1.0,4,833.5,0.0,0.1875
telescoping-hedged,1.5,0.5,41000179,0.0,0.25,0.25,1.0,4,856.0,0.0,0.0625
campaign-fixed,1.5,0.5,41000179,0.0,0.3125,0.3125,1.0,5,858.0,0.0,0.1875
campaign-hedged,1.5,0.5,41000179,0.0,0.1875,0.1875,1.0,3,842.6666666666666,0.0,0.0
telescoping-fixed,1.5,0.5,41000180,0.0,0.5,0.5,1.0,8,714.75,0.0,0.1875
telescoping-hedged,1.5,0.5,41000180,0.0,0.375,0.375,1.0,6,852.6666666666666,0.0,0.125
campaign-fixed,1.5,0.5,41000180,0.0,0.5625,0.5625,1.0,9,724.3333333333334,0.0,0.1875
campaign-hedged,1.5,0.5,41000180,0.0,0.3125,0.3125,1.0,5,875.0,0.0,0.0
telescoping-fixed,1.5,0.5,41000181,0.0,0.625,0.625,1.0,10,696.5,0.0,0.4375
telescoping-hedged,1.5,0.5,41000181,0.0,0.375,0.375,1.0,6,467.6666666666667,0.0,0.3125
campaign-fixed,1.5,0.5,41000181,0.0,0.6875,0.6875,1.0,11,721.0,0.0,0.5
campaign-hedged,1.5,0.5,41000181,0.0,0.375,0.375,1.0,6,718.5,0.0,0.3125
telescoping-fixed,1.5,0.5,41000182,0.0,0.8125,0.8125,1.0,13,447.15384615384613,0.0,0.6875
telescoping-hedged,1.5,0.5,41000182,0.0,0.6875,0.6875,1.0,11,432.3636363636364,0.0,0.6875
campaign-fixed,1.5,0.5,41000182,0.0,0.9375,0.9375,1.0,15,449.6666666666667,0.0,0.8125
campaign-hedged,1.5,0.5,41000182,0.0,0.8125,0.8125,1.0,13,507.9230769230769,0.0,0.8125
telescoping-fixed,1.5,0.5,41000183,0.0,0.5625,0.5625,1.0,9,623.2222222222222,0.0,0.5
telescoping-hedged,1.5,0.5,41000183,0.0,0.5,0.5,1.0,8,799.125,0.0,0.5
campaign-fixed,1.5,0.5,41000183,0.0,0.5625,0.5625,1.0,9,607.1111111111111,0.0,0.5
campaign-hedged,1.5,0.5,41000183,0.0,0.5,0.5,1.0,8,785.375,0.0,0.5
telescoping-fixed,1.5,0.5,41000184,0.0,0.9375,0.9375,1.0,15,626.0,0.0,0.9375
telescoping-hedged,1.5,0.5,41000184,0.0,0.875,0.875,1.0,14,706.3571428571429,0.0,0.75
campaign-fixed,1.5,0.5,41000184,0.0,0.9375,0.9375,1.0,15,634.3333333333334,0.0,0.9375
campaign-hedged,1.5,0.5,41000184,0.0,0.9375,0.9375,1.0,15,688.6666666666666,0.0,0.9375
telescoping-fixed,1.5,0.5,41000185,0.0,0.9375,0.9375,1.0,15,655.6666666666666,0.0,0.9375
telescoping-hedged,1.5,0.5,41000185,0.0,0.625,0.625,1.0,10,651.0,0.0,0.5625
campaign-fixed,1.5,0.5,41000185,0.0,0.9375,0.9375,1.0,15,643.3333333333334,0.0,0.9375
campaign-hedged,1.5,0.5,41000185,0.0,0.875,0.875,1.0,14,665.6428571428571,0.0,0.875
telescoping-fixed,1.5,0.5,41000186,0.0,0.5,0.5,1.0,8,786.0,0.0,0.25
telescoping-hedged,1.5,0.5,41000186,0.0,0.3125,0.3125,1.0,5,791.0,0.0,0.125
campaign-fixed,1.5,0.5,41000186,0.0,0.5,0.5,1.0,8,794.125,0.0,0.3125
campaign-hedged,1.5,0.5,41000186,0.0,0.25,0.25,1.0,4,724.75,0.0,0.0
telescoping-fixed,1.5,0.5,41000187,0.0,0.5,0.5,1.0,8,819.75,0.0,0.4375
telescoping-hedged,1.5,0.5,41000187,0.0,0.4375,0.4375,1.0,7,896.7142857142857,0.0,0.25
campaign-fixed,1.5,0.5,41000187,0.0,0.5,0.5,1.0,8,882.25,0.0,0.4375
campaign-hedged,1.5,0.5,41000187,0.0,0.375,0.375,1.0,6,856.8333333333334,0.0,0.25
telescoping-fixed,1.5,0.5,41000188,0.0,1.0,1.0,1.0,16,687.25,0.0,1.0
telescoping-hedged,1.5,0.5,41000188,0.0,1.0,1.0,1.0,16,813.5,0.0,1.0
campaign-fixed,1.5,0.5,41000188,0.058823529411764705,1.0,1.0,1.0,17,639.75,0.058823529411764705,1.0
campaign-hedged,1.5,0.5,41000188,0.058823529411764705,1.0,1.0,1.0,17,769.75,0.058823529411764705,1.0
telescoping-fixed,1.5,0.5,41000189,0.0,0.5,0.5,1.0,8,661.625,0.0,0.4375
telescoping-hedged,1.5,0.5,41000189,0.0,0.3125,0.3125,1.0,5,765.0,0.0,0.25
campaign-fixed,1.5,0.5,41000189,0.0,0.625,0.625,1.0,10,762.0,0.0,0.375
campaign-hedged,1.5,0.5,41000189,0.0,0.25,0.25,1.0,4,693.5,0.0,0.25
telescoping-fixed,1.5,0.5,41000190,0.0,0.5,0.5,1.0,8,422.25,0.0,0.0625
telescoping-hedged,1.5,0.5,41000190,0.0,0.25,0.25,1.0,4,327.25,0.0,0.125
campaign-fixed,1.5,0.5,41000190,0.0,0.4375,0.4375,1.0,7,419.57142857142856,0.0,0.0625
campaign-hedged,1.5,0.5,41000190,0.0,0.1875,0.1875,1.0,3,276.0,0.0,0.0625
telescoping-fixed,1.5,0.5,41000191,0.0,0.75,0.75,1.0,12,562.0833333333334,0.0,0.6875
telescoping-hedged,1.5,0.5,41000191,0.0,0.6875,0.6875,1.0,11,640.3636363636364,0.0,0.5625
campaign-fixed,1.5,0.5,41000191,0.0,0.8125,0.8125,1.0,13,568.3076923076923,0.0,0.8125
campaign-hedged,1.5,0.5,41000191,0.0,0.6875,0.6875,1.0,11,661.4545454545455,0.0,0.625
telescoping-fixed,1.5,0.5,41000192,0.0,0.3125,0.3125,1.0,5,625.0,0.0,0.1875
telescoping-hedged,1.5,0.5,41000192,0.0,0.25,0.25,1.0,4,732.25,0.0,0.125
campaign-fixed,1.5,0.5,41000192,0.0,0.25,0.25,1.0,4,601.0,0.0,0.125
campaign-hedged,1.5,0.5,41000192,0.0,0.1875,0.1875,1.0,3,781.0,0.0,0.125
telescoping-fixed,1.5,0.5,41000193,0.0,0.6875,0.6875,1.0,11,749.1818181818181,0.0,0.5625
telescoping-hedged,1.5,0.5,41000193,0.0,0.4375,0.4375,1.0,7,746.0,0.0,0.4375
campaign-fixed,1.5,0.5,41000193,0.0,0.75,0.75,1.0,12,768.9166666666666,0.0,0.6875
campaign-hedged,1.5,0.5,41000193,0.0,0.625,0.625,1.0,10,837.5,0.0,0.4375
telescoping-fixed,1.5,0.5,41000194,0.0,0.0625,0.0625,1.0,1,701.0,0.0,0.0625
telescoping-hedged,1.5,0.5,41000194,0.0,0.0625,0.0625,1.0,1,716.0,0.0,0.0625
campaign-fixed,1.5,0.5,41000194,0.0,0.125,0.125,1.0,2,903.5,0.0,0.125
campaign-hedged,1.5,0.5,41000194,0.0,0.0625,0.0625,1.0,1,826.0,0.0,0.0625
telescoping-fixed,1.5,0.5,41000195,0.0,0.1875,0.1875,1.0,3,861.0,0.0,0.1875
telescoping-hedged,1.5,0.5,41000195,0.0,0.125,0.125,1.0,2,883.5,0.0,0.125
campaign-fixed,1.5,0.5,41000195,0.0,0.1875,0.1875,1.0,3,952.6666666666666,0.0,0.1875
campaign-hedged,1.5,0.5,41000195,0.0,0.0,0.0,1.0,0,,0.0,0.0
telescoping-fixed,1.5,0.5,41000196,0.0,0.0,0.0,1.0,0,,0.0,0.0
telescoping-hedged,1.5,0.5,41000196,0.0,0.0,0.0,1.0,0,,0.0,0.0
campaign-fixed,1.5,0.5,41000196,0.0,0.0,0.0,1.0,0,,0.0,0.0
campaign-hedged,1.5,0.5,41000196,0.0,0.0,0.0,1.0,0,,0.0,0.0
telescoping-fixed,1.5,0.5,41000197,0.0,0.5625,0.5625,1.0,9,472.6666666666667,0.0,0.3125
telescoping-hedged,1.5,0.5,41000197,0.0,0.3125,0.3125,1.0,5,390.0,0.0,0.125
campaign-fixed,1.5,0.5,41000197,0.0,0.625,0.625,1.0,10,520.5,0.0,0.3125
campaign-hedged,1.5,0.5,41000197,0.0,0.4375,0.4375,1.0,7,522.4285714285714,0.0,0.3125
telescoping-fixed,1.5,0.5,41000198,0.0,0.1875,0.1875,1.0,3,901.0,0.0,0.0625
telescoping-hedged,1.5,0.5,41000198,0.0,0.1875,0.1875,1.0,3,924.3333333333334,0.0,0.125
campaign-fixed,1.5,0.5,41000198,0.0,0.25,0.25,1.0,4,963.5,0.0,0.0625
campaign-hedged,1.5,0.5,41000198,0.0,0.125,0.125,1.0,2,1131.0,0.0,0.0
telescoping-fixed,1.5,0.5,41000199,0.0,0.8125,0.8125,1.0,13,491.7692307692308,0.0,0.5
telescoping-hedged,1.5,0.5,41000199,0.0,0.6875,0.6875,1.0,11,567.8181818181819,0.0,0.5
campaign-fixed,1.5,0.5,41000199,0.0,0.875,0.875,1.0,14,528.8571428571429,0.0,0.5625
campaign-hedged,1.5,0.5,41000199,0.0,0.875,0.875,1.0,14,616.3571428571429,0.0,0.5
telescoping-fixed,2.0,0.5,41000200,0.0,0.8125,0.8125,1.0,13,575.6153846153846,0.0,0.8125
telescoping-hedged,2.0,0.5,41000200,0.0,0.6875,0.6875,1.0,11,667.8181818181819,0.0,0.625
campaign-fixed,2.0,0.5,41000200,0.0,0.875,0.875,1.0,14,553.5,0.0,0.875
campaign-hedged,2.0,0.5,41000200,0.0,0.8125,0.8125,1.0,13,735.2307692307693,0.0,0.75
telescoping-fixed,2.0,0.5,41000201,0.0,1.0,1.0,1.0,16,396.0,0.0,1.0
telescoping-hedged,2.0,0.5,41000201,0.0,1.0,1.0,1.0,16,481.625,0.0,1.0
campaign-fixed,2.0,0.5,41000201,0.0,1.0,1.0,1.0,16,368.5,0.0,1.0
campaign-hedged,2.0,0.5,41000201,0.0,1.0,1.0,1.0,16,451.9375,0.0,1.0
telescoping-fixed,2.0,0.5,41000202,0.0,1.0,1.0,1.0,16,315.0625,0.0,1.0
telescoping-hedged,2.0,0.5,41000202,0.0,1.0,1.0,1.0,16,390.6875,0.0,1.0
campaign-fixed,2.0,0.5,41000202,0.0,1.0,1.0,1.0,16,272.5625,0.0,1.0
campaign-hedged,2.0,0.5,41000202,0.0,1.0,1.0,1.0,16,348.1875,0.0,1.0
telescoping-fixed,2.0,0.5,41000203,0.0,1.0,1.0,1.0,16,478.1875,0.0,1.0
telescoping-hedged,2.0,0.5,41000203,0.0,1.0,1.0,1.0,16,564.75,0.0,1.0
campaign-fixed,2.0,0.5,41000203,0.0,1.0,1.0,1.0,16,439.125,0.0,1.0
campaign-hedged,2.0,0.5,41000203,0.0,1.0,1.0,1.0,16,538.8125,0.0,1.0
telescoping-fixed,2.0,0.5,41000204,0.0,1.0,1.0,1.0,16,635.6875,0.0,1.0
telescoping-hedged,2.0,0.5,41000204,0.0,1.0,1.0,1.0,16,677.25,0.0,0.9375
campaign-fixed,2.0,0.5,41000204,0.0,1.0,1.0,1.0,16,597.875,0.0,1.0
campaign-hedged,2.0,0.5,41000204,0.0,1.0,1.0,1.0,16,654.75,0.0,1.0
telescoping-fixed,2.0,0.5,41000205,0.0,1.0,1.0,1.0,16,376.9375,0.0,1.0
telescoping-hedged,2.0,0.5,41000205,0.0,1.0,1.0,1.0,16,504.75,0.0,1.0
campaign-fixed,2.0,0.5,41000205,0.0,1.0,1.0,1.0,16,330.6875,0.0,1.0
campaign-hedged,2.0,0.5,41000205,0.0,1.0,1.0,1.0,16,475.375,0.0,1.0
telescoping-fixed,2.0,0.5,41000206,0.0,1.0,1.0,1.0,16,333.5,0.0,0.875
telescoping-hedged,2.0,0.5,41000206,0.0,1.0,1.0,1.0,16,408.8125,0.0,0.8125
campaign-fixed,2.0,0.5,41000206,0.0,1.0,1.0,1.0,16,321.3125,0.0,0.875
campaign-hedged,2.0,0.5,41000206,0.0,1.0,1.0,1.0,16,391.3125,0.0,0.875
telescoping-fixed,2.0,0.5,41000207,0.0,0.9375,0.9375,1.0,15,749.6666666666666,0.0,0.875
telescoping-hedged,2.0,0.5,41000207,0.0,0.9375,0.9375,1.0,15,795.8666666666667,0.0,0.875
campaign-fixed,2.0,0.5,41000207,0.0,0.9375,0.9375,1.0,15,662.6666666666666,0.0,0.9375
campaign-hedged,2.0,0.5,41000207,0.0,0.9375,0.9375,1.0,15,762.0,0.0,0.9375
telescoping-fixed,2.0,0.5,41000208,0.0,1.0,1.0,1.0,16,439.4375,0.0,1.0
telescoping-hedged,2.0,0.5,41000208,0.0,1.0,1.0,1.0,16,532.875,0.0,1.0
campaign-fixed,2.0,0.5,41000208,0.0,1.0,1.0,1.0,16,424.4375,0.0,1.0
campaign-hedged,2.0,0.5,41000208,0.0,1.0,1.0,1.0,16,480.6875,0.0,1.0
telescoping-fixed,2.0,0.5,41000209,0.0,1.0,1.0,1.0,16,370.6875,0.0,1.0
telescoping-hedged,2.0,0.5,41000209,0.0,1.0,1.0,1.0,16,465.375,0.0,1.0
campaign-fixed,2.0,0.5,41000209,0.0,1.0,1.0,1.0,16,350.6875,0.0,1.0
campaign-hedged,2.0,0.5,41000209,0.0,1.0,1.0,1.0,16,428.5,0.0,1.0
telescoping-fixed,2.0,0.5,41000210,0.0,1.0,1.0,1.0,16,490.0625,0.0,1.0
telescoping-hedged,2.0,0.5,41000210,0.0,0.9375,0.9375,1.0,15,609.6666666666666,0.0,0.9375
campaign-fixed,2.0,0.5,41000210,0.0,1.0,1.0,1.0,16,490.0625,0.0,1.0
campaign-hedged,2.0,0.5,41000210,0.0,1.0,1.0,1.0,16,588.1875,0.0,0.9375
telescoping-fixed,2.0,0.5,41000211,0.058823529411764705,1.0,1.0,1.0,17,319.125,0.0,1.0
telescoping-hedged,2.0,0.5,41000211,0.0,1.0,1.0,1.0,16,365.0625,0.0,1.0
campaign-fixed,2.0,0.5,41000211,0.1111111111111111,1.0,1.0,1.0,18,289.125,0.0,1.0
campaign-hedged,2.0,0.5,41000211,0.058823529411764705,1.0,1.0,1.0,17,355.375,0.0,1.0
telescoping-fixed,2.0,0.5,41000212,0.0,1.0,1.0,1.0,16,319.75,0.0,1.0
telescoping-hedged,2.0,0.5,41000212,0.0,1.0,1.0,1.0,16,405.375,0.0,1.0
campaign-fixed,2.0,0.5,41000212,0.0,1.0,1.0,1.0,16,279.75,0.0,1.0
campaign-hedged,2.0,0.5,41000212,0.0,1.0,1.0,1.0,16,377.25,0.0,1.0
telescoping-fixed,2.0,0.5,41000213,0.0,0.9375,0.9375,1.0,15,435.3333333333333,0.0,0.9375
telescoping-hedged,2.0,0.5,41000213,0.0,0.9375,0.9375,1.0,15,513.6666666666666,0.0,0.9375
campaign-fixed,2.0,0.5,41000213,0.0,1.0,1.0,1.0,16,452.25,0.0,1.0
campaign-hedged,2.0,0.5,41000213,0.0,0.9375,0.9375,1.0,15,488.6666666666667,0.0,0.9375
telescoping-fixed,2.0,0.5,41000214,0.0,0.8125,0.8125,1.0,13,490.61538461538464,0.0,0.8125
telescoping-hedged,2.0,0.5,41000214,0.0,0.8125,0.8125,1.0,13,582.9230769230769,0.0,0.8125
campaign-fixed,2.0,0.5,41000214,0.0,1.0,1.0,1.0,16,532.25,0.0,1.0
campaign-hedged,2.0,0.5,41000214,0.0,0.8125,0.8125,1.0,13,563.3076923076923,0.0,0.8125
telescoping-fixed,2.0,0.5,41000215,0.0,0.9375,0.9375,1.0,15,382.3333333333333,0.0,0.875
telescoping-hedged,2.0,0.5,41000215,0.0,0.875,0.875,1.0,14,446.7142857142857,0.0,0.875
campaign-fixed,2.0,0.5,41000215,0.0,0.9375,0.9375,1.0,15,377.0,0.0,0.875
campaign-hedged,2.0,0.5,41000215,0.0,0.9375,0.9375,1.0,15,440.6666666666667,0.0,0.875
telescoping-fixed,2.0,0.5,41000216,0.0,1.0,1.0,1.0,16,320.0625,0.0,1.0
telescoping-hedged,2.0,0.5,41000216,0.0,1.0,1.0,1.0,16,447.875,0.0,0.9375
campaign-fixed,2.0,0.5,41000216,0.0,1.0,1.0,1.0,16,276.3125,0.0,1.0
campaign-hedged,2.0,0.5,41000216,0.0,1.0,1.0,1.0,16,412.5625,0.0,1.0
telescoping-fixed,2.0,0.5,41000217,0.0,0.9375,0.9375,1.0,15,495.3333333333333,0.0,0.875
telescoping-hedged,2.0,0.5,41000217,0.0,0.9375,0.9375,1.0,15,569.0,0.0,0.875
campaign-fixed,2.0,0.5,41000217,0.0,0.9375,0.9375,1.0,15,471.3333333333333,0.0,0.875
campaign-hedged,2.0,0.5,41000217,0.0,0.9375,0.9375,1.0,15,554.3333333333334,0.0,0.875
telescoping-fixed,2.0,0.5,41000218,0.0,0.75,0.75,1.0,12,614.3333333333334,0.0,0.6875
telescoping-hedged,2.0,0.5,41000218,0.0,0.6875,0.6875,1.0,11,934.6363636363636,0.0,0.375
campaign-fixed,2.0,0.5,41000218,0.0,0.75,0.75,1.0,12,620.1666666666666,0.0,0.6875
campaign-hedged,2.0,0.5,41000218,0.0,0.6875,0.6875,1.0,11,920.0909090909091,0.0,0.5
telescoping-fixed,2.0,0.5,41000219,0.0,0.8125,0.8125,1.0,13,651.3846153846154,0.0,0.8125
telescoping-hedged,2.0,0.5,41000219,0.0,0.75,0.75,1.0,12,773.9166666666666,0.0,0.75
campaign-fixed,2.0,0.5,41000219,0.0,0.8125,0.8125,1.0,13,587.9230769230769,0.0,0.75
campaign-hedged,2.0,0.5,41000219,0.0,0.8125,0.8125,1.0,13,846.7692307692307,0.0,0.8125
telescoping-fixed,2.0,0.5,41000220,0.058823529411764705,1.0,1.0,1.0,17,302.875,0.0,0.875
telescoping-hedged,2.0,0.5,41000220,0.0,0.9375,0.9375,1.0,15,347.6666666666667,0.0,0.875
campaign-fixed,2.0,0.5,41000220,0.058823529411764705,1.0,1.0,1.0,17,266.0,0.0,0.875
campaign-hedged,2.0,0.5,41000220,0.0,1.0,1.0,1.0,16,321.3125,0.0,0.875
telescoping-fixed,2.0,0.5,41000221,0.0,0.9375,0.9375,1.0,15,517.0,0.0,0.875
telescoping-hedged,2.0,0.5,41000221,0.0,0.875,0.875,1.0,14,532.0714285714286,0.0,0.875
campaign-fixed,2.0,0.5,41000221,0.0,0.9375,0.9375,1.0,15,466.0,0.0,0.9375
campaign-hedged,2.0,0.5,41000221,0.0,0.9375,0.9375,1.0,15,540.0,0.0,0.875
telescoping-fixed,2.0,0.5,41000222,0.0,0.9375,0.9375,1.0,15,746.6666666666666,0.0,0.9375
telescoping-hedged,2.0,0.5,41000222,0.0,0.9375,0.9375,1.0,15,794.3333333333334,0.0,0.9375
campaign-fixed,2.0,0.5,41000222,0.0,0.9375,0.9375,1.0,15,716.0,0.0,0.9375
campaign-hedged,2.0,0.5,41000222,0.0,0.9375,0.9375,1.0,15,787.6666666666666,0.0,0.9375
telescoping-fixed,2.0,0.5,41000223,0.0,1.0,1.0,1.0,16,509.125,0.0,1.0
telescoping-hedged,2.0,0.5,41000223,0.0,0.875,0.875,1.0,14,542.0714285714286,0.0,0.875
campaign-fixed,2.0,0.5,41000223,0.0,1.0,1.0,1.0,16,471.625,0.0,1.0
campaign-hedged,2.0,0.5,41000223,0.0,1.0,1.0,1.0,16,575.6875,0.0,1.0
telescoping-fixed,2.0,0.5,41000224,0.0,0.8125,0.8125,1.0,13,424.0769230769231,0.0,0.75
telescoping-hedged,2.0,0.5,41000224,0.0,0.75,0.75,1.0,12,523.9166666666666,0.0,0.75
campaign-fixed,2.0,0.5,41000224,0.0,0.8125,0.8125,1.0,13,382.9230769230769,0.0,0.8125
campaign-hedged,2.0,0.5,41000224,0.0,0.8125,0.8125,1.0,13,508.6923076923077,0.0,0.75
telescoping-fixed,2.0,0.5,41000225,0.0,0.9375,0.9375,1.0,15,556.6666666666666,0.0,0.9375
telescoping-hedged,2.0,0.5,41000225,0.0,0.875,0.875,1.0,14,635.6428571428571,0.0,0.875
campaign-fixed,2.0,0.5,41000225,0.0,0.9375,0.9375,1.0,15,536.0,0.0,0.9375
campaign-hedged,2.0,0.5,41000225,0.0,0.9375,0.9375,1.0,15,609.3333333333334,0.0,0.9375
telescoping-fixed,2.0,0.5,41000226,0.0,1.0,1.0,1.0,16,548.1875,0.0,0.875
telescoping-hedged,2.0,0.5,41000226,0.0,0.9375,0.9375,1.0,15,629.6666666666666,0.0,0.875
campaign-fixed,2.0,0.5,41000226,0.0,1.0,1.0,1.0,16,522.25,0.0,0.875
campaign-hedged,2.0,0.5,41000226,0.0,1.0,1.0,1.0,16,593.1875,0.0,0.9375
telescoping-fixed,2.0,0.5,41000227,0.0,1.0,1.0,1.0,16,635.0625,0.0,1.0
telescoping-hedged,2.0,0.5,41000227,0.0,1.0,1.0,1.0,16,741.0,0.0,0.875
campaign-fixed,2.0,0.5,41000227,0.0,1.0,1.0,1.0,16,630.375,0.0,1.0
campaign-hedged,2.0,0.5,41000227,0.0,1.0,1.0,1.0,16,690.6875,0.0,1.0
telescoping-fixed,2.0,0.5,41000228,0.0,0.4375,0.4375,1.0,7,583.8571428571429,0.0,0.1875
telescoping-hedged,2.0,0.5,41000228,0.0,0.1875,0.1875,1.0,3,447.6666666666667,0.0,0.0625
campaign-fixed,2.0,0.5,41000228,0.0,0.5,0.5,1.0,8,651.625,0.0,0.1875
campaign-hedged,2.0,0.5,41000228,0.0,0.125,0.125,1.0,2,503.5,0.0,0.0625
telescoping-fixed,2.0,0.5,41000229,0.0,0.9375,0.9375,1.0,15,433.6666666666667,0.0,0.875
telescoping-hedged,2.0,0.5,41000229,0.0,0.9375,0.9375,1.0,15,507.3333333333333,0.0,0.875
campaign-fixed,2.0,0.5,41000229,0.0,1.0,1.0,1.0,16,420.0625,0.0,1.0
campaign-hedged,2.0,0.5,41000229,0.0,1.0,1.0,1.0,16,479.4375,0.0,0.9375
telescoping-fixed,2.0,0.5,41000230,0.0,1.0,1.0,1.0,16,616.0,0.0,0.875
telescoping-hedged,2.0,0.5,41000230,0.0,0.875,0.875,1.0,14,641.7142857142857,0.0,0.875
campaign-fixed,2.0,0.5,41000230,0.0,1.0,1.0,1.0,16,603.1875,0.0,0.9375
campaign-hedged,2.0,0.5,41000230,0.0,1.0,1.0,1.0,16,643.1875,0.0,0.875
telescoping-fixed,2.0,0.5,41000231,0.0,1.0,1.0,1.0,16,296.0,0.0,1.0
telescoping-hedged,2.0,0.5,41000231,0.0,1.0,1.0,1.0,16,353.5,0.0,1.0
campaign-fixed,2.0,0.5,41000231,0.0,1.0,1.0,1.0,16,280.375,0.0,1.0
campaign-hedged,2.0,0.5,41000231,0.0,1.0,1.0,1.0,16,334.4375,0.0,1.0
telescoping-fixed,2.0,0.5,41000232,0.0,1.0,1.0,1.0,16,282.875,0.0,1.0
telescoping-hedged,2.0,0.5,41000232,0.0,1.0,1.0,1.0,16,349.75,0.0,1.0
campaign-fixed,2.0,0.5,41000232,0.0,1.0,1.0,1.0,16,257.875,0.0,1.0
campaign-hedged,2.0,0.5,41000232,0.0,1.0,1.0,1.0,16,312.875,0.0,1.0
telescoping-fixed,2.0,0.5,41000233,0.0,0.9375,0.9375,1.0,15,531.0,0.0,0.9375
telescoping-hedged,2.0,0.5,41000233,0.0,1.0,1.0,1.0,16,642.5625,0.0,0.9375
campaign-fixed,2.0,0.5,41000233,0.0,0.9375,0.9375,1.0,15,430.6666666666667,0.0,0.9375
campaign-hedged,2.0,0.5,41000233,0.0,1.0,1.0,1.0,16,616.9375,0.0,0.9375
telescoping-fixed,2.0,0.5,41000234,0.0,0.0625,0.0625,1.0,1,621.0,0.0,0.0
telescoping-hedged,2.0,0.5,41000234,0.0,0.0,0.0,1.0,0,,0.0,0.0
campaign-fixed,2.0,0.5,41000234,0.0,0.0,0.0,1.0,0,,0.0,0.0
campaign-hedged,2.0,0.5,41000234,0.0,0.0,0.0,1.0,0,,0.0,0.0
telescoping-fixed,2.0,0.5,41000235,0.0,1.0,1.0,1.0,16,686.9375,0.0,0.9375
telescoping-hedged,2.0,0.5,41000235,0.0,0.9375,0.9375,1.0,15,723.0,0.0,0.875
campaign-fixed,2.0,0.5,41000235,0.0,1.0,1.0,1.0,16,668.1875,0.0,0.9375
campaign-hedged,2.0,0.5,41000235,0.0,1.0,1.0,1.0,16,709.4375,0.0,0.875
telescoping-fixed,2.0,0.5,41000236,0.0,0.9375,0.9375,1.0,15,434.3333333333333,0.0,0.75
telescoping-hedged,2.0,0.5,41000236,0.0,0.9375,0.9375,1.0,15,477.3333333333333,0.0,0.8125
campaign-fixed,2.0,0.5,41000236,0.0,0.9375,0.9375,1.0,15,416.0,0.0,0.75
campaign-hedged,2.0,0.5,41000236,0.0,0.9375,0.9375,1.0,15,468.3333333333333,0.0,0.875
telescoping-fixed,2.0,0.5,41000237,0.0,0.75,0.75,1.0,12,926.0,0.0,0.6875
telescoping-hedged,2.0,0.5,41000237,0.0,0.5625,0.5625,1.0,9,1023.7777777777778,0.0,0.5625
campaign-fixed,2.0,0.5,41000237,0.0,0.75,0.75,1.0,12,988.9166666666666,0.0,0.75
campaign-hedged,2.0,0.5,41000237,0.0,0.75,0.75,1.0,12,1044.3333333333333,0.0,0.5625
telescoping-fixed,2.0,0.5,41000238,0.0,0.8125,0.8125,1.0,13,531.7692307692307,0.0,0.625
telescoping-hedged,2.0,0.5,41000238,0.0,0.75,0.75,1.0,12,661.8333333333334,0.0,0.625
campaign-fixed,2.0,0.5,41000238,0.0,0.875,0.875,1.0,14,519.5714285714286,0.0,0.6875
campaign-hedged,2.0,0.5,41000238,0.0,0.875,0.875,1.0,14,782.4285714285714,0.0,0.6875
telescoping-fixed,2.0,0.5,41000239,0.0,1.0,1.0,1.0,16,292.5625,0.0,1.0
telescoping-hedged,2.0,0.5,41000239,0.0,0.9375,0.9375,1.0,15,301.6666666666667,0.0,0.9375
campaign-fixed,2.0,0.5,41000239,0.0,1.0,1.0,1.0,16,267.875,0.0,1.0
campaign-hedged,2.0,0.5,41000239,0.0,1.0,1.0,1.0,16,312.875,0.0,1.0
telescoping-fixed,2.0,0.5,41000240,0.0,1.0,1.0,1.0,16,524.4375,0.0,1.0
telescoping-hedged,2.0,0.5,41000240,0.0,1.0,1.0,1.0,16,586.9375,0.0,1.0
campaign-fixed,2.0,0.5,41000240,0.0,1.0,1.0,1.0,16,508.8125,0.0,1.0
campaign-hedged,2.0,0.5,41000240,0.0,1.0,1.0,1.0,16,561.3125,0.0,1.0
telescoping-fixed,2.0,0.5,41000241,0.0,0.9375,0.9375,1.0,15,653.6666666666666,0.0,0.875
telescoping-hedged,2.0,0.5,41000241,0.0,0.8125,0.8125,1.0,13,777.9230769230769,0.0,0.8125
campaign-fixed,2.0,0.5,41000241,0.0,0.9375,0.9375,1.0,15,639.3333333333334,0.0,0.875
campaign-hedged,2.0,0.5,41000241,0.0,0.875,0.875,1.0,14,772.0714285714286,0.0,0.875
telescoping-fixed,2.0,0.5,41000242,0.0,0.875,0.875,1.0,14,563.8571428571429,0.0,0.75
telescoping-hedged,2.0,0.5,41000242,0.0,0.8125,0.8125,1.0,13,631.0,0.0,0.75
campaign-fixed,2.0,0.5,41000242,0.0,0.875,0.875,1.0,14,529.2142857142857,0.0,0.75
campaign-hedged,2.0,0.5,41000242,0.0,0.875,0.875,1.0,14,605.2857142857143,0.0,0.75
telescoping-fixed,2.0,0.5,41000243,0.0,0.9375,0.9375,1.0,15,484.3333333333333,0.0,0.9375
telescoping-hedged,2.0,0.5,41000243,0.0,0.9375,0.9375,1.0,15,552.6666666666666,0.0,0.9375
campaign-fixed,2.0,0.5,41000243,0.058823529411764705,1.0,1.0,1.0,17,478.8125,0.058823529411764705,1.0
campaign-hedged,2.0,0.5,41000243,0.0,0.9375,0.9375,1.0,15,532.0,0.0,0.9375
telescoping-fixed,2.0,0.5,41000244,0.0,0.25,0.25,1.0,4,919.75,0.0,0.25
telescoping-hedged,2.0,0.5,41000244,0.0,0.25,0.25,1.0,4,1013.5,0.0,0.25
campaign-fixed,2.0,0.5,41000244,0.0,0.3125,0.3125,1.0,5,997.0,0.0,0.3125
campaign-hedged,2.0,0.5,41000244,0.0,0.25,0.25,1.0,4,1134.75,0.0,0.1875
telescoping-fixed,2.0,0.5,41000245,0.0,1.0,1.0,1.0,16,718.0625,0.0,1.0
telescoping-hedged,2.0,0.5,41000245,0.0,0.9375,0.9375,1.0,15,773.3333333333334,0.0,0.9375
campaign-fixed,2.0,0.5,41000245,0.0,1.0,1.0,1.0,16,687.5625,0.0,1.0
campaign-hedged,2.0,0.5,41000245,0.0,1.0,1.0,1.0,16,764.4375,0.0,1.0
telescoping-fixed,2.0,0.5,41000246,0.0,0.9375,0.9375,1.0,15,594.3333333333334,0.0,0.9375
telescoping-hedged,2.0,0.5,41000246,0.0,0.9375,0.9375,1.0,15,682.0,0.0,0.875
campaign-fixed,2.0,0.5,41000246,0.0,1.0,1.0,1.0,16,580.6875,0.0,1.0
campaign-hedged,2.0,0.5,41000246,0.0,0.9375,0.9375,1.0,15,633.0,0.0,0.9375
telescoping-fixed,2.0,0.5,41000247,0.0,1.0,1.0,1.0,16,357.25,0.0,1.0
telescoping-hedged,2.0,0.5,41000247,0.0,1.0,1.0,1.0,16,454.125,0.0,1.0
campaign-fixed,2.0,0.5,41000247,0.0,1.0,1.0,1.0,16,327.875,0.0,1.0
campaign-hedged,2.0,0.5,41000247,0.0,1.0,1.0,1.0,16,436.3125,0.0,1.0
telescoping-fixed,2.0,0.5,41000248,0.0,1.0,1.0,1.0,16,764.4375,0.0,0.9375
telescoping-hedged,2.0,0.5,41000248,0.0,0.875,0.875,1.0,14,832.7857142857143,0.0,0.875
campaign-fixed,2.0,0.5,41000248,0.0,1.0,1.0,1.0,16,746.9375,0.0,1.0
campaign-hedged,2.0,0.5,41000248,0.0,1.0,1.0,1.0,16,851.0,0.0,1.0
telescoping-fixed,2.0,0.5,41000249,0.0,0.5625,0.5625,1.0,9,582.6666666666666,0.0,0.5
telescoping-hedged,2.0,0.5,41000249,0.0,0.5,0.5,1.0,8,637.25,0.0,0.5
campaign-fixed,2.0,0.5,41000249,0.0,0.8125,0.8125,1.0,13,696.0,0.0,0.8125
campaign-hedged,2.0,0.5,41000249,0.0,0.625,0.625,1.0,10,785.0,0.0,0.5
telescoping-fixed,2.0,0.5,41000250,0.0,0.9375,0.9375,1.0,15,414.0,0.0,0.8125
telescoping-hedged,2.0,0.5,41000250,0.0,0.6875,0.6875,1.0,11,351.90909090909093,0.0,0.625
campaign-fixed,2.0,0.5,41000250,0.0,1.0,1.0,1.0,16,417.5625,0.0,0.9375
campaign-hedged,2.0,0.5,41000250,0.0,1.0,1.0,1.0,16,484.4375,0.0,0.8125
telescoping-fixed,2.0,0.5,41000251,0.0,1.0,1.0,1.0,16,752.5625,0.0,1.0
telescoping-hedged,2.0,0.5,41000251,0.0,1.0,1.0,1.0,16,828.0625,0.0,1.0
campaign-fixed,2.0,0.5,41000251,0.0,1.0,1.0,1.0,16,730.375,0.0,1.0
campaign-hedged,2.0,0.5,41000251,0.0,1.0,1.0,1.0,16,777.25,0.0,1.0
telescoping-fixed,2.0,0.5,41000252,0.0,0.9375,0.9375,1.0,15,493.6666666666667,0.0,0.9375
telescoping-hedged,2.0,0.5,41000252,0.0,0.9375,0.9375,1.0,15,545.0,0.0,0.9375
campaign-fixed,2.0,0.5,41000252,0.0,0.9375,0.9375,1.0,15,457.0,0.0,0.9375
campaign-hedged,2.0,0.5,41000252,0.0,0.9375,0.9375,1.0,15,550.3333333333334,0.0,0.9375
telescoping-fixed,2.0,0.5,41000253,0.0,1.0,1.0,1.0,16,539.4375,0.0,1.0
telescoping-hedged,2.0,0.5,41000253,0.0,1.0,1.0,1.0,16,631.9375,0.0,1.0
campaign-fixed,2.0,0.5,41000253,0.0,1.0,1.0,1.0,16,503.8125,0.0,1.0
campaign-hedged,2.0,0.5,41000253,0.0,1.0,1.0,1.0,16,594.4375,0.0,1.0
telescoping-fixed,2.0,0.5,41000254,0.0,0.9375,0.9375,1.0,15,620.3333333333334,0.0,0.875
telescoping-hedged,2.0,0.5,41000254,0.0,0.875,0.875,1.0,14,661.0,0.0,0.875
campaign-fixed,2.0,0.5,41000254,0.0,1.0,1.0,1.0,16,600.0625,0.0,1.0
campaign-hedged,2.0,0.5,41000254,0.0,0.875,0.875,1.0,14,616.3571428571429,0.0,0.875
telescoping-fixed,2.0,0.5,41000255,0.0,1.0,1.0,1.0,16,605.375,0.0,0.875
telescoping-hedged,2.0,0.5,41000255,0.0,0.875,0.875,1.0,14,634.5714285714286,0.0,0.875
campaign-fixed,2.0,0.5,41000255,0.0,1.0,1.0,1.0,16,561.3125,0.0,1.0
campaign-hedged,2.0,0.5,41000255,0.0,1.0,1.0,1.0,16,652.25,0.0,1.0
telescoping-fixed,2.0,0.5,41000256,0.0,0.9375,0.9375,1.0,15,540.5333333333333,0.0,0.9375
telescoping-hedged,2.0,0.5,41000256,0.0,0.75,0.75,1.0,12,582.25,0.0,0.75
campaign-fixed,2.0,0.5,41000256,0.0,0.9375,0.9375,1.0,15,516.6666666666666,0.0,0.9375
campaign-hedged,2.0,0.5,41000256,0.0,0.9375,0.9375,1.0,15,664.6666666666666,0.0,0.9375
telescoping-fixed,2.0,0.5,41000257,0.0,1.0,1.0,1.0,16,577.5625,0.0,1.0
telescoping-hedged,2.0,0.5,41000257,0.0,1.0,1.0,1.0,16,661.0,0.0,1.0
campaign-fixed,2.0,0.5,41000257,0.0,1.0,1.0,1.0,16,558.1875,0.0,1.0
campaign-hedged,2.0,0.5,41000257,0.0,1.0,1.0,1.0,16,651.3125,0.0,1.0
telescoping-fixed,2.0,0.5,41000258,0.0,0.75,0.75,1.0,12,583.5,0.0,0.625
telescoping-hedged,2.0,0.5,41000258,0.0,0.6875,0.6875,1.0,11,821.0,0.0,0.5
campaign-fixed,2.0,0.5,41000258,0.0,0.8125,0.8125,1.0,13,487.53846153846155,0.0,0.625
campaign-hedged,2.0,0.5,41000258,0.0,0.6875,0.6875,1.0,11,790.5454545454545,0.0,0.625
telescoping-fixed,2.0,0.5,41000259,0.0,1.0,1.0,1.0,16,359.125,0.0,0.875
telescoping-hedged,2.0,0.5,41000259,0.0,0.9375,0.9375,1.0,15,454.6666666666667,0.0,0.875
campaign-fixed,2.0,0.5,41000259,0.0,1.0,1.0,1.0,16,341.9375,0.0,0.9375
campaign-hedged,2.0,0.5,41000259,0.0,1.0,1.0,1.0,16,429.4375,0.0,0.9375
telescoping-fixed,2.0,0.5,41000260,0.0,1.0,1.0,1.0,16,475.6875,0.0,1.0
telescoping-hedged,2.0,0.5,41000260,0.0,1.0,1.0,1.0,16,577.875,0.0,1.0
campaign-fixed,2.0,0.5,41000260,0.0,1.0,1.0,1.0,16,435.375,0.0,1.0
campaign-hedged,2.0,0.5,41000260,0.0,1.0,1.0,1.0,16,554.75,0.0,1.0
telescoping-fixed,2.0,0.5,41000261,0.0,1.0,1.0,1.0,16,446.0,0.0,0.9375
telescoping-hedged,2.0,0.5,41000261,0.0,0.875,0.875,1.0,14,468.5,0.0,0.875
campaign-fixed,2.0,0.5,41000261,0.0,1.0,1.0,1.0,16,382.5625,0.0,1.0
campaign-hedged,2.0,0.5,41000261,0.0,1.0,1.0,1.0,16,474.4375,0.0,1.0
telescoping-fixed,2.0,0.5,41000262,0.0,0.4375,0.4375,1.0,7,459.57142857142856,0.0,0.375
telescoping-hedged,2.0,0.5,41000262,0.0,0.375,0.375,1.0,6,558.1666666666666,0.0,0.25
campaign-fixed,2.0,0.5,41000262,0.0,0.5,0.5,1.0,8,446.0,0.0,0.375
campaign-hedged,2.0,0.5,41000262,0.0,0.4375,0.4375,1.0,7,588.1428571428571,0.0,0.375
telescoping-fixed,2.0,0.5,41000263,0.0,0.8125,0.8125,1.0,13,767.5384615384615,0.0,0.8125
telescoping-hedged,2.0,0.5,41000263,0.0,0.75,0.75,1.0,12,850.1666666666666,0.0,0.625
campaign-fixed,2.0,0.5,41000263,0.0,0.9375,0.9375,1.0,15,800.6666666666666,0.0,0.8125
campaign-hedged,2.0,0.5,41000263,0.0,0.8125,0.8125,1.0,13,877.9230769230769,0.0,0.75
telescoping-fixed,2.0,0.5,41000264,0.0,1.0,1.0,1.0,16,606.625,0.0,1.0
telescoping-hedged,2.0,0.5,41000264,0.0,1.0,1.0,1.0,16,678.5,0.0,1.0
campaign-fixed,2.0,0.5,41000264,0.0,1.0,1.0,1.0,16,609.75,0.0,1.0
campaign-hedged,2.0,0.5,41000264,0.0,1.0,1.0,1.0,16,631.9375,0.0,1.0
telescoping-fixed,2.0,0.5,41000265,0.0,1.0,1.0,1.0,16,634.4375,0.0,1.0
telescoping-hedged,2.0,0.5,41000265,0.0,1.0,1.0,1.0,16,681.625,0.0,1.0
campaign-fixed,2.0,0.5,41000265,0.0,1.0,1.0,1.0,16,641.3125,0.0,1.0
campaign-hedged,2.0,0.5,41000265,0.0,1.0,1.0,1.0,16,671.625,0.0,1.0
telescoping-fixed,2.0,0.5,41000266,0.0,1.0,1.0,1.0,16,633.8125,0.0,1.0
telescoping-hedged,2.0,0.5,41000266,0.0,1.0,1.0,1.0,16,685.6875,0.0,1.0
campaign-fixed,2.0,0.5,41000266,0.0,1.0,1.0,1.0,16,594.75,0.0,1.0
campaign-hedged,2.0,0.5,41000266,0.0,1.0,1.0,1.0,16,670.6875,0.0,1.0
telescoping-fixed,2.0,0.5,41000267,0.0,0.875,0.875,1.0,14,434.2142857142857,0.0,0.8125
telescoping-hedged,2.0,0.5,41000267,0.0,0.75,0.75,1.0,12,514.75,0.0,0.75
campaign-fixed,2.0,0.5,41000267,0.0,0.9375,0.9375,1.0,15,409.0,0.0,0.875
campaign-hedged,2.0,0.5,41000267,0.0,0.875,0.875,1.0,14,586.3571428571429,0.0,0.8125
telescoping-fixed,2.0,0.5,41000268,0.0,0.875,0.875,1.0,14,591.3571428571429,0.0,0.875
telescoping-hedged,2.0,0.5,41000268,0.0,0.8125,0.8125,1.0,13,649.4615384615385,0.0,0.8125
campaign-fixed,2.0,0.5,41000268,0.0,0.9375,0.9375,1.0,15,593.5333333333333,0.0,0.9375
campaign-hedged,2.0,0.5,41000268,0.0,0.875,0.875,1.0,14,645.6428571428571,0.0,0.875
telescoping-fixed,2.0,0.5,41000269,0.0,1.0,1.0,1.0,16,401.0,0.0,1.0
telescoping-hedged,2.0,0.5,41000269,0.0,1.0,1.0,1.0,16,458.8125,0.0,0.9375
campaign-fixed,2.0,0.5,41000269,0.058823529411764705,1.0,1.0,1.0,17,395.375,0.0,1.0
campaign-hedged,2.0,0.5,41000269,0.0,1.0,1.0,1.0,16,437.5625,0.0,1.0
telescoping-fixed,2.0,0.5,41000270,0.0,0.875,0.875,1.0,14,478.85714285714283,0.0,0.875
telescoping-hedged,2.0,0.5,41000270,0.0,0.875,0.875,1.0,14,537.7857142857143,0.0,0.75
campaign-fixed,2.0,0.5,41000270,0.0,0.875,0.875,1.0,14,436.7142857142857,0.0,0.875
campaign-hedged,2.0,0.5,41000270,0.0,0.875,0.875,1.0,14,518.1428571428571,0.0,0.875
telescoping-fixed,2.0,0.5,41000271,0.0,0.8125,0.8125,1.0,13,552.1538461538462,0.0,0.8125
telescoping-hedged,2.0,0.5,41000271,0.0,0.8125,0.8125,1.0,13,665.0769230769231,0.0,0.8125
campaign-fixed,2.0,0.5,41000271,0.0,0.875,0.875,1.0,14,574.5714285714286,0.0,0.875
campaign-hedged,2.0,0.5,41000271,0.0,0.8125,0.8125,1.0,13,640.6153846153846,0.0,0.8125
telescoping-fixed,2.0,0.5,41000272,0.0,0.9375,0.9375,1.0,15,617.6666666666666,0.0,0.875
telescoping-hedged,2.0,0.5,41000272,0.0,0.875,0.875,1.0,14,647.4285714285714,0.0,0.8125
campaign-fixed,2.0,0.5,41000272,0.0,1.0,1.0,1.0,16,589.125,0.0,0.9375
campaign-hedged,2.0,0.5,41000272,0.0,1.0,1.0,1.0,16,701.0,0.0,0.875
telescoping-fixed,2.0,0.5,41000273,0.0,1.0,1.0,1.0,16,357.875,0.0,0.9375
telescoping-hedged,2.0,0.5,41000273,0.0,1.0,1.0,1.0,16,459.125,0.0,0.9375
campaign-fixed,2.0,0.5,41000273,0.0,1.0,1.0,1.0,16,320.6875,0.0,1.0
campaign-hedged,2.0,0.5,41000273,0.0,1.0,1.0,1.0,16,416.625,0.0,0.9375
telescoping-fixed,2.0,0.5,41000274,0.0,0.875,0.875,1.0,14,473.85714285714283,0.0,0.8125
telescoping-hedged,2.0,0.5,41000274,0.0,0.8125,0.8125,1.0,13,532.9230769230769,0.0,0.8125
campaign-fixed,2.0,0.5,41000274,0.0,0.9375,0.9375,1.0,15,446.3333333333333,0.0,0.8125
campaign-hedged,2.0,0.5,41000274,0.0,0.9375,0.9375,1.0,15,526.6666666666666,0.0,0.8125
telescoping-fixed,2.0,0.5,41000275,0.0,1.0,1.0,1.0,16,342.25,0.0,0.9375
telescoping-hedged,2.0,0.5,41000275,0.0,1.0,1.0,1.0,16,432.875,0.0,0.9375
campaign-fixed,2.0,0.5,41000275,0.0,1.0,1.0,1.0,16,298.8125,0.0,1.0
campaign-hedged,2.0,0.5,41000275,0.0,1.0,1.0,1.0,16,421.9375,0.0,1.0
telescoping-fixed,2.0,0.5,41000276,0.0,0.9375,0.9375,1.0,15,641.0,0.0,0.9375
telescoping-hedged,2.0,0.5,41000276,0.0,0.75,0.75,1.0,12,695.5833333333334,0.0,0.75
campaign-fixed,2.0,0.5,41000276,0.0,1.0,1.0,1.0,16,619.4375,0.0,1.0
campaign-hedged,2.0,0.5,41000276,0.0,0.875,0.875,1.0,14,688.5,0.0,0.875
telescoping-fixed,2.0,0.5,41000277,0.0,1.0,1.0,1.0,16,521.625,0.0,0.875
telescoping-hedged,2.0,0.5,41000277,0.0,0.9375,0.9375,1.0,15,595.6666666666666,0.0,0.875
campaign-fixed,2.0,0.5,41000277,0.0,1.0,1.0,1.0,16,483.8125,0.0,1.0
campaign-hedged,2.0,0.5,41000277,0.0,1.0,1.0,1.0,16,547.5625,0.0,0.9375
telescoping-fixed,2.0,0.5,41000278,0.0,1.0,1.0,1.0,16,285.375,0.0,1.0
telescoping-hedged,2.0,0.5,41000278,0.0,1.0,1.0,1.0,16,366.9375,0.0,1.0
campaign-fixed,2.0,0.5,41000278,0.0,1.0,1.0,1.0,16,254.125,0.0,1.0
campaign-hedged,2.0,0.5,41000278,0.0,1.0,1.0,1.0,16,334.4375,0.0,1.0
telescoping-fixed,2.0,0.5,41000279,0.0,1.0,1.0,1.0,16,359.75,0.0,1.0
telescoping-hedged,2.0,0.5,41000279,0.0,1.0,1.0,1.0,16,459.75,0.0,1.0
campaign-fixed,2.0,0.5,41000279,0.0,1.0,1.0,1.0,16,337.25,0.0,1.0
campaign-hedged,2.0,0.5,41000279,0.0,1.0,1.0,1.0,16,426.0,0.0,1.0
telescoping-fixed,2.0,0.5,41000280,0.0,1.0,1.0,1.0,16,436.9375,0.0,1.0
telescoping-hedged,2.0,0.5,41000280,0.0,1.0,1.0,1.0,16,479.125,0.0,1.0
campaign-fixed,2.0,0.5,41000280,0.0,1.0,1.0,1.0,16,422.5625,0.0,1.0
campaign-hedged,2.0,0.5,41000280,0.0,1.0,1.0,1.0,16,453.1875,0.0,1.0
telescoping-fixed,2.0,0.5,41000281,0.0,0.9375,0.9375,1.0,15,536.0,0.0,0.9375
telescoping-hedged,2.0,0.5,41000281,0.0,0.9375,0.9375,1.0,15,689.0,0.0,0.9375
campaign-fixed,2.0,0.5,41000281,0.0,0.9375,0.9375,1.0,15,475.6666666666667,0.0,0.9375
campaign-hedged,2.0,0.5,41000281,0.0,0.9375,0.9375,1.0,15,649.0,0.0,0.9375
telescoping-fixed,2.0,0.5,41000282,0.0,0.9375,0.9375,1.0,15,421.0,0.0,0.9375
telescoping-hedged,2.0,0.5,41000282,0.0,0.875,0.875,1.0,14,514.5714285714286,0.0,0.875
campaign-fixed,2.0,0.5,41000282,0.0,1.0,1.0,1.0,16,393.5,0.0,0.9375
campaign-hedged,2.0,0.5,41000282,0.0,0.9375,0.9375,1.0,15,495.3333333333333,0.0,0.9375
telescoping-fixed,2.0,0.5,41000283,0.0,0.8125,0.8125,1.0,13,716.0,0.0,0.6875
telescoping-hedged,2.0,0.5,41000283,0.0,0.75,0.75,1.0,12,801.4166666666666,0.0,0.75
campaign-fixed,2.0,0.5,41000283,0.0,0.875,0.875,1.0,14,714.9285714285714,0.0,0.75
campaign-hedged,2.0,0.5,41000283,0.0,0.8125,0.8125,1.0,13,785.6153846153846,0.0,0.75
telescoping-fixed,2.0,0.5,41000284,0.0,0.8125,0.8125,1.0,13,496.0,0.0,0.8125
telescoping-hedged,2.0,0.5,41000284,0.0,0.8125,0.8125,1.0,13,544.0769230769231,0.0,0.75
campaign-fixed,2.0,0.5,41000284,0.0,1.0,1.0,1.0,16,562.25,0.0,0.875
campaign-hedged,2.0,0.5,41000284,0.0,0.875,0.875,1.0,14,558.5,0.0,0.8125
telescoping-fixed,2.0,0.5,41000285,0.0,0.9375,0.9375,1.0,15,609.0,0.0,0.9375
telescoping-hedged,2.0,0.5,41000285,0.0,0.9375,0.9375,1.0,15,725.3333333333334,0.0,0.9375
campaign-fixed,2.0,0.5,41000285,0.0,0.9375,0.9375,1.0,15,568.6666666666666,0.0,0.9375
campaign-hedged,2.0,0.5,41000285,0.0,0.9375,0.9375,1.0,15,657.6666666666666,0.0,0.9375
telescoping-fixed,2.0,0.5,41000286,0.0,0.875,0.875,1.0,14,838.1428571428571,0.0,0.875
telescoping-hedged,2.0,0.5,41000286,0.0,0.8125,0.8125,1.0,13,934.0769230769231,0.0,0.75
campaign-fixed,2.0,0.5,41000286,0.0,0.875,0.875,1.0,14,756.3571428571429,0.0,0.875
campaign-hedged,2.0,0.5,41000286,0.0,0.875,0.875,1.0,14,973.8571428571429,0.0,0.875
telescoping-fixed,2.0,0.5,41000287,0.0,0.9375,0.9375,1.0,15,576.6666666666666,0.0,0.9375
telescoping-hedged,2.0,0.5,41000287,0.0,0.875,0.875,1.0,14,599.9285714285714,0.0,0.875
campaign-fixed,2.0,0.5,41000287,0.0,1.0,1.0,1.0,16,555.6875,0.0,0.9375
campaign-hedged,2.0,0.5,41000287,0.0,0.9375,0.9375,1.0,15,612.0,0.0,0.9375
telescoping-fixed,2.0,0.5,41000288,0.0,1.0,1.0,1.0,16,461.625,0.0,0.875
telescoping-hedged,2.0,0.5,41000288,0.0,0.875,0.875,1.0,14,464.2142857142857,0.0,0.75
campaign-fixed,2.0,0.5,41000288,0.0,1.0,1.0,1.0,16,421.3125,0.0,0.9375
campaign-hedged,2.0,0.5,41000288,0.0,1.0,1.0,1.0,16,482.875,0.0,0.875
telescoping-fixed,2.0,0.5,41000289,0.0,1.0,1.0,1.0,16,394.125,0.0,1.0
telescoping-hedged,2.0,0.5,41000289,0.0,1.0,1.0,1.0,16,486.3125,0.0,1.0
campaign-fixed,2.0,0.5,41000289,0.0,1.0,1.0,1.0,16,384.4375,0.0,1.0
campaign-hedged,2.0,0.5,41000289,0.0,1.0,1.0,1.0,16,456.625,0.0,1.0
telescoping-fixed,2.0,0.5,41000290,0.0,0.875,0.875,1.0,14,538.1428571428571,0.0,0.875
telescoping-hedged,2.0,0.5,41000290,0.0,0.8125,0.8125,1.0,13,628.6923076923077,0.0,0.75
campaign-fixed,2.0,0.5,41000290,0.0,0.875,0.875,1.0,14,531.7142857142857,0.0,0.875
campaign-hedged,2.0,0.5,41000290,0.0,0.875,0.875,1.0,14,616.7142857142857,0.0,0.875
telescoping-fixed,2.0,0.5,41000291,0.0,1.0,1.0,1.0,16,453.5,0.0,1.0
telescoping-hedged,2.0,0.5,41000291,0.0,1.0,1.0,1.0,16,545.6875,0.0,1.0
campaign-fixed,2.0,0.5,41000291,0.0,1.0,1.0,1.0,16,446.0,0.0,1.0
campaign-hedged,2.0,0.5,41000291,0.0,1.0,1.0,1.0,16,526.0,0.0,1.0
telescoping-fixed,2.0,0.5,41000292,0.0,1.0,1.0,1.0,16,465.375,0.0,1.0
telescoping-hedged,2.0,0.5,41000292,0.0,1.0,1.0,1.0,16,567.75,0.0,1.0
campaign-fixed,2.0,0.5,41000292,0.0,1.0,1.0,1.0,16,466.0,0.0,1.0
campaign-hedged,2.0,0.5,41000292,0.0,1.0,1.0,1.0,16,517.5625,0.0,1.0
telescoping-fixed,2.0,0.5,41000293,0.0,0.8125,0.8125,1.0,13,474.0769230769231,0.0,0.75
telescoping-hedged,2.0,0.5,41000293,0.0,0.75,0.75,1.0,12,564.3333333333334,0.0,0.6875
campaign-fixed,2.0,0.5,41000293,0.0,0.875,0.875,1.0,14,462.42857142857144,0.0,0.875
campaign-hedged,2.0,0.5,41000293,0.0,0.875,0.875,1.0,14,629.5714285714286,0.0,0.75
telescoping-fixed,2.0,0.5,41000294,0.0,1.0,1.0,1.0,16,443.8125,0.0,1.0
telescoping-hedged,2.0,0.5,41000294,0.0,1.0,1.0,1.0,16,549.75,0.0,1.0
campaign-fixed,2.0,0.5,41000294,0.0,1.0,1.0,1.0,16,425.6875,0.0,1.0
campaign-hedged,2.0,0.5,41000294,0.0,1.0,1.0,1.0,16,496.9375,0.0,1.0
telescoping-fixed,2.0,0.5,41000295,0.0,1.0,1.0,1.0,16,520.375,0.0,1.0
telescoping-hedged,2.0,0.5,41000295,0.0,1.0,1.0,1.0,16,606.625,0.0,1.0
campaign-fixed,2.0,0.5,41000295,0.0,1.0,1.0,1.0,16,495.6875,0.0,1.0
campaign-hedged,2.0,0.5,41000295,0.0,1.0,1.0,1.0,16,577.875,0.0,1.0
telescoping-fixed,2.0,0.5,41000296,0.0,1.0,1.0,1.0,16,528.1875,0.0,0.9375
telescoping-hedged,2.0,0.5,41000296,0.0,0.9375,0.9375,1.0,15,535.0,0.0,0.9375
campaign-fixed,2.0,0.5,41000296,0.0,1.0,1.0,1.0,16,408.8125,0.0,1.0
campaign-hedged,2.0,0.5,41000296,0.0,1.0,1.0,1.0,16,551.3125,0.0,0.9375
telescoping-fixed,2.0,0.5,41000297,0.0,1.0,1.0,1.0,16,495.0625,0.0,1.0
telescoping-hedged,2.0,0.5,41000297,0.0,1.0,1.0,1.0,16,559.125,0.0,0.9375
campaign-fixed,2.0,0.5,41000297,0.058823529411764705,1.0,1.0,1.0,17,450.6875,0.0,1.0
campaign-hedged,2.0,0.5,41000297,0.0,1.0,1.0,1.0,16,532.875,0.0,1.0
telescoping-fixed,2.0,0.5,41000298,0.0,0.9375,0.9375,1.0,15,472.6666666666667,0.0,0.9375
telescoping-hedged,2.0,0.5,41000298,0.0,0.9375,0.9375,1.0,15,575.0,0.0,0.9375
campaign-fixed,2.0,0.5,41000298,0.0,0.9375,0.9375,1.0,15,456.0,0.0,0.9375
campaign-hedged,2.0,0.5,41000298,0.0,0.9375,0.9375,1.0,15,534.0,0.0,0.9375
telescoping-fixed,2.0,0.5,41000299,0.0,0.9375,0.9375,1.0,15,492.0,0.0,0.8125
telescoping-hedged,2.0,0.5,41000299,0.0,0.875,0.875,1.0,14,569.9285714285714,0.0,0.75
campaign-fixed,2.0,0.5,41000299,0.0,0.9375,0.9375,1.0,15,470.0,0.0,0.9375
campaign-hedged,2.0,0.5,41000299,0.0,0.9375,0.9375,1.0,15,603.0,0.0,0.9375
