strategy_id,promotion_date,frozen_e_value,gamma,lambda,terminal_stopped_e_value,maximum_stopped_e_value
market_ew30,,,0.5,0.0834813021224,0.0167374434238,3.4093508235
high_volatility_lb63_b3_monthly,,,0.166666666667,0.242342719581,1.45884384964e-07,8.70598703734
high_volatility_lb21_b5_monthly,,,0.0833333333333,0.208270326819,7.48566386324e-05,2.31718286543
high_volatility_lb63_b5_monthly,,,0.05,0.294493356133,7.56655013329e-10,1.48116170222
high_volatility_lb252_b10_monthly,,,0.0333333333333,0.223752802645,2.03539074908e-05,2.16027740844
high_volatility_lb252_b3_monthly,,,0.0238095238095,0.244755341987,5.89189854557e-07,2.14800717987
time_series_momentum_lb126_monthly,,,0.0178571428571,0.211817492458,0.0329721726304,30.6613951998
cross_momentum_lb252_skip21_b3_weekly,,,0.0138888888889,0.0825180817736,2.79951700628,12.4153647538
time_series_momentum_lb252_monthly,,,0.0111111111111,0.2162213235,0.00181005709791,15.3699930996
cross_momentum_lb21_skip0_b5_monthly,,,0.00909090909091,0.148669067689,2.00778817504,2.67531329093
cross_momentum_lb63_skip0_b10_monthly,,,0.00757575757576,0.18576375059,0.370840452921,14.6618897508
cross_momentum_lb21_skip0_b3_monthly,,,0.00641025641026,0.228551374952,0.38346361124,1.47736425162
time_series_momentum_lb21_monthly,,,0.00549450549451,0.205783521416,0.000324579024076,1.6099642285
cross_momentum_lb21_skip0_b10_monthly,,,0.0047619047619,0.17482312411,0.12800937841,2.54570326732
time_series_momentum_lb63_monthly,,,0.00416666666667,0.172806066741,0.041740986006,3.06686294424
time_series_momentum_lb126_weekly,,,0.00367647058824,0.163527637622,0.340781780044,7.15462375272
cross_reversal_lb63_skip0_b5_weekly,,,0.00326797385621,0.0701244057736,0.0503108315413,1.06160707266
high_volatility_lb126_b3_monthly,,,0.00292397660819,0.105440494949,0.0218921244327,1.03866317966
time_series_momentum_lb252_weekly,,,0.00263157894737,0.259119281953,0.000934275778548,1.88864220371
cross_reversal_lb126_skip0_b5_weekly,,,0.00238095238095,0.0926796647633,0.0104466975095,1.02251246135
time_series_momentum_lb63_weekly,,,0.0021645021645,0.191485336144,0.268774078172,2.47826532941
cross_momentum_lb63_skip0_b5_monthly,,,0.00197628458498,0.149355796577,1.5954006982,16.8522061191
cross_momentum_lb63_skip0_b3_monthly,,,0.0018115942029,0.183571710022,1.01352447755,17.57189446
low_volatility_lb21_b3_monthly,,,0.00166666666667,0.207259455131,0.00505693761407,30.1212711135
low_volatility_lb21_b5_monthly,,,0.00153846153846,0.214510189361,0.00165545099018,28.2249142558
cross_reversal_lb21_skip0_b3_weekly,,,0.0014245014245,0.0666421305495,0.222364086768,1.05979507052
low_volatility_lb126_b3_monthly,,,0.00132275132275,0.215271001714,0.00917619153295,47.1490706664
low_volatility_lb63_b3_monthly,,,0.0012315270936,0.319947949084,0.000378289861918,79.3047068829
cross_momentum_lb252_skip21_b3_monthly,,,0.00114942528736,0.128851423384,0.322467177412,5.08385367542
cross_reversal_lb126_skip0_b10_monthly,,,0.0010752688172,0.01,0.801696754079,1.02573358404
cross_reversal_lb126_skip0_b10_weekly,,,0.00100806451613,0.01,0.70485628557,1.02659552942
cross_momentum_lb126_skip0_b3_monthly,,,0.00094696969697,0.157272545362,16.8714336782,138.368237067
cross_momentum_lb252_skip21_b5_monthly,,,0.000891265597148,0.074160258866,2.90865692199,4.34247745377
cross_momentum_lb252_skip21_b5_weekly,,,0.000840336134454,0.138080776538,1.08114033384,8.51567478616
low_volatility_lb252_b3_monthly,,,0.000793650793651,0.389918664217,5.246691447e-09,7.30136151557
low_volatility_lb63_b5_monthly,,,0.000750750750751,0.432514285932,6.32202581728e-11,2.20255654148
cross_momentum_lb63_skip0_b10_weekly,,,0.000711237553343,0.327767299667,6.73107700841e-05,1.00776186657
low_volatility_lb126_b5_monthly,,,0.000674763832659,0.46423500319,4.04776085229e-13,1.25385662388
low_volatility_lb252_b5_monthly,,,0.000641025641026,0.432537504953,1.30712235903e-10,1.04907672003
cross_momentum_lb63_skip0_b5_weekly,,,0.000609756097561,0.276104772648,0.00636095416805,1.80867904255
cross_momentum_lb63_skip0_b3_weekly,,,0.000580720092915,0.264508861823,0.000490317290616,2.17576390327
cross_momentum_lb126_skip0_b5_monthly,,,0.000553709856035,0.256723215206,0.0338665996935,9.30147801235
cross_momentum_lb252_skip21_b10_monthly,,,0.000528541226216,0.245560097429,0.140166082226,10.2602959452
cross_momentum_lb126_skip0_b3_weekly,,,0.000505050505051,0.253611020009,0.0759743196018,12.8367435552
cross_momentum_lb126_skip0_b5_weekly,,,0.00048309178744,0.238570941298,0.190882034111,16.2370950428
cross_momentum_lb126_skip0_b10_weekly,,,0.000462534690102,0.247841179143,0.549451152894,12.7579544414
cross_momentum_lb126_skip0_b10_monthly,,,0.000443262411348,0.201982740478,0.338276034495,7.65975298062
cross_momentum_lb252_skip21_b10_weekly,,,0.000425170068027,0.122183950059,1.45574140925,5.74348069907
cross_reversal_lb21_skip0_b10_weekly,,,0.000408163265306,0.0355849408828,0.649511707114,1.13498463775
low_volatility_lb252_b10_monthly,,,0.000392156862745,0.165504090543,0.00779217485927,1.59622788573
low_volatility_lb63_b10_monthly,,,0.000377073906486,0.13614421855,0.0281328450698,1.64268583227
time_series_reversal_lb21_monthly,,,0.000362844702467,0.0844020643685,0.663357608731,1.24467029902
low_volatility_lb126_b10_monthly,,,0.000349406009783,0.114044924722,0.0303256469208,1.2063489855
cross_reversal_lb21_skip0_b5_weekly,,,0.0003367003367,0.039958539295,0.534530772939,1.00178196925
low_volatility_lb21_b10_monthly,,,0.000324675324675,0.0516282428262,0.305510411172,1.06504412725
time_series_reversal_lb252_monthly,,,0.00031328320802,0.159355963609,0.278774695342,1.12638514103
time_series_reversal_lb126_monthly,,,0.000302480338778,0.041215917279,1.00002562526,1.02485013675
cross_reversal_lb63_skip0_b3_weekly,,,0.000292226767972,0.01,1.03719209785,1.04181383975
high_volatility_lb21_b10_monthly,,,0.000282485875706,0.01,1.18438157892,1.18543132801
high_volatility_lb126_b10_monthly,,,0.000273224043716,0.046334165931,2.47019385238,2.61887541059
high_volatility_lb126_b5_monthly,,,0.000264410364886,0.0728997223965,1.89214127537,2.30345114251
cross_momentum_lb21_skip0_b3_weekly,,,0.000256016385049,0.159462431052,0.315829144508,2.22500640701
cross_momentum_lb21_skip0_b5_weekly,,,0.000248015873016,0.161178780694,0.178224809103,1.01789657433
high_volatility_lb21_b3_monthly,,,0.000240384615385,0.132031020609,2.53314042495,3.92516598305
cross_momentum_lb21_skip0_b10_weekly,,,0.0002331002331,0.11394919068,0.503727387185,1.00912364918
time_series_reversal_lb63_weekly,,,0.000226142017187,0.01,0.905108599869,1
high_volatility_lb252_b5_monthly,,,0.000219490781387,0.0493862327836,1.05105648828,1.35151805102
high_volatility_lb63_b10_monthly,,,0.000213128729753,0.0809817149827,1.47979826506,1.47979826506
time_series_reversal_lb126_weekly,,,0.000207039337474,0.01,0.983821347755,1.01148271124
time_series_reversal_lb63_monthly,,,0.000201207243461,0.0171305379382,0.974937701575,1.02369944952
time_series_momentum_lb21_weekly,,,0.000195618153365,0.126021184725,0.691632493861,1
time_series_reversal_lb21_weekly,,,0.000190258751903,0.01,0.981492358014,1.02221273929
cross_reversal_lb63_skip0_b5_monthly,,,0.000185116623473,0.01,0.987859807888,1.01652764507
cross_reversal_lb63_skip0_b10_weekly,,,0.00018018018018,0.01,1.00499554748,1.01435570454
cross_reversal_lb63_skip0_b10_monthly,,,0.000175438596491,0.01,1.02775521248,1.03195592719
cross_reversal_lb63_skip0_b3_monthly,,,0.000170881749829,0.01,1.00263563183,1.00776365418
cross_reversal_lb252_skip21_b3_monthly,,,0.0001665001665,0.0799359481941,1.20651790092,1.44806482696
