proposal_index,strategy_id,proposal_date,trailing_sharpe,diversity_penalty,agent_score,role
1,market_ew30,2007-01-03,0.6399493639320245,0.0,,economic_positive_control
2,high_volatility_lb63_b3_monthly,2007-01-03,0.8278224015942712,0.49825509314747074,0.7281713829647771,adaptive_symbolic_proposal
3,high_volatility_lb21_b5_monthly,2007-04-02,0.8903125731380968,0.8962519088146311,0.7110621913751705,adaptive_symbolic_proposal
4,high_volatility_lb63_b5_monthly,2007-07-02,1.0760973641654707,0.9409844850485942,0.8879004671557519,adaptive_symbolic_proposal
5,high_volatility_lb252_b10_monthly,2007-10-01,1.0836332333168348,0.9238636960845501,0.8988604940999247,adaptive_symbolic_proposal
6,high_volatility_lb252_b3_monthly,2008-01-02,1.0684948420288902,0.9233897189720962,0.883816898234471,adaptive_symbolic_proposal
7,time_series_momentum_lb126_monthly,2008-04-01,0.9811571028160299,0.6917032541380276,0.8428164519884244,adaptive_symbolic_proposal
8,cross_momentum_lb252_skip21_b3_weekly,2008-07-01,0.9626250101785645,0.7140723562413214,0.8198105389303002,adaptive_symbolic_proposal
9,time_series_momentum_lb252_monthly,2008-10-01,0.8917313576497873,0.8546059042464299,0.7208101768005013,adaptive_symbolic_proposal
10,cross_momentum_lb21_skip0_b5_monthly,2009-01-02,0.7399986817909996,0.38309744425650866,0.6633791929396978,adaptive_symbolic_proposal
11,cross_momentum_lb63_skip0_b10_monthly,2009-04-01,0.768788122333967,0.6523041261939129,0.6383272970951844,adaptive_symbolic_proposal
12,cross_momentum_lb21_skip0_b3_monthly,2009-07-01,0.8197264555558341,0.9550257737558283,0.6287213008046685,adaptive_symbolic_proposal
13,time_series_momentum_lb21_monthly,2009-10-01,0.5601350723778954,0.6325705612106831,0.4336209601357588,adaptive_symbolic_proposal
14,cross_momentum_lb21_skip0_b10_monthly,2010-01-04,0.5569044011148879,0.945385740121489,0.3678272530905901,adaptive_symbolic_proposal
15,time_series_momentum_lb63_monthly,2010-04-01,0.5246911177474141,0.8856931886260119,0.3475524800222117,adaptive_symbolic_proposal
16,time_series_momentum_lb126_weekly,2010-07-01,0.41709128800557815,0.9228657980363932,0.2325181283982995,adaptive_symbolic_proposal
17,cross_reversal_lb63_skip0_b5_weekly,2010-10-01,0.3174187795313148,0.8237868694634933,0.15266140563861613,adaptive_symbolic_proposal
18,high_volatility_lb126_b3_monthly,2011-01-03,0.3356716122277035,0.9748745631832165,0.14069669959106015,adaptive_symbolic_proposal
19,time_series_momentum_lb252_weekly,2011-04-01,0.3175624537403669,0.9481415899248364,0.1279341357553996,adaptive_symbolic_proposal
20,cross_reversal_lb126_skip0_b5_weekly,2011-07-01,0.38356420650312556,0.8276035015371486,0.21804350619569585,adaptive_symbolic_proposal
21,time_series_momentum_lb63_weekly,2011-10-03,0.3618027461156713,0.8892706932058495,0.1839486074745014,adaptive_symbolic_proposal
22,cross_momentum_lb63_skip0_b5_monthly,2012-01-03,0.34661844590320856,0.9608057780363356,0.15445729029594144,adaptive_symbolic_proposal
23,cross_momentum_lb63_skip0_b3_monthly,2012-04-02,0.3987543614178676,0.9533392165988834,0.20808651809809087,adaptive_symbolic_proposal
24,low_volatility_lb21_b3_monthly,2012-07-02,0.27521261275693126,0.9557037857621831,0.08407185560449465,adaptive_symbolic_proposal
25,low_volatility_lb21_b5_monthly,2012-10-01,0.20140550011444913,0.9970078921620131,0.0020039216820464945,adaptive_symbolic_proposal
26,cross_reversal_lb21_skip0_b3_weekly,2013-01-02,0.19175391964418706,0.6692465070027427,0.05790461824363852,adaptive_symbolic_proposal
27,low_volatility_lb126_b3_monthly,2013-04-01,0.3230748825243938,0.9961882685839949,0.12383722880759482,adaptive_symbolic_proposal
28,low_volatility_lb63_b3_monthly,2013-07-01,0.5770126011342287,0.9961546746487142,0.37778166620448583,adaptive_symbolic_proposal
29,cross_momentum_lb252_skip21_b3_monthly,2013-10-01,0.19666301678208184,0.9298118381792269,0.010700649146236446,adaptive_symbolic_proposal
30,cross_reversal_lb126_skip0_b10_monthly,2014-01-02,0.43750638852713275,0.8897907324567187,0.25954824203578897,adaptive_symbolic_proposal
31,cross_reversal_lb126_skip0_b10_weekly,2014-04-01,0.3536166574887705,0.9284219775453382,0.16793226197970287,adaptive_symbolic_proposal
32,cross_momentum_lb126_skip0_b3_monthly,2014-07-01,0.5109123798546692,0.8803110485106125,0.3348501701525467,adaptive_symbolic_proposal
33,cross_momentum_lb252_skip21_b5_monthly,2014-10-01,0.7425351009255402,0.9462092133480132,0.5532932582559376,adaptive_symbolic_proposal
34,cross_momentum_lb252_skip21_b5_weekly,2015-01-02,0.801339704673038,0.9521120428707107,0.6109172960988958,adaptive_symbolic_proposal
35,low_volatility_lb252_b3_monthly,2015-04-01,0.8685351290725872,0.997436580885999,0.6690478128953874,adaptive_symbolic_proposal
36,low_volatility_lb63_b5_monthly,2015-07-01,0.8775711221344068,0.9985633010338391,0.677858461927639,adaptive_symbolic_proposal
37,cross_momentum_lb63_skip0_b10_weekly,2015-10-01,1.1578742105604682,0.9419804868837397,0.9694781131837202,adaptive_symbolic_proposal
38,low_volatility_lb126_b5_monthly,2016-01-04,1.1721598881045143,0.9778033331025238,0.9765992214840096,adaptive_symbolic_proposal
39,low_volatility_lb252_b5_monthly,2016-04-01,0.9879252473857318,0.9805499438095886,0.7918152586238141,adaptive_symbolic_proposal
40,cross_momentum_lb63_skip0_b5_weekly,2016-07-01,0.9081336062543054,0.99977440787726,0.7081787246788533,adaptive_symbolic_proposal
41,cross_momentum_lb63_skip0_b3_weekly,2016-10-03,0.7648402900218054,0.9531430475611797,0.5742116805095695,adaptive_symbolic_proposal
42,cross_momentum_lb126_skip0_b5_monthly,2017-01-03,0.6157973677814639,0.9597381919865716,0.42384972938414955,adaptive_symbolic_proposal
43,cross_momentum_lb252_skip21_b10_monthly,2017-04-03,0.5966924817110599,0.9562651185168507,0.40543945800768977,adaptive_symbolic_proposal
44,cross_momentum_lb126_skip0_b3_weekly,2017-07-03,0.5551698636262841,0.9590578665251142,0.3633582903212612,adaptive_symbolic_proposal
45,cross_momentum_lb126_skip0_b5_weekly,2017-10-02,0.5484986903309536,0.9998098272927335,0.34853672487240683,adaptive_symbolic_proposal
46,cross_momentum_lb126_skip0_b10_weekly,2018-01-02,0.6204670516050024,0.9999105625857376,0.42048493908785484,adaptive_symbolic_proposal
47,cross_momentum_lb126_skip0_b10_monthly,2018-04-02,0.6129452476284987,0.9995827536302561,0.4130286969024475,adaptive_symbolic_proposal
48,cross_momentum_lb252_skip21_b10_weekly,2018-07-02,0.4112415525905262,0.9690967228044554,0.2174222080296351,adaptive_symbolic_proposal
49,cross_reversal_lb21_skip0_b10_weekly,2018-10-01,0.4123021706093354,0.8544411900687501,0.24141393259558536,adaptive_symbolic_proposal
50,low_volatility_lb252_b10_monthly,2019-01-02,0.591286139695139,0.9995353641851266,0.39137906685811363,adaptive_symbolic_proposal
51,low_volatility_lb63_b10_monthly,2019-04-01,0.44959492262649003,0.9545159991933292,0.25869172278782415,adaptive_symbolic_proposal
52,time_series_reversal_lb21_monthly,2019-07-01,0.5073303507839697,0.9980480053391598,0.3077207497161377,adaptive_symbolic_proposal
53,low_volatility_lb126_b10_monthly,2019-10-01,0.48569605410850075,0.9738774119724843,0.2909205717140039,adaptive_symbolic_proposal
54,cross_reversal_lb21_skip0_b5_weekly,2020-01-02,0.4047813600418585,0.9248862901254806,0.21980410201676237,adaptive_symbolic_proposal
55,low_volatility_lb21_b10_monthly,2020-04-01,0.5157644606798429,0.9544016536093232,0.32488412995797833,adaptive_symbolic_proposal
56,time_series_reversal_lb252_monthly,2020-07-01,0.39423707495316934,0.9973031329154066,0.194776448370088,adaptive_symbolic_proposal
57,time_series_reversal_lb126_monthly,2020-10-01,0.4482469762876426,0.996776170840703,0.248891742119502,adaptive_symbolic_proposal
58,cross_reversal_lb63_skip0_b3_weekly,2021-01-04,0.29264126590453976,0.9988115760414443,0.09287895069625088,adaptive_symbolic_proposal
59,high_volatility_lb21_b10_monthly,2021-04-01,0.30751243627665503,0.9982792908712401,0.10785657810240701,adaptive_symbolic_proposal
60,high_volatility_lb126_b10_monthly,2021-07-01,0.35866372527833307,0.9986726428906844,0.15892919670019617,adaptive_symbolic_proposal
61,high_volatility_lb126_b5_monthly,2021-10-01,0.28271354939720245,0.9967153988861226,0.0833704696199779,adaptive_symbolic_proposal
62,cross_momentum_lb21_skip0_b3_weekly,2022-01-03,0.41189797186657184,0.9987724966209051,0.21214347254239083,adaptive_symbolic_proposal
63,cross_momentum_lb21_skip0_b5_weekly,2022-04-01,0.5551566028258951,0.9990745245193612,0.35534169792202286,adaptive_symbolic_proposal
64,high_volatility_lb21_b3_monthly,2022-07-01,0.38938683104195615,0.9969498603039593,0.18999685898116428,adaptive_symbolic_proposal
65,cross_momentum_lb21_skip0_b10_weekly,2022-10-03,0.2971814447882397,0.9993972685459325,0.09730199107905321,adaptive_symbolic_proposal
66,time_series_reversal_lb63_weekly,2023-01-03,0.220850078375122,0.9959734273043197,0.021655392914258054,adaptive_symbolic_proposal
67,high_volatility_lb252_b5_monthly,2023-04-03,0.2384571742624172,0.9975449694948683,0.038948180363443524,adaptive_symbolic_proposal
68,high_volatility_lb63_b10_monthly,2023-07-03,0.23116193048368933,0.998466585346256,0.03146861341443813,adaptive_symbolic_proposal
69,time_series_reversal_lb126_weekly,2023-10-02,0.14565046271882492,0.9968337245644654,-0.053716282194068155,adaptive_symbolic_proposal
70,time_series_reversal_lb63_monthly,2024-01-02,0.1274885564155141,0.9870475149579283,-0.06992094657607156,adaptive_symbolic_proposal
71,time_series_momentum_lb21_weekly,2024-04-01,0.02959371424469009,0.7744171274671474,-0.1252897112487394,adaptive_symbolic_proposal
72,time_series_reversal_lb21_weekly,2024-07-01,-0.013486245194827462,0.9940528280842121,-0.2122968108116699,adaptive_symbolic_proposal
73,cross_reversal_lb63_skip0_b5_monthly,2024-10-01,0.012879997872031769,0.9980145418425438,-0.18672291049647702,adaptive_symbolic_proposal
74,cross_reversal_lb63_skip0_b10_weekly,2025-01-02,-0.0579521742038158,0.9996056368180921,-0.25787330156743427,adaptive_symbolic_proposal
75,cross_reversal_lb63_skip0_b10_monthly,2025-04-01,0.03392458352204808,0.9990996185848303,-0.165895340194918,adaptive_symbolic_proposal
76,cross_reversal_lb63_skip0_b3_monthly,2025-07-01,-0.05057341451189466,0.9978853309933574,-0.25015048071056617,adaptive_symbolic_proposal
77,cross_reversal_lb252_skip21_b3_monthly,2025-10-01,0.08248562499157772,0.9971607769469825,-0.1169465303978188,adaptive_symbolic_proposal
