q,false_discoveries,any_false,seed
0.01,0,False,271828
0.025,0,False,271828
0.05,0,False,271828
0.075,0,False,271828
0.1,0,False,271828
0.125,0,False,271828
0.15,0,False,271828
0.175,0,False,271828
0.2,0,False,271828
0.01,0,False,271829
0.025,0,False,271829
0.05,0,False,271829
0.075,0,False,271829
0.1,0,False,271829
0.125,0,False,271829
0.15,0,False,271829
0.175,0,False,271829
0.2,0,False,271829
0.01,0,False,271830
0.025,0,False,271830
0.05,0,False,271830
0.075,0,False,271830
0.1,2,True,271830
0.125,2,True,271830
0.15,2,True,271830
0.175,2,True,271830
0.2,2,True,271830
0.01,0,False,271831
0.025,0,False,271831
0.05,0,False,271831
0.075,0,False,271831
0.1,0,False,271831
0.125,0,False,271831
0.15,0,False,271831
0.175,0,False,271831
0.2,0,False,271831
0.01,0,False,271832
0.025,0,False,271832
0.05,0,False,271832
0.075,0,False,271832
0.1,0,False,271832
0.125,0,False,271832
0.15,0,False,271832
0.175,0,False,271832
0.2,0,False,271832
0.01,0,False,271833
0.025,0,False,271833
0.05,0,False,271833
0.075,0,False,271833
0.1,0,False,271833
0.125,0,False,271833
0.15,0,False,271833
0.175,0,False,271833
0.2,0,False,271833
0.01,0,False,271834
0.025,0,False,271834
0.05,0,False,271834
0.075,0,False,271834
0.1,0,False,271834
0.125,0,False,271834
0.15,0,False,271834
0.175,0,False,271834
0.2,3,True,271834
0.01,0,False,271835
0.025,0,False,271835
0.05,0,False,271835
0.075,0,False,271835
0.1,0,False,271835
0.125,0,False,271835
0.15,0,False,271835
0.175,0,False,271835
0.2,0,False,271835
0.01,0,False,271836
0.025,0,False,271836
0.05,0,False,271836
0.075,0,False,271836
0.1,0,False,271836
0.125,0,False,271836
0.15,0,False,271836
0.175,1,True,271836
0.2,1,True,271836
0.01,0,False,271837
0.025,0,False,271837
0.05,0,False,271837
0.075,0,False,271837
0.1,0,False,271837
0.125,0,False,271837
0.15,0,False,271837
0.175,0,False,271837
0.2,0,False,271837
0.01,0,False,271838
0.025,0,False,271838
0.05,0,False,271838
0.075,0,False,271838
0.1,0,False,271838
0.125,0,False,271838
0.15,0,False,271838
0.175,0,False,271838
0.2,0,False,271838
0.01,0,False,271839
0.025,0,False,271839
0.05,0,False,271839
0.075,0,False,271839
0.1,0,False,271839
0.125,0,False,271839
0.15,0,False,271839
0.175,0,False,271839
0.2,0,False,271839
0.01,0,False,271840
0.025,0,False,271840
0.05,0,False,271840
0.075,0,False,271840
0.1,0,False,271840
0.125,0,False,271840
0.15,0,False,271840
0.175,0,False,271840
0.2,0,False,271840
0.01,0,False,271841
0.025,0,False,271841
0.05,0,False,271841
0.075,0,False,271841
0.1,0,False,271841
0.125,0,False,271841
0.15,0,False,271841
0.175,0,False,271841
0.2,0,False,271841
0.01,0,False,271842
0.025,0,False,271842
0.05,0,False,271842
0.075,0,False,271842
0.1,0,False,271842
0.125,0,False,271842
0.15,0,False,271842
0.175,0,False,271842
0.2,0,False,271842
0.01,0,False,271843
0.025,0,False,271843
0.05,0,False,271843
0.075,0,False,271843
0.1,0,False,271843
0.125,0,False,271843
0.15,0,False,271843
0.175,0,False,271843
0.2,0,False,271843
0.01,0,False,271844
0.025,0,False,271844
0.05,0,False,271844
0.075,0,False,271844
0.1,0,False,271844
0.125,0,False,271844
0.15,0,False,271844
0.175,0,False,271844
0.2,0,False,271844
0.01,0,False,271845
0.025,0,False,271845
0.05,0,False,271845
0.075,0,False,271845
0.1,0,False,271845
0.125,0,False,271845
0.15,0,False,271845
0.175,0,False,271845
0.2,0,False,271845
0.01,0,False,271846
0.025,0,False,271846
0.05,0,False,271846
0.075,0,False,271846
0.1,1,True,271846
0.125,1,True,271846
0.15,3,True,271846
0.175,3,True,271846
0.2,3,True,271846
0.01,0,False,271847
0.025,0,False,271847
0.05,0,False,271847
0.075,0,False,271847
0.1,0,False,271847
0.125,0,False,271847
0.15,0,False,271847
0.175,0,False,271847
0.2,0,False,271847
0.01,0,False,271848
0.025,0,False,271848
0.05,0,False,271848
0.075,0,False,271848
0.1,0,False,271848
0.125,0,False,271848
0.15,0,False,271848
0.175,0,False,271848
0.2,0,False,271848
0.01,0,False,271849
0.025,0,False,271849
0.05,0,False,271849
0.075,0,False,271849
0.1,0,False,271849
0.125,0,False,271849
0.15,0,False,271849
0.175,0,False,271849
0.2,0,False,271849
0.01,0,False,271850
0.025,0,False,271850
0.05,0,False,271850
0.075,0,False,271850
0.1,0,False,271850
0.125,0,False,271850
0.15,0,False,271850
0.175,0,False,271850
0.2,0,False,271850
0.01,0,False,271851
0.025,0,False,271851
0.05,0,False,271851
0.075,0,False,271851
0.1,0,False,271851
0.125,0,False,271851
0.15,0,False,271851
0.175,0,False,271851
0.2,0,False,271851
0.01,0,False,271852
0.025,0,False,271852
0.05,0,False,271852
0.075,0,False,271852
0.1,0,False,271852
0.125,0,False,271852
0.15,0,False,271852
0.175,0,False,271852
0.2,0,False,271852
0.01,0,False,271853
0.025,0,False,271853
0.05,0,False,271853
0.075,0,False,271853
0.1,0,False,271853
0.125,0,False,271853
0.15,0,False,271853
0.175,0,False,271853
0.2,0,False,271853
0.01,0,False,271854
0.025,0,False,271854
0.05,0,False,271854
0.075,0,False,271854
0.1,0,False,271854
0.125,0,False,271854
0.15,0,False,271854
0.175,0,False,271854
0.2,0,False,271854
0.01,0,False,271855
0.025,0,False,271855
0.05,0,False,271855
0.075,0,False,271855
0.1,0,False,271855
0.125,0,False,271855
0.15,0,False,271855
0.175,0,False,271855
0.2,0,False,271855
0.01,0,False,271856
0.025,1,True,271856
0.05,1,True,271856
0.075,1,True,271856
0.1,1,True,271856
0.125,1,True,271856
0.15,1,True,271856
0.175,1,True,271856
0.2,1,True,271856
0.01,0,False,271857
0.025,0,False,271857
0.05,0,False,271857
0.075,0,False,271857
0.1,0,False,271857
0.125,0,False,271857
0.15,0,False,271857
0.175,0,False,271857
0.2,0,False,271857
0.01,0,False,271858
0.025,0,False,271858
0.05,0,False,271858
0.075,0,False,271858
0.1,0,False,271858
0.125,0,False,271858
0.15,0,False,271858
0.175,0,False,271858
0.2,0,False,271858
0.01,0,False,271859
0.025,0,False,271859
0.05,0,False,271859
0.075,0,False,271859
0.1,0,False,271859
0.125,0,False,271859
0.15,0,False,271859
0.175,0,False,271859
0.2,0,False,271859
0.01,0,False,271860
0.025,0,False,271860
0.05,0,False,271860
0.075,0,False,271860
0.1,0,False,271860
0.125,0,False,271860
0.15,0,False,271860
0.175,0,False,271860
0.2,0,False,271860
0.01,0,False,271861
0.025,0,False,271861
0.05,0,False,271861
0.075,0,False,271861
0.1,0,False,271861
0.125,0,False,271861
0.15,0,False,271861
0.175,0,False,271861
0.2,0,False,271861
0.01,0,False,271862
0.025,0,False,271862
0.05,0,False,271862
0.075,0,False,271862
0.1,0,False,271862
0.125,0,False,271862
0.15,0,False,271862
0.175,0,False,271862
0.2,0,False,271862
0.01,0,False,271863
0.025,0,False,271863
0.05,0,False,271863
0.075,0,False,271863
0.1,0,False,271863
0.125,0,False,271863
0.15,0,False,271863
0.175,0,False,271863
0.2,0,False,271863
0.01,0,False,271864
0.025,0,False,271864
0.05,0,False,271864
0.075,0,False,271864
0.1,0,False,271864
0.125,0,False,271864
0.15,0,False,271864
0.175,0,False,271864
0.2,0,False,271864
0.01,0,False,271865
0.025,0,False,271865
0.05,0,False,271865
0.075,0,False,271865
0.1,0,False,271865
0.125,0,False,271865
0.15,0,False,271865
0.175,0,False,271865
0.2,0,False,271865
0.01,0,False,271866
0.025,0,False,271866
0.05,0,False,271866
0.075,0,False,271866
0.1,0,False,271866
0.125,0,False,271866
0.15,0,False,271866
0.175,1,True,271866
0.2,3,True,271866
0.01,0,False,271867
0.025,0,False,271867
0.05,0,False,271867
0.075,0,False,271867
0.1,0,False,271867
0.125,0,False,271867
0.15,0,False,271867
0.175,0,False,271867
0.2,0,False,271867
0.01,0,False,271868
0.025,0,False,271868
0.05,0,False,271868
0.075,0,False,271868
0.1,0,False,271868
0.125,0,False,271868
0.15,0,False,271868
0.175,0,False,271868
0.2,0,False,271868
0.01,0,False,271869
0.025,0,False,271869
0.05,0,False,271869
0.075,0,False,271869
0.1,0,False,271869
0.125,0,False,271869
0.15,0,False,271869
0.175,0,False,271869
0.2,0,False,271869
0.01,0,False,271870
0.025,0,False,271870
0.05,0,False,271870
0.075,0,False,271870
0.1,0,False,271870
0.125,0,False,271870
0.15,0,False,271870
0.175,0,False,271870
0.2,0,False,271870
0.01,0,False,271871
0.025,0,False,271871
0.05,0,False,271871
0.075,0,False,271871
0.1,0,False,271871
0.125,0,False,271871
0.15,0,False,271871
0.175,0,False,271871
0.2,0,False,271871
0.01,0,False,271872
0.025,0,False,271872
0.05,0,False,271872
0.075,0,False,271872
0.1,0,False,271872
0.125,0,False,271872
0.15,0,False,271872
0.175,0,False,271872
0.2,0,False,271872
0.01,0,False,271873
0.025,0,False,271873
0.05,0,False,271873
0.075,0,False,271873
0.1,0,False,271873
0.125,0,False,271873
0.15,0,False,271873
0.175,0,False,271873
0.2,0,False,271873
0.01,0,False,271874
0.025,0,False,271874
0.05,0,False,271874
0.075,0,False,271874
0.1,0,False,271874
0.125,0,False,271874
0.15,0,False,271874
0.175,0,False,271874
0.2,0,False,271874
0.01,0,False,271875
0.025,0,False,271875
0.05,0,False,271875
0.075,0,False,271875
0.1,0,False,271875
0.125,0,False,271875
0.15,0,False,271875
0.175,0,False,271875
0.2,0,False,271875
0.01,0,False,271876
0.025,0,False,271876
0.05,0,False,271876
0.075,0,False,271876
0.1,0,False,271876
0.125,0,False,271876
0.15,0,False,271876
0.175,0,False,271876
0.2,0,False,271876
0.01,0,False,271877
0.025,0,False,271877
0.05,0,False,271877
0.075,0,False,271877
0.1,0,False,271877
0.125,0,False,271877
0.15,0,False,271877
0.175,0,False,271877
0.2,0,False,271877
0.01,0,False,271878
0.025,0,False,271878
0.05,0,False,271878
0.075,0,False,271878
0.1,0,False,271878
0.125,0,False,271878
0.15,0,False,271878
0.175,0,False,271878
0.2,0,False,271878
0.01,0,False,271879
0.025,0,False,271879
0.05,0,False,271879
0.075,0,False,271879
0.1,0,False,271879
0.125,0,False,271879
0.15,0,False,271879
0.175,0,False,271879
0.2,0,False,271879
0.01,0,False,271880
0.025,0,False,271880
0.05,0,False,271880
0.075,0,False,271880
0.1,0,False,271880
0.125,0,False,271880
0.15,0,False,271880
0.175,0,False,271880
0.2,0,False,271880
0.01,0,False,271881
0.025,0,False,271881
0.05,0,False,271881
0.075,0,False,271881
0.1,0,False,271881
0.125,0,False,271881
0.15,0,False,271881
0.175,0,False,271881
0.2,0,False,271881
0.01,0,False,271882
0.025,0,False,271882
0.05,0,False,271882
0.075,0,False,271882
0.1,0,False,271882
0.125,0,False,271882
0.15,0,False,271882
0.175,0,False,271882
0.2,0,False,271882
0.01,0,False,271883
0.025,0,False,271883
0.05,0,False,271883
0.075,0,False,271883
0.1,0,False,271883
0.125,0,False,271883
0.15,0,False,271883
0.175,0,False,271883
0.2,0,False,271883
0.01,0,False,271884
0.025,0,False,271884
0.05,0,False,271884
0.075,0,False,271884
0.1,0,False,271884
0.125,0,False,271884
0.15,0,False,271884
0.175,0,False,271884
0.2,0,False,271884
0.01,0,False,271885
0.025,0,False,271885
0.05,0,False,271885
0.075,0,False,271885
0.1,0,False,271885
0.125,1,True,271885
0.15,1,True,271885
0.175,1,True,271885
0.2,1,True,271885
0.01,0,False,271886
0.025,0,False,271886
0.05,0,False,271886
0.075,0,False,271886
0.1,0,False,271886
0.125,0,False,271886
0.15,0,False,271886
0.175,0,False,271886
0.2,0,False,271886
0.01,0,False,271887
0.025,0,False,271887
0.05,0,False,271887
0.075,0,False,271887
0.1,0,False,271887
0.125,0,False,271887
0.15,0,False,271887
0.175,0,False,271887
0.2,0,False,271887
0.01,0,False,271888
0.025,0,False,271888
0.05,0,False,271888
0.075,0,False,271888
0.1,0,False,271888
0.125,0,False,271888
0.15,0,False,271888
0.175,0,False,271888
0.2,0,False,271888
0.01,0,False,271889
0.025,0,False,271889
0.05,0,False,271889
0.075,0,False,271889
0.1,0,False,271889
0.125,0,False,271889
0.15,0,False,271889
0.175,0,False,271889
0.2,0,False,271889
0.01,0,False,271890
0.025,0,False,271890
0.05,0,False,271890
0.075,0,False,271890
0.1,0,False,271890
0.125,0,False,271890
0.15,0,False,271890
0.175,0,False,271890
0.2,0,False,271890
0.01,0,False,271891
0.025,0,False,271891
0.05,0,False,271891
0.075,0,False,271891
0.1,0,False,271891
0.125,0,False,271891
0.15,0,False,271891
0.175,0,False,271891
0.2,0,False,271891
0.01,0,False,271892
0.025,0,False,271892
0.05,0,False,271892
0.075,0,False,271892
0.1,0,False,271892
0.125,0,False,271892
0.15,0,False,271892
0.175,0,False,271892
0.2,0,False,271892
0.01,0,False,271893
0.025,0,False,271893
0.05,0,False,271893
0.075,0,False,271893
0.1,0,False,271893
0.125,0,False,271893
0.15,0,False,271893
0.175,0,False,271893
0.2,0,False,271893
0.01,0,False,271894
0.025,0,False,271894
0.05,0,False,271894
0.075,0,False,271894
0.1,0,False,271894
0.125,0,False,271894
0.15,0,False,271894
0.175,0,False,271894
0.2,0,False,271894
0.01,0,False,271895
0.025,0,False,271895
0.05,0,False,271895
0.075,0,False,271895
0.1,0,False,271895
0.125,0,False,271895
0.15,0,False,271895
0.175,0,False,271895
0.2,0,False,271895
0.01,0,False,271896
0.025,0,False,271896
0.05,0,False,271896
0.075,0,False,271896
0.1,0,False,271896
0.125,0,False,271896
0.15,0,False,271896
0.175,0,False,271896
0.2,0,False,271896
0.01,0,False,271897
0.025,0,False,271897
0.05,0,False,271897
0.075,0,False,271897
0.1,0,False,271897
0.125,0,False,271897
0.15,0,False,271897
0.175,0,False,271897
0.2,0,False,271897
0.01,0,False,271898
0.025,0,False,271898
0.05,0,False,271898
0.075,0,False,271898
0.1,0,False,271898
0.125,0,False,271898
0.15,0,False,271898
0.175,0,False,271898
0.2,0,False,271898
0.01,0,False,271899
0.025,0,False,271899
0.05,0,False,271899
0.075,0,False,271899
0.1,0,False,271899
0.125,0,False,271899
0.15,0,False,271899
0.175,0,False,271899
0.2,0,False,271899
0.01,0,False,271900
0.025,0,False,271900
0.05,0,False,271900
0.075,0,False,271900
0.1,0,False,271900
0.125,0,False,271900
0.15,0,False,271900
0.175,0,False,271900
0.2,0,False,271900
0.01,0,False,271901
0.025,0,False,271901
0.05,0,False,271901
0.075,0,False,271901
0.1,0,False,271901
0.125,0,False,271901
0.15,0,False,271901
0.175,0,False,271901
0.2,0,False,271901
0.01,0,False,271902
0.025,0,False,271902
0.05,0,False,271902
0.075,0,False,271902
0.1,0,False,271902
0.125,0,False,271902
0.15,0,False,271902
0.175,0,False,271902
0.2,0,False,271902
0.01,0,False,271903
0.025,0,False,271903
0.05,0,False,271903
0.075,0,False,271903
0.1,0,False,271903
0.125,0,False,271903
0.15,0,False,271903
0.175,0,False,271903
0.2,1,True,271903
0.01,0,False,271904
0.025,0,False,271904
0.05,0,False,271904
0.075,0,False,271904
0.1,0,False,271904
0.125,0,False,271904
0.15,0,False,271904
0.175,0,False,271904
0.2,0,False,271904
0.01,0,False,271905
0.025,0,False,271905
0.05,0,False,271905
0.075,0,False,271905
0.1,0,False,271905
0.125,0,False,271905
0.15,0,False,271905
0.175,0,False,271905
0.2,0,False,271905
0.01,0,False,271906
0.025,0,False,271906
0.05,0,False,271906
0.075,0,False,271906
0.1,0,False,271906
0.125,0,False,271906
0.15,0,False,271906
0.175,0,False,271906
0.2,0,False,271906
0.01,0,False,271907
0.025,0,False,271907
0.05,0,False,271907
0.075,0,False,271907
0.1,0,False,271907
0.125,0,False,271907
0.15,0,False,271907
0.175,0,False,271907
0.2,0,False,271907
0.01,0,False,271908
0.025,0,False,271908
0.05,0,False,271908
0.075,0,False,271908
0.1,0,False,271908
0.125,0,False,271908
0.15,0,False,271908
0.175,0,False,271908
0.2,0,False,271908
0.01,0,False,271909
0.025,0,False,271909
0.05,0,False,271909
0.075,0,False,271909
0.1,0,False,271909
0.125,0,False,271909
0.15,0,False,271909
0.175,0,False,271909
0.2,0,False,271909
0.01,0,False,271910
0.025,0,False,271910
0.05,0,False,271910
0.075,0,False,271910
0.1,0,False,271910
0.125,1,True,271910
0.15,1,True,271910
0.175,1,True,271910
0.2,1,True,271910
0.01,0,False,271911
0.025,0,False,271911
0.05,0,False,271911
0.075,0,False,271911
0.1,0,False,271911
0.125,0,False,271911
0.15,0,False,271911
0.175,0,False,271911
0.2,0,False,271911
0.01,0,False,271912
0.025,0,False,271912
0.05,0,False,271912
0.075,0,False,271912
0.1,0,False,271912
0.125,0,False,271912
0.15,0,False,271912
0.175,0,False,271912
0.2,0,False,271912
0.01,0,False,271913
0.025,0,False,271913
0.05,0,False,271913
0.075,0,False,271913
0.1,0,False,271913
0.125,0,False,271913
0.15,0,False,271913
0.175,0,False,271913
0.2,0,False,271913
0.01,0,False,271914
0.025,0,False,271914
0.05,0,False,271914
0.075,0,False,271914
0.1,0,False,271914
0.125,0,False,271914
0.15,0,False,271914
0.175,0,False,271914
0.2,0,False,271914
0.01,0,False,271915
0.025,0,False,271915
0.05,0,False,271915
0.075,0,False,271915
0.1,0,False,271915
0.125,0,False,271915
0.15,0,False,271915
0.175,0,False,271915
0.2,0,False,271915
0.01,0,False,271916
0.025,0,False,271916
0.05,0,False,271916
0.075,0,False,271916
0.1,0,False,271916
0.125,0,False,271916
0.15,0,False,271916
0.175,0,False,271916
0.2,0,False,271916
0.01,0,False,271917
0.025,0,False,271917
0.05,0,False,271917
0.075,0,False,271917
0.1,0,False,271917
0.125,0,False,271917
0.15,0,False,271917
0.175,0,False,271917
0.2,0,False,271917
0.01,0,False,271918
0.025,0,False,271918
0.05,0,False,271918
0.075,0,False,271918
0.1,0,False,271918
0.125,0,False,271918
0.15,0,False,271918
0.175,0,False,271918
0.2,0,False,271918
0.01,0,False,271919
0.025,0,False,271919
0.05,0,False,271919
0.075,0,False,271919
0.1,0,False,271919
0.125,0,False,271919
0.15,0,False,271919
0.175,0,False,271919
0.2,0,False,271919
0.01,0,False,271920
0.025,0,False,271920
0.05,0,False,271920
0.075,0,False,271920
0.1,0,False,271920
0.125,0,False,271920
0.15,0,False,271920
0.175,0,False,271920
0.2,0,False,271920
0.01,0,False,271921
0.025,0,False,271921
0.05,0,False,271921
0.075,0,False,271921
0.1,0,False,271921
0.125,0,False,271921
0.15,0,False,271921
0.175,0,False,271921
0.2,0,False,271921
0.01,0,False,271922
0.025,0,False,271922
0.05,0,False,271922
0.075,0,False,271922
0.1,0,False,271922
0.125,0,False,271922
0.15,0,False,271922
0.175,0,False,271922
0.2,0,False,271922
0.01,0,False,271923
0.025,0,False,271923
0.05,0,False,271923
0.075,0,False,271923
0.1,0,False,271923
0.125,0,False,271923
0.15,0,False,271923
0.175,0,False,271923
0.2,0,False,271923
0.01,0,False,271924
0.025,0,False,271924
0.05,0,False,271924
0.075,0,False,271924
0.1,0,False,271924
0.125,0,False,271924
0.15,0,False,271924
0.175,0,False,271924
0.2,0,False,271924
0.01,0,False,271925
0.025,0,False,271925
0.05,0,False,271925
0.075,0,False,271925
0.1,0,False,271925
0.125,0,False,271925
0.15,0,False,271925
0.175,0,False,271925
0.2,0,False,271925
0.01,0,False,271926
0.025,0,False,271926
0.05,0,False,271926
0.075,0,False,271926
0.1,0,False,271926
0.125,0,False,271926
0.15,0,False,271926
0.175,0,False,271926
0.2,0,False,271926
0.01,0,False,271927
0.025,0,False,271927
0.05,0,False,271927
0.075,0,False,271927
0.1,0,False,271927
0.125,0,False,271927
0.15,0,False,271927
0.175,0,False,271927
0.2,0,False,271927
0.01,0,False,271928
0.025,0,False,271928
0.05,0,False,271928
0.075,0,False,271928
0.1,0,False,271928
0.125,0,False,271928
0.15,0,False,271928
0.175,0,False,271928
0.2,0,False,271928
0.01,0,False,271929
0.025,0,False,271929
0.05,0,False,271929
0.075,0,False,271929
0.1,0,False,271929
0.125,0,False,271929
0.15,0,False,271929
0.175,0,False,271929
0.2,0,False,271929
0.01,0,False,271930
0.025,0,False,271930
0.05,0,False,271930
0.075,0,False,271930
0.1,0,False,271930
0.125,0,False,271930
0.15,0,False,271930
0.175,0,False,271930
0.2,0,False,271930
0.01,0,False,271931
0.025,0,False,271931
0.05,0,False,271931
0.075,0,False,271931
0.1,0,False,271931
0.125,0,False,271931
0.15,0,False,271931
0.175,0,False,271931
0.2,0,False,271931
0.01,0,False,271932
0.025,0,False,271932
0.05,0,False,271932
0.075,0,False,271932
0.1,0,False,271932
0.125,0,False,271932
0.15,0,False,271932
0.175,0,False,271932
0.2,0,False,271932
0.01,0,False,271933
0.025,0,False,271933
0.05,0,False,271933
0.075,0,False,271933
0.1,0,False,271933
0.125,0,False,271933
0.15,0,False,271933
0.175,0,False,271933
0.2,0,False,271933
0.01,0,False,271934
0.025,0,False,271934
0.05,0,False,271934
0.075,0,False,271934
0.1,0,False,271934
0.125,0,False,271934
0.15,0,False,271934
0.175,1,True,271934
0.2,1,True,271934
0.01,0,False,271935
0.025,0,False,271935
0.05,0,False,271935
0.075,0,False,271935
0.1,0,False,271935
0.125,0,False,271935
0.15,0,False,271935
0.175,0,False,271935
0.2,0,False,271935
0.01,0,False,271936
0.025,0,False,271936
0.05,0,False,271936
0.075,0,False,271936
0.1,0,False,271936
0.125,0,False,271936
0.15,0,False,271936
0.175,0,False,271936
0.2,0,False,271936
0.01,0,False,271937
0.025,0,False,271937
0.05,0,False,271937
0.075,0,False,271937
0.1,0,False,271937
0.125,0,False,271937
0.15,0,False,271937
0.175,0,False,271937
0.2,0,False,271937
0.01,0,False,271938
0.025,0,False,271938
0.05,0,False,271938
0.075,0,False,271938
0.1,0,False,271938
0.125,0,False,271938
0.15,0,False,271938
0.175,0,False,271938
0.2,0,False,271938
0.01,0,False,271939
0.025,0,False,271939
0.05,0,False,271939
0.075,0,False,271939
0.1,0,False,271939
0.125,0,False,271939
0.15,0,False,271939
0.175,0,False,271939
0.2,0,False,271939
0.01,0,False,271940
0.025,0,False,271940
0.05,0,False,271940
0.075,0,False,271940
0.1,0,False,271940
0.125,0,False,271940
0.15,0,False,271940
0.175,0,False,271940
0.2,0,False,271940
0.01,0,False,271941
0.025,0,False,271941
0.05,0,False,271941
0.075,0,False,271941
0.1,0,False,271941
0.125,0,False,271941
0.15,0,False,271941
0.175,0,False,271941
0.2,0,False,271941
0.01,0,False,271942
0.025,0,False,271942
0.05,0,False,271942
0.075,0,False,271942
0.1,0,False,271942
0.125,0,False,271942
0.15,0,False,271942
0.175,0,False,271942
0.2,0,False,271942
0.01,0,False,271943
0.025,0,False,271943
0.05,0,False,271943
0.075,0,False,271943
0.1,0,False,271943
0.125,0,False,271943
0.15,0,False,271943
0.175,0,False,271943
0.2,0,False,271943
0.01,0,False,271944
0.025,0,False,271944
0.05,0,False,271944
0.075,0,False,271944
0.1,0,False,271944
0.125,0,False,271944
0.15,0,False,271944
0.175,0,False,271944
0.2,0,False,271944
0.01,0,False,271945
0.025,0,False,271945
0.05,0,False,271945
0.075,0,False,271945
0.1,0,False,271945
0.125,0,False,271945
0.15,0,False,271945
0.175,0,False,271945
0.2,0,False,271945
0.01,0,False,271946
0.025,0,False,271946
0.05,0,False,271946
0.075,0,False,271946
0.1,0,False,271946
0.125,0,False,271946
0.15,0,False,271946
0.175,0,False,271946
0.2,0,False,271946
0.01,0,False,271947
0.025,0,False,271947
0.05,0,False,271947
0.075,0,False,271947
0.1,0,False,271947
0.125,0,False,271947
0.15,0,False,271947
0.175,0,False,271947
0.2,0,False,271947
0.01,0,False,271948
0.025,0,False,271948
0.05,0,False,271948
0.075,0,False,271948
0.1,0,False,271948
0.125,0,False,271948
0.15,0,False,271948
0.175,0,False,271948
0.2,0,False,271948
0.01,0,False,271949
0.025,0,False,271949
0.05,0,False,271949
0.075,0,False,271949
0.1,1,True,271949
0.125,1,True,271949
0.15,1,True,271949
0.175,1,True,271949
0.2,1,True,271949
0.01,0,False,271950
0.025,0,False,271950
0.05,0,False,271950
0.075,0,False,271950
0.1,0,False,271950
0.125,0,False,271950
0.15,0,False,271950
0.175,0,False,271950
0.2,0,False,271950
0.01,0,False,271951
0.025,0,False,271951
0.05,0,False,271951
0.075,0,False,271951
0.1,0,False,271951
0.125,0,False,271951
0.15,0,False,271951
0.175,0,False,271951
0.2,0,False,271951
0.01,0,False,271952
0.025,0,False,271952
0.05,0,False,271952
0.075,0,False,271952
0.1,0,False,271952
0.125,0,False,271952
0.15,0,False,271952
0.175,0,False,271952
0.2,0,False,271952
0.01,0,False,271953
0.025,0,False,271953
0.05,0,False,271953
0.075,0,False,271953
0.1,0,False,271953
0.125,0,False,271953
0.15,0,False,271953
0.175,0,False,271953
0.2,0,False,271953
0.01,0,False,271954
0.025,0,False,271954
0.05,0,False,271954
0.075,0,False,271954
0.1,0,False,271954
0.125,0,False,271954
0.15,0,False,271954
0.175,0,False,271954
0.2,0,False,271954
0.01,0,False,271955
0.025,0,False,271955
0.05,0,False,271955
0.075,0,False,271955
0.1,0,False,271955
0.125,0,False,271955
0.15,0,False,271955
0.175,0,False,271955
0.2,0,False,271955
0.01,0,False,271956
0.025,0,False,271956
0.05,0,False,271956
0.075,0,False,271956
0.1,0,False,271956
0.125,0,False,271956
0.15,0,False,271956
0.175,0,False,271956
0.2,0,False,271956
0.01,0,False,271957
0.025,0,False,271957
0.05,0,False,271957
0.075,0,False,271957
0.1,0,False,271957
0.125,0,False,271957
0.15,0,False,271957
0.175,0,False,271957
0.2,0,False,271957
0.01,0,False,271958
0.025,0,False,271958
0.05,0,False,271958
0.075,0,False,271958
0.1,0,False,271958
0.125,0,False,271958
0.15,0,False,271958
0.175,1,True,271958
0.2,1,True,271958
0.01,0,False,271959
0.025,0,False,271959
0.05,0,False,271959
0.075,0,False,271959
0.1,0,False,271959
0.125,0,False,271959
0.15,0,False,271959
0.175,0,False,271959
0.2,0,False,271959
0.01,0,False,271960
0.025,5,True,271960
0.05,5,True,271960
0.075,9,True,271960
0.1,9,True,271960
0.125,10,True,271960
0.15,10,True,271960
0.175,10,True,271960
0.2,10,True,271960
0.01,0,False,271961
0.025,0,False,271961
0.05,0,False,271961
0.075,0,False,271961
0.1,0,False,271961
0.125,0,False,271961
0.15,0,False,271961
0.175,0,False,271961
0.2,0,False,271961
0.01,0,False,271962
0.025,0,False,271962
0.05,0,False,271962
0.075,0,False,271962
0.1,0,False,271962
0.125,0,False,271962
0.15,0,False,271962
0.175,0,False,271962
0.2,0,False,271962
0.01,0,False,271963
0.025,0,False,271963
0.05,0,False,271963
0.075,0,False,271963
0.1,0,False,271963
0.125,0,False,271963
0.15,0,False,271963
0.175,0,False,271963
0.2,0,False,271963
0.01,0,False,271964
0.025,0,False,271964
0.05,0,False,271964
0.075,0,False,271964
0.1,0,False,271964
0.125,0,False,271964
0.15,0,False,271964
0.175,0,False,271964
0.2,0,False,271964
0.01,0,False,271965
0.025,0,False,271965
0.05,0,False,271965
0.075,0,False,271965
0.1,0,False,271965
0.125,0,False,271965
0.15,0,False,271965
0.175,0,False,271965
0.2,0,False,271965
0.01,0,False,271966
0.025,0,False,271966
0.05,0,False,271966
0.075,0,False,271966
0.1,0,False,271966
0.125,0,False,271966
0.15,0,False,271966
0.175,0,False,271966
0.2,0,False,271966
0.01,0,False,271967
0.025,0,False,271967
0.05,0,False,271967
0.075,0,False,271967
0.1,0,False,271967
0.125,0,False,271967
0.15,0,False,271967
0.175,0,False,271967
0.2,0,False,271967
0.01,0,False,271968
0.025,0,False,271968
0.05,0,False,271968
0.075,0,False,271968
0.1,0,False,271968
0.125,0,False,271968
0.15,0,False,271968
0.175,0,False,271968
0.2,0,False,271968
0.01,0,False,271969
0.025,0,False,271969
0.05,0,False,271969
0.075,0,False,271969
0.1,0,False,271969
0.125,0,False,271969
0.15,0,False,271969
0.175,0,False,271969
0.2,0,False,271969
0.01,0,False,271970
0.025,0,False,271970
0.05,0,False,271970
0.075,0,False,271970
0.1,0,False,271970
0.125,0,False,271970
0.15,0,False,271970
0.175,0,False,271970
0.2,0,False,271970
0.01,3,True,271971
0.025,3,True,271971
0.05,3,True,271971
0.075,3,True,271971
0.1,5,True,271971
0.125,5,True,271971
0.15,5,True,271971
0.175,5,True,271971
0.2,5,True,271971
0.01,0,False,271972
0.025,0,False,271972
0.05,0,False,271972
0.075,0,False,271972
0.1,0,False,271972
0.125,0,False,271972
0.15,0,False,271972
0.175,0,False,271972
0.2,0,False,271972
0.01,0,False,271973
0.025,0,False,271973
0.05,0,False,271973
0.075,1,True,271973
0.1,1,True,271973
0.125,1,True,271973
0.15,1,True,271973
0.175,1,True,271973
0.2,1,True,271973
0.01,0,False,271974
0.025,0,False,271974
0.05,0,False,271974
0.075,1,True,271974
0.1,1,True,271974
0.125,1,True,271974
0.15,2,True,271974
0.175,2,True,271974
0.2,2,True,271974
0.01,0,False,271975
0.025,0,False,271975
0.05,0,False,271975
0.075,0,False,271975
0.1,0,False,271975
0.125,0,False,271975
0.15,0,False,271975
0.175,0,False,271975
0.2,0,False,271975
0.01,0,False,271976
0.025,0,False,271976
0.05,0,False,271976
0.075,0,False,271976
0.1,0,False,271976
0.125,0,False,271976
0.15,0,False,271976
0.175,0,False,271976
0.2,0,False,271976
0.01,0,False,271977
0.025,0,False,271977
0.05,0,False,271977
0.075,0,False,271977
0.1,0,False,271977
0.125,0,False,271977
0.15,0,False,271977
0.175,0,False,271977
0.2,0,False,271977
0.01,0,False,271978
0.025,0,False,271978
0.05,0,False,271978
0.075,0,False,271978
0.1,0,False,271978
0.125,0,False,271978
0.15,0,False,271978
0.175,0,False,271978
0.2,0,False,271978
0.01,0,False,271979
0.025,0,False,271979
0.05,0,False,271979
0.075,0,False,271979
0.1,0,False,271979
0.125,0,False,271979
0.15,0,False,271979
0.175,0,False,271979
0.2,0,False,271979
0.01,0,False,271980
0.025,0,False,271980
0.05,0,False,271980
0.075,0,False,271980
0.1,0,False,271980
0.125,0,False,271980
0.15,0,False,271980
0.175,0,False,271980
0.2,0,False,271980
0.01,0,False,271981
0.025,0,False,271981
0.05,0,False,271981
0.075,0,False,271981
0.1,0,False,271981
0.125,0,False,271981
0.15,0,False,271981
0.175,0,False,271981
0.2,0,False,271981
0.01,0,False,271982
0.025,0,False,271982
0.05,0,False,271982
0.075,0,False,271982
0.1,0,False,271982
0.125,0,False,271982
0.15,0,False,271982
0.175,0,False,271982
0.2,0,False,271982
0.01,0,False,271983
0.025,0,False,271983
0.05,0,False,271983
0.075,0,False,271983
0.1,0,False,271983
0.125,0,False,271983
0.15,0,False,271983
0.175,0,False,271983
0.2,0,False,271983
0.01,0,False,271984
0.025,0,False,271984
0.05,0,False,271984
0.075,0,False,271984
0.1,0,False,271984
0.125,1,True,271984
0.15,1,True,271984
0.175,1,True,271984
0.2,1,True,271984
0.01,0,False,271985
0.025,0,False,271985
0.05,0,False,271985
0.075,0,False,271985
0.1,0,False,271985
0.125,0,False,271985
0.15,0,False,271985
0.175,0,False,271985
0.2,0,False,271985
0.01,0,False,271986
0.025,0,False,271986
0.05,0,False,271986
0.075,0,False,271986
0.1,0,False,271986
0.125,0,False,271986
0.15,0,False,271986
0.175,0,False,271986
0.2,0,False,271986
0.01,0,False,271987
0.025,0,False,271987
0.05,0,False,271987
0.075,0,False,271987
0.1,0,False,271987
0.125,0,False,271987
0.15,0,False,271987
0.175,0,False,271987
0.2,0,False,271987
0.01,0,False,271988
0.025,0,False,271988
0.05,0,False,271988
0.075,0,False,271988
0.1,0,False,271988
0.125,0,False,271988
0.15,0,False,271988
0.175,0,False,271988
0.2,0,False,271988
0.01,0,False,271989
0.025,0,False,271989
0.05,0,False,271989
0.075,0,False,271989
0.1,0,False,271989
0.125,0,False,271989
0.15,0,False,271989
0.175,0,False,271989
0.2,0,False,271989
0.01,0,False,271990
0.025,0,False,271990
0.05,0,False,271990
0.075,0,False,271990
0.1,0,False,271990
0.125,0,False,271990
0.15,0,False,271990
0.175,0,False,271990
0.2,0,False,271990
0.01,0,False,271991
0.025,0,False,271991
0.05,0,False,271991
0.075,0,False,271991
0.1,0,False,271991
0.125,0,False,271991
0.15,0,False,271991
0.175,0,False,271991
0.2,0,False,271991
0.01,0,False,271992
0.025,0,False,271992
0.05,0,False,271992
0.075,0,False,271992
0.1,0,False,271992
0.125,0,False,271992
0.15,0,False,271992
0.175,0,False,271992
0.2,0,False,271992
0.01,0,False,271993
0.025,0,False,271993
0.05,0,False,271993
0.075,0,False,271993
0.1,0,False,271993
0.125,0,False,271993
0.15,0,False,271993
0.175,0,False,271993
0.2,0,False,271993
0.01,0,False,271994
0.025,0,False,271994
0.05,0,False,271994
0.075,0,False,271994
0.1,0,False,271994
0.125,0,False,271994
0.15,0,False,271994
0.175,0,False,271994
0.2,0,False,271994
0.01,0,False,271995
0.025,0,False,271995
0.05,0,False,271995
0.075,0,False,271995
0.1,0,False,271995
0.125,0,False,271995
0.15,0,False,271995
0.175,0,False,271995
0.2,0,False,271995
0.01,0,False,271996
0.025,0,False,271996
0.05,0,False,271996
0.075,0,False,271996
0.1,0,False,271996
0.125,0,False,271996
0.15,0,False,271996
0.175,0,False,271996
0.2,0,False,271996
0.01,0,False,271997
0.025,0,False,271997
0.05,0,False,271997
0.075,0,False,271997
0.1,0,False,271997
0.125,0,False,271997
0.15,0,False,271997
0.175,0,False,271997
0.2,0,False,271997
0.01,0,False,271998
0.025,0,False,271998
0.05,0,False,271998
0.075,0,False,271998
0.1,0,False,271998
0.125,0,False,271998
0.15,0,False,271998
0.175,0,False,271998
0.2,0,False,271998
0.01,0,False,271999
0.025,0,False,271999
0.05,0,False,271999
0.075,0,False,271999
0.1,0,False,271999
0.125,0,False,271999
0.15,0,False,271999
0.175,0,False,271999
0.2,0,False,271999
0.01,0,False,272000
0.025,0,False,272000
0.05,0,False,272000
0.075,0,False,272000
0.1,0,False,272000
0.125,0,False,272000
0.15,0,False,272000
0.175,0,False,272000
0.2,0,False,272000
0.01,0,False,272001
0.025,0,False,272001
0.05,0,False,272001
0.075,0,False,272001
0.1,0,False,272001
0.125,0,False,272001
0.15,0,False,272001
0.175,0,False,272001
0.2,0,False,272001
0.01,0,False,272002
0.025,0,False,272002
0.05,0,False,272002
0.075,0,False,272002
0.1,0,False,272002
0.125,0,False,272002
0.15,0,False,272002
0.175,0,False,272002
0.2,0,False,272002
0.01,0,False,272003
0.025,0,False,272003
0.05,0,False,272003
0.075,0,False,272003
0.1,0,False,272003
0.125,0,False,272003
0.15,0,False,272003
0.175,0,False,272003
0.2,0,False,272003
0.01,0,False,272004
0.025,0,False,272004
0.05,0,False,272004
0.075,0,False,272004
0.1,0,False,272004
0.125,0,False,272004
0.15,0,False,272004
0.175,0,False,272004
0.2,0,False,272004
0.01,0,False,272005
0.025,0,False,272005
0.05,0,False,272005
0.075,0,False,272005
0.1,0,False,272005
0.125,0,False,272005
0.15,0,False,272005
0.175,0,False,272005
0.2,0,False,272005
0.01,0,False,272006
0.025,0,False,272006
0.05,0,False,272006
0.075,0,False,272006
0.1,0,False,272006
0.125,0,False,272006
0.15,0,False,272006
0.175,0,False,272006
0.2,0,False,272006
0.01,0,False,272007
0.025,0,False,272007
0.05,0,False,272007
0.075,0,False,272007
0.1,0,False,272007
0.125,0,False,272007
0.15,0,False,272007
0.175,0,False,272007
0.2,0,False,272007
0.01,0,False,272008
0.025,0,False,272008
0.05,0,False,272008
0.075,0,False,272008
0.1,0,False,272008
0.125,0,False,272008
0.15,0,False,272008
0.175,0,False,272008
0.2,0,False,272008
0.01,0,False,272009
0.025,0,False,272009
0.05,0,False,272009
0.075,0,False,272009
0.1,0,False,272009
0.125,0,False,272009
0.15,0,False,272009
0.175,0,False,272009
0.2,0,False,272009
0.01,0,False,272010
0.025,0,False,272010
0.05,0,False,272010
0.075,0,False,272010
0.1,0,False,272010
0.125,0,False,272010
0.15,0,False,272010
0.175,0,False,272010
0.2,0,False,272010
0.01,0,False,272011
0.025,0,False,272011
0.05,0,False,272011
0.075,0,False,272011
0.1,0,False,272011
0.125,0,False,272011
0.15,0,False,272011
0.175,0,False,272011
0.2,0,False,272011
0.01,0,False,272012
0.025,0,False,272012
0.05,0,False,272012
0.075,0,False,272012
0.1,0,False,272012
0.125,0,False,272012
0.15,0,False,272012
0.175,0,False,272012
0.2,0,False,272012
0.01,0,False,272013
0.025,0,False,272013
0.05,0,False,272013
0.075,0,False,272013
0.1,0,False,272013
0.125,0,False,272013
0.15,0,False,272013
0.175,0,False,272013
0.2,0,False,272013
0.01,0,False,272014
0.025,0,False,272014
0.05,0,False,272014
0.075,0,False,272014
0.1,0,False,272014
0.125,0,False,272014
0.15,0,False,272014
0.175,0,False,272014
0.2,0,False,272014
0.01,0,False,272015
0.025,0,False,272015
0.05,0,False,272015
0.075,0,False,272015
0.1,0,False,272015
0.125,0,False,272015
0.15,0,False,272015
0.175,0,False,272015
0.2,0,False,272015
0.01,0,False,272016
0.025,0,False,272016
0.05,0,False,272016
0.075,0,False,272016
0.1,0,False,272016
0.125,0,False,272016
0.15,0,False,272016
0.175,0,False,272016
0.2,0,False,272016
0.01,0,False,272017
0.025,0,False,272017
0.05,0,False,272017
0.075,0,False,272017
0.1,0,False,272017
0.125,0,False,272017
0.15,0,False,272017
0.175,0,False,272017
0.2,0,False,272017
0.01,0,False,272018
0.025,0,False,272018
0.05,0,False,272018
0.075,0,False,272018
0.1,0,False,272018
0.125,0,False,272018
0.15,0,False,272018
0.175,0,False,272018
0.2,0,False,272018
0.01,0,False,272019
0.025,0,False,272019
0.05,0,False,272019
0.075,0,False,272019
0.1,0,False,272019
0.125,0,False,272019
0.15,0,False,272019
0.175,0,False,272019
0.2,0,False,272019
0.01,0,False,272020
0.025,0,False,272020
0.05,0,False,272020
0.075,0,False,272020
0.1,0,False,272020
0.125,0,False,272020
0.15,0,False,272020
0.175,0,False,272020
0.2,0,False,272020
0.01,0,False,272021
0.025,0,False,272021
0.05,0,False,272021
0.075,0,False,272021
0.1,0,False,272021
0.125,0,False,272021
0.15,0,False,272021
0.175,0,False,272021
0.2,0,False,272021
0.01,0,False,272022
0.025,0,False,272022
0.05,0,False,272022
0.075,0,False,272022
0.1,0,False,272022
0.125,0,False,272022
0.15,0,False,272022
0.175,0,False,272022
0.2,0,False,272022
0.01,0,False,272023
0.025,0,False,272023
0.05,0,False,272023
0.075,0,False,272023
0.1,0,False,272023
0.125,0,False,272023
0.15,0,False,272023
0.175,0,False,272023
0.2,0,False,272023
0.01,0,False,272024
0.025,0,False,272024
0.05,0,False,272024
0.075,0,False,272024
0.1,0,False,272024
0.125,0,False,272024
0.15,0,False,272024
0.175,0,False,272024
0.2,0,False,272024
0.01,0,False,272025
0.025,0,False,272025
0.05,0,False,272025
0.075,0,False,272025
0.1,0,False,272025
0.125,0,False,272025
0.15,0,False,272025
0.175,0,False,272025
0.2,0,False,272025
0.01,0,False,272026
0.025,0,False,272026
0.05,0,False,272026
0.075,0,False,272026
0.1,0,False,272026
0.125,0,False,272026
0.15,0,False,272026
0.175,0,False,272026
0.2,0,False,272026
0.01,0,False,272027
0.025,0,False,272027
0.05,0,False,272027
0.075,0,False,272027
0.1,0,False,272027
0.125,0,False,272027
0.15,0,False,272027
0.175,0,False,272027
0.2,0,False,272027
0.01,0,False,272028
0.025,0,False,272028
0.05,0,False,272028
0.075,0,False,272028
0.1,0,False,272028
0.125,0,False,272028
0.15,0,False,272028
0.175,0,False,272028
0.2,0,False,272028
0.01,0,False,272029
0.025,0,False,272029
0.05,0,False,272029
0.075,0,False,272029
0.1,0,False,272029
0.125,0,False,272029
0.15,0,False,272029
0.175,0,False,272029
0.2,0,False,272029
0.01,0,False,272030
0.025,0,False,272030
0.05,0,False,272030
0.075,0,False,272030
0.1,0,False,272030
0.125,0,False,272030
0.15,0,False,272030
0.175,0,False,272030
0.2,0,False,272030
0.01,0,False,272031
0.025,0,False,272031
0.05,0,False,272031
0.075,0,False,272031
0.1,0,False,272031
0.125,0,False,272031
0.15,0,False,272031
0.175,0,False,272031
0.2,0,False,272031
0.01,0,False,272032
0.025,0,False,272032
0.05,0,False,272032
0.075,0,False,272032
0.1,0,False,272032
0.125,0,False,272032
0.15,0,False,272032
0.175,0,False,272032
0.2,0,False,272032
0.01,0,False,272033
0.025,0,False,272033
0.05,0,False,272033
0.075,0,False,272033
0.1,0,False,272033
0.125,0,False,272033
0.15,0,False,272033
0.175,0,False,272033
0.2,0,False,272033
0.01,0,False,272034
0.025,0,False,272034
0.05,0,False,272034
0.075,0,False,272034
0.1,0,False,272034
0.125,0,False,272034
0.15,0,False,272034
0.175,0,False,272034
0.2,0,False,272034
0.01,0,False,272035
0.025,0,False,272035
0.05,0,False,272035
0.075,0,False,272035
0.1,0,False,272035
0.125,0,False,272035
0.15,0,False,272035
0.175,0,False,272035
0.2,0,False,272035
0.01,0,False,272036
0.025,0,False,272036
0.05,0,False,272036
0.075,0,False,272036
0.1,0,False,272036
0.125,0,False,272036
0.15,0,False,272036
0.175,0,False,272036
0.2,0,False,272036
0.01,0,False,272037
0.025,0,False,272037
0.05,0,False,272037
0.075,0,False,272037
0.1,0,False,272037
0.125,0,False,272037
0.15,0,False,272037
0.175,0,False,272037
0.2,0,False,272037
0.01,0,False,272038
0.025,0,False,272038
0.05,0,False,272038
0.075,0,False,272038
0.1,0,False,272038
0.125,0,False,272038
0.15,0,False,272038
0.175,0,False,272038
0.2,0,False,272038
0.01,0,False,272039
0.025,0,False,272039
0.05,0,False,272039
0.075,0,False,272039
0.1,0,False,272039
0.125,0,False,272039
0.15,0,False,272039
0.175,0,False,272039
0.2,0,False,272039
0.01,0,False,272040
0.025,0,False,272040
0.05,0,False,272040
0.075,0,False,272040
0.1,0,False,272040
0.125,0,False,272040
0.15,0,False,272040
0.175,0,False,272040
0.2,0,False,272040
0.01,0,False,272041
0.025,0,False,272041
0.05,0,False,272041
0.075,0,False,272041
0.1,0,False,272041
0.125,0,False,272041
0.15,0,False,272041
0.175,0,False,272041
0.2,0,False,272041
0.01,0,False,272042
0.025,0,False,272042
0.05,0,False,272042
0.075,0,False,272042
0.1,0,False,272042
0.125,0,False,272042
0.15,0,False,272042
0.175,0,False,272042
0.2,0,False,272042
0.01,0,False,272043
0.025,0,False,272043
0.05,0,False,272043
0.075,0,False,272043
0.1,0,False,272043
0.125,0,False,272043
0.15,0,False,272043
0.175,0,False,272043
0.2,0,False,272043
0.01,0,False,272044
0.025,0,False,272044
0.05,0,False,272044
0.075,0,False,272044
0.1,0,False,272044
0.125,0,False,272044
0.15,0,False,272044
0.175,0,False,272044
0.2,0,False,272044
0.01,0,False,272045
0.025,0,False,272045
0.05,0,False,272045
0.075,0,False,272045
0.1,0,False,272045
0.125,0,False,272045
0.15,0,False,272045
0.175,0,False,272045
0.2,0,False,272045
0.01,0,False,272046
0.025,0,False,272046
0.05,0,False,272046
0.075,0,False,272046
0.1,0,False,272046
0.125,0,False,272046
0.15,0,False,272046
0.175,0,False,272046
0.2,0,False,272046
0.01,0,False,272047
0.025,0,False,272047
0.05,0,False,272047
0.075,0,False,272047
0.1,0,False,272047
0.125,0,False,272047
0.15,0,False,272047
0.175,0,False,272047
0.2,0,False,272047
0.01,0,False,272048
0.025,0,False,272048
0.05,0,False,272048
0.075,0,False,272048
0.1,0,False,272048
0.125,0,False,272048
0.15,0,False,272048
0.175,0,False,272048
0.2,0,False,272048
0.01,0,False,272049
0.025,0,False,272049
0.05,0,False,272049
0.075,0,False,272049
0.1,0,False,272049
0.125,0,False,272049
0.15,0,False,272049
0.175,0,False,272049
0.2,0,False,272049
0.01,0,False,272050
0.025,0,False,272050
0.05,0,False,272050
0.075,0,False,272050
0.1,0,False,272050
0.125,0,False,272050
0.15,0,False,272050
0.175,0,False,272050
0.2,0,False,272050
0.01,0,False,272051
0.025,0,False,272051
0.05,0,False,272051
0.075,0,False,272051
0.1,0,False,272051
0.125,0,False,272051
0.15,0,False,272051
0.175,0,False,272051
0.2,0,False,272051
0.01,0,False,272052
0.025,0,False,272052
0.05,0,False,272052
0.075,0,False,272052
0.1,0,False,272052
0.125,0,False,272052
0.15,0,False,272052
0.175,0,False,272052
0.2,0,False,272052
0.01,0,False,272053
0.025,0,False,272053
0.05,0,False,272053
0.075,0,False,272053
0.1,0,False,272053
0.125,0,False,272053
0.15,0,False,272053
0.175,0,False,272053
0.2,0,False,272053
0.01,0,False,272054
0.025,0,False,272054
0.05,0,False,272054
0.075,0,False,272054
0.1,0,False,272054
0.125,0,False,272054
0.15,0,False,272054
0.175,0,False,272054
0.2,0,False,272054
0.01,0,False,272055
0.025,1,True,272055
0.05,1,True,272055
0.075,1,True,272055
0.1,1,True,272055
0.125,1,True,272055
0.15,1,True,272055
0.175,1,True,272055
0.2,1,True,272055
0.01,0,False,272056
0.025,0,False,272056
0.05,0,False,272056
0.075,0,False,272056
0.1,0,False,272056
0.125,0,False,272056
0.15,0,False,272056
0.175,0,False,272056
0.2,0,False,272056
0.01,0,False,272057
0.025,0,False,272057
0.05,0,False,272057
0.075,0,False,272057
0.1,0,False,272057
0.125,0,False,272057
0.15,0,False,272057
0.175,0,False,272057
0.2,0,False,272057
0.01,0,False,272058
0.025,0,False,272058
0.05,0,False,272058
0.075,0,False,272058
0.1,0,False,272058
0.125,0,False,272058
0.15,0,False,272058
0.175,0,False,272058
0.2,0,False,272058
0.01,0,False,272059
0.025,0,False,272059
0.05,0,False,272059
0.075,0,False,272059
0.1,0,False,272059
0.125,0,False,272059
0.15,0,False,272059
0.175,0,False,272059
0.2,0,False,272059
0.01,0,False,272060
0.025,0,False,272060
0.05,0,False,272060
0.075,0,False,272060
0.1,0,False,272060
0.125,0,False,272060
0.15,0,False,272060
0.175,0,False,272060
0.2,0,False,272060
0.01,0,False,272061
0.025,0,False,272061
0.05,0,False,272061
0.075,0,False,272061
0.1,0,False,272061
0.125,0,False,272061
0.15,0,False,272061
0.175,0,False,272061
0.2,0,False,272061
0.01,0,False,272062
0.025,0,False,272062
0.05,0,False,272062
0.075,0,False,272062
0.1,0,False,272062
0.125,0,False,272062
0.15,0,False,272062
0.175,0,False,272062
0.2,0,False,272062
0.01,0,False,272063
0.025,0,False,272063
0.05,0,False,272063
0.075,0,False,272063
0.1,0,False,272063
0.125,0,False,272063
0.15,0,False,272063
0.175,0,False,272063
0.2,0,False,272063
0.01,0,False,272064
0.025,0,False,272064
0.05,0,False,272064
0.075,0,False,272064
0.1,0,False,272064
0.125,0,False,272064
0.15,0,False,272064
0.175,0,False,272064
0.2,0,False,272064
0.01,0,False,272065
0.025,0,False,272065
0.05,0,False,272065
0.075,0,False,272065
0.1,0,False,272065
0.125,0,False,272065
0.15,0,False,272065
0.175,0,False,272065
0.2,0,False,272065
0.01,0,False,272066
0.025,0,False,272066
0.05,0,False,272066
0.075,0,False,272066
0.1,0,False,272066
0.125,0,False,272066
0.15,0,False,272066
0.175,0,False,272066
0.2,0,False,272066
0.01,0,False,272067
0.025,0,False,272067
0.05,0,False,272067
0.075,0,False,272067
0.1,0,False,272067
0.125,0,False,272067
0.15,0,False,272067
0.175,0,False,272067
0.2,0,False,272067
0.01,0,False,272068
0.025,0,False,272068
0.05,0,False,272068
0.075,0,False,272068
0.1,0,False,272068
0.125,0,False,272068
0.15,0,False,272068
0.175,0,False,272068
0.2,0,False,272068
0.01,0,False,272069
0.025,0,False,272069
0.05,0,False,272069
0.075,0,False,272069
0.1,0,False,272069
0.125,0,False,272069
0.15,0,False,272069
0.175,0,False,272069
0.2,0,False,272069
0.01,0,False,272070
0.025,0,False,272070
0.05,0,False,272070
0.075,0,False,272070
0.1,0,False,272070
0.125,0,False,272070
0.15,0,False,272070
0.175,0,False,272070
0.2,0,False,272070
0.01,0,False,272071
0.025,0,False,272071
0.05,0,False,272071
0.075,0,False,272071
0.1,0,False,272071
0.125,0,False,272071
0.15,0,False,272071
0.175,0,False,272071
0.2,0,False,272071
0.01,0,False,272072
0.025,0,False,272072
0.05,0,False,272072
0.075,0,False,272072
0.1,0,False,272072
0.125,0,False,272072
0.15,0,False,272072
0.175,0,False,272072
0.2,0,False,272072
0.01,0,False,272073
0.025,0,False,272073
0.05,0,False,272073
0.075,0,False,272073
0.1,0,False,272073
0.125,0,False,272073
0.15,0,False,272073
0.175,0,False,272073
0.2,0,False,272073
0.01,0,False,272074
0.025,0,False,272074
0.05,0,False,272074
0.075,0,False,272074
0.1,0,False,272074
0.125,0,False,272074
0.15,0,False,272074
0.175,0,False,272074
0.2,0,False,272074
0.01,0,False,272075
0.025,0,False,272075
0.05,0,False,272075
0.075,0,False,272075
0.1,0,False,272075
0.125,0,False,272075
0.15,0,False,272075
0.175,0,False,272075
0.2,0,False,272075
0.01,0,False,272076
0.025,0,False,272076
0.05,0,False,272076
0.075,1,True,272076
0.1,1,True,272076
0.125,1,True,272076
0.15,1,True,272076
0.175,1,True,272076
0.2,1,True,272076
0.01,0,False,272077
0.025,0,False,272077
0.05,0,False,272077
0.075,0,False,272077
0.1,0,False,272077
0.125,0,False,272077
0.15,0,False,272077
0.175,0,False,272077
0.2,0,False,272077
0.01,0,False,272078
0.025,0,False,272078
0.05,0,False,272078
0.075,0,False,272078
0.1,0,False,272078
0.125,0,False,272078
0.15,0,False,272078
0.175,0,False,272078
0.2,0,False,272078
0.01,0,False,272079
0.025,0,False,272079
0.05,0,False,272079
0.075,0,False,272079
0.1,0,False,272079
0.125,0,False,272079
0.15,0,False,272079
0.175,0,False,272079
0.2,0,False,272079
0.01,0,False,272080
0.025,0,False,272080
0.05,0,False,272080
0.075,0,False,272080
0.1,0,False,272080
0.125,0,False,272080
0.15,0,False,272080
0.175,0,False,272080
0.2,0,False,272080
0.01,0,False,272081
0.025,0,False,272081
0.05,0,False,272081
0.075,0,False,272081
0.1,0,False,272081
0.125,0,False,272081
0.15,0,False,272081
0.175,0,False,272081
0.2,0,False,272081
0.01,0,False,272082
0.025,0,False,272082
0.05,2,True,272082
0.075,2,True,272082
0.1,3,True,272082
0.125,3,True,272082
0.15,4,True,272082
0.175,4,True,272082
0.2,4,True,272082
0.01,0,False,272083
0.025,0,False,272083
0.05,0,False,272083
0.075,0,False,272083
0.1,0,False,272083
0.125,0,False,272083
0.15,0,False,272083
0.175,0,False,272083
0.2,0,False,272083
0.01,0,False,272084
0.025,0,False,272084
0.05,0,False,272084
0.075,0,False,272084
0.1,0,False,272084
0.125,0,False,272084
0.15,0,False,272084
0.175,0,False,272084
0.2,0,False,272084
0.01,0,False,272085
0.025,0,False,272085
0.05,0,False,272085
0.075,0,False,272085
0.1,0,False,272085
0.125,0,False,272085
0.15,0,False,272085
0.175,0,False,272085
0.2,0,False,272085
0.01,0,False,272086
0.025,0,False,272086
0.05,0,False,272086
0.075,1,True,272086
0.1,1,True,272086
0.125,1,True,272086
0.15,1,True,272086
0.175,1,True,272086
0.2,1,True,272086
0.01,0,False,272087
0.025,0,False,272087
0.05,0,False,272087
0.075,0,False,272087
0.1,0,False,272087
0.125,0,False,272087
0.15,0,False,272087
0.175,0,False,272087
0.2,0,False,272087
0.01,0,False,272088
0.025,0,False,272088
0.05,0,False,272088
0.075,0,False,272088
0.1,0,False,272088
0.125,0,False,272088
0.15,0,False,272088
0.175,0,False,272088
0.2,0,False,272088
0.01,0,False,272089
0.025,0,False,272089
0.05,0,False,272089
0.075,0,False,272089
0.1,0,False,272089
0.125,0,False,272089
0.15,0,False,272089
0.175,0,False,272089
0.2,0,False,272089
0.01,0,False,272090
0.025,0,False,272090
0.05,0,False,272090
0.075,0,False,272090
0.1,0,False,272090
0.125,0,False,272090
0.15,0,False,272090
0.175,0,False,272090
0.2,0,False,272090
0.01,0,False,272091
0.025,0,False,272091
0.05,0,False,272091
0.075,0,False,272091
0.1,0,False,272091
0.125,0,False,272091
0.15,0,False,272091
0.175,0,False,272091
0.2,0,False,272091
0.01,0,False,272092
0.025,0,False,272092
0.05,0,False,272092
0.075,0,False,272092
0.1,0,False,272092
0.125,0,False,272092
0.15,0,False,272092
0.175,0,False,272092
0.2,0,False,272092
0.01,0,False,272093
0.025,0,False,272093
0.05,0,False,272093
0.075,0,False,272093
0.1,0,False,272093
0.125,0,False,272093
0.15,0,False,272093
0.175,0,False,272093
0.2,0,False,272093
0.01,0,False,272094
0.025,0,False,272094
0.05,0,False,272094
0.075,0,False,272094
0.1,0,False,272094
0.125,0,False,272094
0.15,0,False,272094
0.175,0,False,272094
0.2,0,False,272094
0.01,0,False,272095
0.025,0,False,272095
0.05,4,True,272095
0.075,4,True,272095
0.1,6,True,272095
0.125,7,True,272095
0.15,9,True,272095
0.175,9,True,272095
0.2,9,True,272095
0.01,0,False,272096
0.025,0,False,272096
0.05,0,False,272096
0.075,0,False,272096
0.1,0,False,272096
0.125,0,False,272096
0.15,0,False,272096
0.175,0,False,272096
0.2,0,False,272096
0.01,0,False,272097
0.025,0,False,272097
0.05,0,False,272097
0.075,0,False,272097
0.1,0,False,272097
0.125,0,False,272097
0.15,0,False,272097
0.175,0,False,272097
0.2,0,False,272097
0.01,0,False,272098
0.025,0,False,272098
0.05,0,False,272098
0.075,0,False,272098
0.1,0,False,272098
0.125,0,False,272098
0.15,0,False,272098
0.175,0,False,272098
0.2,0,False,272098
0.01,0,False,272099
0.025,0,False,272099
0.05,0,False,272099
0.075,0,False,272099
0.1,0,False,272099
0.125,0,False,272099
0.15,0,False,272099
0.175,0,False,272099
0.2,0,False,272099
0.01,0,False,272100
0.025,0,False,272100
0.05,0,False,272100
0.075,0,False,272100
0.1,0,False,272100
0.125,0,False,272100
0.15,0,False,272100
0.175,0,False,272100
0.2,0,False,272100
0.01,0,False,272101
0.025,0,False,272101
0.05,0,False,272101
0.075,0,False,272101
0.1,0,False,272101
0.125,0,False,272101
0.15,0,False,272101
0.175,0,False,272101
0.2,0,False,272101
0.01,0,False,272102
0.025,0,False,272102
0.05,0,False,272102
0.075,0,False,272102
0.1,0,False,272102
0.125,0,False,272102
0.15,0,False,272102
0.175,0,False,272102
0.2,0,False,272102
0.01,0,False,272103
0.025,0,False,272103
0.05,0,False,272103
0.075,0,False,272103
0.1,0,False,272103
0.125,0,False,272103
0.15,0,False,272103
0.175,0,False,272103
0.2,0,False,272103
0.01,0,False,272104
0.025,0,False,272104
0.05,0,False,272104
0.075,0,False,272104
0.1,0,False,272104
0.125,0,False,272104
0.15,0,False,272104
0.175,0,False,272104
0.2,0,False,272104
0.01,0,False,272105
0.025,1,True,272105
0.05,1,True,272105
0.075,1,True,272105
0.1,1,True,272105
0.125,1,True,272105
0.15,1,True,272105
0.175,1,True,272105
0.2,1,True,272105
0.01,0,False,272106
0.025,0,False,272106
0.05,0,False,272106
0.075,0,False,272106
0.1,0,False,272106
0.125,0,False,272106
0.15,0,False,272106
0.175,0,False,272106
0.2,0,False,272106
0.01,0,False,272107
0.025,0,False,272107
0.05,0,False,272107
0.075,0,False,272107
0.1,0,False,272107
0.125,0,False,272107
0.15,0,False,272107
0.175,0,False,272107
0.2,0,False,272107
0.01,0,False,272108
0.025,0,False,272108
0.05,0,False,272108
0.075,0,False,272108
0.1,0,False,272108
0.125,0,False,272108
0.15,0,False,272108
0.175,0,False,272108
0.2,0,False,272108
0.01,0,False,272109
0.025,0,False,272109
0.05,0,False,272109
0.075,0,False,272109
0.1,0,False,272109
0.125,0,False,272109
0.15,0,False,272109
0.175,0,False,272109
0.2,0,False,272109
0.01,0,False,272110
0.025,0,False,272110
0.05,0,False,272110
0.075,0,False,272110
0.1,0,False,272110
0.125,0,False,272110
0.15,0,False,272110
0.175,0,False,272110
0.2,0,False,272110
0.01,0,False,272111
0.025,0,False,272111
0.05,0,False,272111
0.075,0,False,272111
0.1,0,False,272111
0.125,0,False,272111
0.15,0,False,272111
0.175,0,False,272111
0.2,0,False,272111
0.01,0,False,272112
0.025,0,False,272112
0.05,0,False,272112
0.075,0,False,272112
0.1,0,False,272112
0.125,0,False,272112
0.15,0,False,272112
0.175,0,False,272112
0.2,0,False,272112
0.01,0,False,272113
0.025,0,False,272113
0.05,0,False,272113
0.075,0,False,272113
0.1,0,False,272113
0.125,0,False,272113
0.15,0,False,272113
0.175,0,False,272113
0.2,0,False,272113
0.01,0,False,272114
0.025,0,False,272114
0.05,0,False,272114
0.075,0,False,272114
0.1,0,False,272114
0.125,0,False,272114
0.15,0,False,272114
0.175,0,False,272114
0.2,0,False,272114
0.01,0,False,272115
0.025,0,False,272115
0.05,0,False,272115
0.075,6,True,272115
0.1,6,True,272115
0.125,6,True,272115
0.15,6,True,272115
0.175,7,True,272115
0.2,9,True,272115
0.01,0,False,272116
0.025,0,False,272116
0.05,0,False,272116
0.075,0,False,272116
0.1,0,False,272116
0.125,0,False,272116
0.15,0,False,272116
0.175,0,False,272116
0.2,0,False,272116
0.01,0,False,272117
0.025,0,False,272117
0.05,0,False,272117
0.075,0,False,272117
0.1,0,False,272117
0.125,0,False,272117
0.15,0,False,272117
0.175,0,False,272117
0.2,0,False,272117
0.01,0,False,272118
0.025,0,False,272118
0.05,0,False,272118
0.075,0,False,272118
0.1,0,False,272118
0.125,0,False,272118
0.15,0,False,272118
0.175,0,False,272118
0.2,0,False,272118
0.01,0,False,272119
0.025,0,False,272119
0.05,0,False,272119
0.075,0,False,272119
0.1,0,False,272119
0.125,0,False,272119
0.15,0,False,272119
0.175,0,False,272119
0.2,0,False,272119
0.01,0,False,272120
0.025,0,False,272120
0.05,0,False,272120
0.075,0,False,272120
0.1,0,False,272120
0.125,0,False,272120
0.15,0,False,272120
0.175,0,False,272120
0.2,0,False,272120
0.01,0,False,272121
0.025,0,False,272121
0.05,0,False,272121
0.075,0,False,272121
0.1,0,False,272121
0.125,0,False,272121
0.15,0,False,272121
0.175,0,False,272121
0.2,0,False,272121
0.01,0,False,272122
0.025,0,False,272122
0.05,0,False,272122
0.075,0,False,272122
0.1,0,False,272122
0.125,0,False,272122
0.15,0,False,272122
0.175,0,False,272122
0.2,2,True,272122
0.01,0,False,272123
0.025,0,False,272123
0.05,0,False,272123
0.075,0,False,272123
0.1,0,False,272123
0.125,0,False,272123
0.15,0,False,272123
0.175,0,False,272123
0.2,0,False,272123
0.01,0,False,272124
0.025,0,False,272124
0.05,0,False,272124
0.075,0,False,272124
0.1,0,False,272124
0.125,0,False,272124
0.15,0,False,272124
0.175,0,False,272124
0.2,0,False,272124
0.01,0,False,272125
0.025,0,False,272125
0.05,0,False,272125
0.075,0,False,272125
0.1,0,False,272125
0.125,0,False,272125
0.15,0,False,272125
0.175,0,False,272125
0.2,0,False,272125
0.01,1,True,272126
0.025,1,True,272126
0.05,1,True,272126
0.075,1,True,272126
0.1,1,True,272126
0.125,1,True,272126
0.15,1,True,272126
0.175,3,True,272126
0.2,3,True,272126
0.01,0,False,272127
0.025,0,False,272127
0.05,0,False,272127
0.075,0,False,272127
0.1,0,False,272127
0.125,0,False,272127
0.15,0,False,272127
0.175,0,False,272127
0.2,0,False,272127
0.01,0,False,272128
0.025,0,False,272128
0.05,0,False,272128
0.075,0,False,272128
0.1,0,False,272128
0.125,0,False,272128
0.15,0,False,272128
0.175,0,False,272128
0.2,0,False,272128
0.01,0,False,272129
0.025,0,False,272129
0.05,0,False,272129
0.075,0,False,272129
0.1,0,False,272129
0.125,0,False,272129
0.15,0,False,272129
0.175,0,False,272129
0.2,0,False,272129
0.01,0,False,272130
0.025,0,False,272130
0.05,0,False,272130
0.075,0,False,272130
0.1,0,False,272130
0.125,0,False,272130
0.15,0,False,272130
0.175,0,False,272130
0.2,0,False,272130
0.01,0,False,272131
0.025,0,False,272131
0.05,0,False,272131
0.075,0,False,272131
0.1,0,False,272131
0.125,0,False,272131
0.15,0,False,272131
0.175,1,True,272131
0.2,1,True,272131
0.01,0,False,272132
0.025,0,False,272132
0.05,0,False,272132
0.075,0,False,272132
0.1,0,False,272132
0.125,0,False,272132
0.15,0,False,272132
0.175,0,False,272132
0.2,0,False,272132
0.01,0,False,272133
0.025,0,False,272133
0.05,0,False,272133
0.075,0,False,272133
0.1,0,False,272133
0.125,0,False,272133
0.15,0,False,272133
0.175,0,False,272133
0.2,0,False,272133
0.01,0,False,272134
0.025,0,False,272134
0.05,0,False,272134
0.075,0,False,272134
0.1,0,False,272134
0.125,0,False,272134
0.15,0,False,272134
0.175,0,False,272134
0.2,0,False,272134
0.01,0,False,272135
0.025,0,False,272135
0.05,0,False,272135
0.075,0,False,272135
0.1,0,False,272135
0.125,0,False,272135
0.15,0,False,272135
0.175,0,False,272135
0.2,0,False,272135
0.01,0,False,272136
0.025,0,False,272136
0.05,0,False,272136
0.075,0,False,272136
0.1,0,False,272136
0.125,0,False,272136
0.15,0,False,272136
0.175,0,False,272136
0.2,0,False,272136
0.01,0,False,272137
0.025,0,False,272137
0.05,0,False,272137
0.075,0,False,272137
0.1,0,False,272137
0.125,0,False,272137
0.15,0,False,272137
0.175,0,False,272137
0.2,0,False,272137
0.01,0,False,272138
0.025,0,False,272138
0.05,0,False,272138
0.075,0,False,272138
0.1,0,False,272138
0.125,0,False,272138
0.15,0,False,272138
0.175,0,False,272138
0.2,0,False,272138
0.01,0,False,272139
0.025,0,False,272139
0.05,0,False,272139
0.075,0,False,272139
0.1,0,False,272139
0.125,0,False,272139
0.15,0,False,272139
0.175,0,False,272139
0.2,0,False,272139
0.01,0,False,272140
0.025,0,False,272140
0.05,0,False,272140
0.075,0,False,272140
0.1,0,False,272140
0.125,0,False,272140
0.15,0,False,272140
0.175,0,False,272140
0.2,0,False,272140
0.01,0,False,272141
0.025,0,False,272141
0.05,0,False,272141
0.075,0,False,272141
0.1,0,False,272141
0.125,0,False,272141
0.15,0,False,272141
0.175,0,False,272141
0.2,0,False,272141
0.01,0,False,272142
0.025,0,False,272142
0.05,0,False,272142
0.075,0,False,272142
0.1,0,False,272142
0.125,0,False,272142
0.15,0,False,272142
0.175,0,False,272142
0.2,0,False,272142
0.01,0,False,272143
0.025,0,False,272143
0.05,0,False,272143
0.075,0,False,272143
0.1,0,False,272143
0.125,0,False,272143
0.15,0,False,272143
0.175,0,False,272143
0.2,0,False,272143
0.01,0,False,272144
0.025,0,False,272144
0.05,0,False,272144
0.075,0,False,272144
0.1,0,False,272144
0.125,0,False,272144
0.15,0,False,272144
0.175,0,False,272144
0.2,0,False,272144
0.01,0,False,272145
0.025,0,False,272145
0.05,0,False,272145
0.075,0,False,272145
0.1,0,False,272145
0.125,0,False,272145
0.15,0,False,272145
0.175,0,False,272145
0.2,0,False,272145
0.01,0,False,272146
0.025,0,False,272146
0.05,0,False,272146
0.075,0,False,272146
0.1,0,False,272146
0.125,0,False,272146
0.15,0,False,272146
0.175,0,False,272146
0.2,0,False,272146
0.01,0,False,272147
0.025,0,False,272147
0.05,0,False,272147
0.075,0,False,272147
0.1,0,False,272147
0.125,0,False,272147
0.15,0,False,272147
0.175,0,False,272147
0.2,0,False,272147
0.01,0,False,272148
0.025,0,False,272148
0.05,0,False,272148
0.075,0,False,272148
0.1,0,False,272148
0.125,0,False,272148
0.15,0,False,272148
0.175,0,False,272148
0.2,0,False,272148
0.01,0,False,272149
0.025,0,False,272149
0.05,0,False,272149
0.075,0,False,272149
0.1,0,False,272149
0.125,0,False,272149
0.15,0,False,272149
0.175,0,False,272149
0.2,0,False,272149
0.01,0,False,272150
0.025,0,False,272150
0.05,0,False,272150
0.075,0,False,272150
0.1,0,False,272150
0.125,0,False,272150
0.15,0,False,272150
0.175,0,False,272150
0.2,0,False,272150
0.01,0,False,272151
0.025,0,False,272151
0.05,0,False,272151
0.075,0,False,272151
0.1,0,False,272151
0.125,0,False,272151
0.15,0,False,272151
0.175,0,False,272151
0.2,0,False,272151
0.01,0,False,272152
0.025,0,False,272152
0.05,0,False,272152
0.075,0,False,272152
0.1,0,False,272152
0.125,0,False,272152
0.15,0,False,272152
0.175,0,False,272152
0.2,0,False,272152
0.01,0,False,272153
0.025,0,False,272153
0.05,0,False,272153
0.075,0,False,272153
0.1,0,False,272153
0.125,0,False,272153
0.15,0,False,272153
0.175,0,False,272153
0.2,0,False,272153
0.01,0,False,272154
0.025,0,False,272154
0.05,0,False,272154
0.075,0,False,272154
0.1,0,False,272154
0.125,0,False,272154
0.15,0,False,272154
0.175,0,False,272154
0.2,0,False,272154
0.01,0,False,272155
0.025,0,False,272155
0.05,0,False,272155
0.075,0,False,272155
0.1,0,False,272155
0.125,0,False,272155
0.15,0,False,272155
0.175,0,False,272155
0.2,0,False,272155
0.01,0,False,272156
0.025,0,False,272156
0.05,0,False,272156
0.075,0,False,272156
0.1,0,False,272156
0.125,0,False,272156
0.15,0,False,272156
0.175,0,False,272156
0.2,0,False,272156
0.01,0,False,272157
0.025,0,False,272157
0.05,0,False,272157
0.075,0,False,272157
0.1,0,False,272157
0.125,0,False,272157
0.15,0,False,272157
0.175,0,False,272157
0.2,0,False,272157
0.01,0,False,272158
0.025,0,False,272158
0.05,0,False,272158
0.075,0,False,272158
0.1,0,False,272158
0.125,0,False,272158
0.15,0,False,272158
0.175,0,False,272158
0.2,0,False,272158
0.01,0,False,272159
0.025,0,False,272159
0.05,0,False,272159
0.075,0,False,272159
0.1,0,False,272159
0.125,0,False,272159
0.15,0,False,272159
0.175,0,False,272159
0.2,0,False,272159
0.01,0,False,272160
0.025,0,False,272160
0.05,0,False,272160
0.075,0,False,272160
0.1,0,False,272160
0.125,0,False,272160
0.15,0,False,272160
0.175,0,False,272160
0.2,0,False,272160
0.01,0,False,272161
0.025,0,False,272161
0.05,0,False,272161
0.075,0,False,272161
0.1,0,False,272161
0.125,0,False,272161
0.15,0,False,272161
0.175,0,False,272161
0.2,0,False,272161
0.01,0,False,272162
0.025,0,False,272162
0.05,0,False,272162
0.075,0,False,272162
0.1,0,False,272162
0.125,0,False,272162
0.15,0,False,272162
0.175,1,True,272162
0.2,1,True,272162
0.01,0,False,272163
0.025,0,False,272163
0.05,0,False,272163
0.075,0,False,272163
0.1,0,False,272163
0.125,1,True,272163
0.15,1,True,272163
0.175,1,True,272163
0.2,1,True,272163
0.01,0,False,272164
0.025,0,False,272164
0.05,0,False,272164
0.075,0,False,272164
0.1,0,False,272164
0.125,0,False,272164
0.15,0,False,272164
0.175,0,False,272164
0.2,0,False,272164
0.01,0,False,272165
0.025,0,False,272165
0.05,0,False,272165
0.075,0,False,272165
0.1,0,False,272165
0.125,0,False,272165
0.15,0,False,272165
0.175,0,False,272165
0.2,0,False,272165
0.01,0,False,272166
0.025,0,False,272166
0.05,0,False,272166
0.075,0,False,272166
0.1,0,False,272166
0.125,0,False,272166
0.15,0,False,272166
0.175,0,False,272166
0.2,0,False,272166
0.01,0,False,272167
0.025,0,False,272167
0.05,0,False,272167
0.075,0,False,272167
0.1,0,False,272167
0.125,0,False,272167
0.15,0,False,272167
0.175,0,False,272167
0.2,0,False,272167
0.01,0,False,272168
0.025,0,False,272168
0.05,0,False,272168
0.075,0,False,272168
0.1,0,False,272168
0.125,0,False,272168
0.15,0,False,272168
0.175,0,False,272168
0.2,0,False,272168
0.01,0,False,272169
0.025,0,False,272169
0.05,0,False,272169
0.075,0,False,272169
0.1,0,False,272169
0.125,0,False,272169
0.15,0,False,272169
0.175,0,False,272169
0.2,0,False,272169
0.01,0,False,272170
0.025,0,False,272170
0.05,0,False,272170
0.075,0,False,272170
0.1,0,False,272170
0.125,0,False,272170
0.15,0,False,272170
0.175,0,False,272170
0.2,0,False,272170
0.01,0,False,272171
0.025,0,False,272171
0.05,0,False,272171
0.075,0,False,272171
0.1,0,False,272171
0.125,0,False,272171
0.15,0,False,272171
0.175,0,False,272171
0.2,0,False,272171
0.01,0,False,272172
0.025,0,False,272172
0.05,0,False,272172
0.075,0,False,272172
0.1,0,False,272172
0.125,0,False,272172
0.15,0,False,272172
0.175,0,False,272172
0.2,0,False,272172
0.01,0,False,272173
0.025,0,False,272173
0.05,0,False,272173
0.075,0,False,272173
0.1,0,False,272173
0.125,0,False,272173
0.15,0,False,272173
0.175,0,False,272173
0.2,0,False,272173
0.01,0,False,272174
0.025,0,False,272174
0.05,0,False,272174
0.075,0,False,272174
0.1,0,False,272174
0.125,0,False,272174
0.15,0,False,272174
0.175,0,False,272174
0.2,0,False,272174
0.01,0,False,272175
0.025,0,False,272175
0.05,0,False,272175
0.075,0,False,272175
0.1,0,False,272175
0.125,0,False,272175
0.15,0,False,272175
0.175,0,False,272175
0.2,0,False,272175
0.01,0,False,272176
0.025,0,False,272176
0.05,0,False,272176
0.075,0,False,272176
0.1,0,False,272176
0.125,0,False,272176
0.15,0,False,272176
0.175,0,False,272176
0.2,0,False,272176
0.01,0,False,272177
0.025,0,False,272177
0.05,0,False,272177
0.075,0,False,272177
0.1,0,False,272177
0.125,0,False,272177
0.15,0,False,272177
0.175,0,False,272177
0.2,0,False,272177
0.01,0,False,272178
0.025,0,False,272178
0.05,0,False,272178
0.075,0,False,272178
0.1,0,False,272178
0.125,0,False,272178
0.15,0,False,272178
0.175,0,False,272178
0.2,0,False,272178
0.01,0,False,272179
0.025,0,False,272179
0.05,1,True,272179
0.075,2,True,272179
0.1,2,True,272179
0.125,2,True,272179
0.15,2,True,272179
0.175,2,True,272179
0.2,2,True,272179
0.01,0,False,272180
0.025,0,False,272180
0.05,0,False,272180
0.075,0,False,272180
0.1,0,False,272180
0.125,0,False,272180
0.15,0,False,272180
0.175,0,False,272180
0.2,0,False,272180
0.01,0,False,272181
0.025,0,False,272181
0.05,0,False,272181
0.075,0,False,272181
0.1,0,False,272181
0.125,0,False,272181
0.15,0,False,272181
0.175,0,False,272181
0.2,0,False,272181
0.01,0,False,272182
0.025,0,False,272182
0.05,0,False,272182
0.075,0,False,272182
0.1,0,False,272182
0.125,0,False,272182
0.15,0,False,272182
0.175,0,False,272182
0.2,0,False,272182
0.01,0,False,272183
0.025,0,False,272183
0.05,0,False,272183
0.075,0,False,272183
0.1,0,False,272183
0.125,0,False,272183
0.15,0,False,272183
0.175,0,False,272183
0.2,0,False,272183
0.01,0,False,272184
0.025,0,False,272184
0.05,0,False,272184
0.075,0,False,272184
0.1,0,False,272184
0.125,0,False,272184
0.15,0,False,272184
0.175,0,False,272184
0.2,0,False,272184
0.01,0,False,272185
0.025,0,False,272185
0.05,0,False,272185
0.075,0,False,272185
0.1,0,False,272185
0.125,0,False,272185
0.15,0,False,272185
0.175,0,False,272185
0.2,0,False,272185
0.01,0,False,272186
0.025,0,False,272186
0.05,0,False,272186
0.075,0,False,272186
0.1,0,False,272186
0.125,0,False,272186
0.15,0,False,272186
0.175,0,False,272186
0.2,0,False,272186
0.01,0,False,272187
0.025,0,False,272187
0.05,0,False,272187
0.075,0,False,272187
0.1,0,False,272187
0.125,0,False,272187
0.15,0,False,272187
0.175,0,False,272187
0.2,0,False,272187
0.01,0,False,272188
0.025,0,False,272188
0.05,0,False,272188
0.075,0,False,272188
0.1,0,False,272188
0.125,0,False,272188
0.15,0,False,272188
0.175,0,False,272188
0.2,0,False,272188
0.01,1,True,272189
0.025,1,True,272189
0.05,3,True,272189
0.075,4,True,272189
0.1,4,True,272189
0.125,4,True,272189
0.15,5,True,272189
0.175,5,True,272189
0.2,5,True,272189
0.01,0,False,272190
0.025,0,False,272190
0.05,0,False,272190
0.075,0,False,272190
0.1,0,False,272190
0.125,0,False,272190
0.15,0,False,272190
0.175,0,False,272190
0.2,0,False,272190
0.01,0,False,272191
0.025,0,False,272191
0.05,0,False,272191
0.075,0,False,272191
0.1,0,False,272191
0.125,0,False,272191
0.15,0,False,272191
0.175,0,False,272191
0.2,0,False,272191
0.01,0,False,272192
0.025,0,False,272192
0.05,0,False,272192
0.075,0,False,272192
0.1,0,False,272192
0.125,0,False,272192
0.15,0,False,272192
0.175,0,False,272192
0.2,0,False,272192
0.01,0,False,272193
0.025,0,False,272193
0.05,0,False,272193
0.075,0,False,272193
0.1,0,False,272193
0.125,0,False,272193
0.15,0,False,272193
0.175,0,False,272193
0.2,0,False,272193
0.01,0,False,272194
0.025,0,False,272194
0.05,0,False,272194
0.075,0,False,272194
0.1,0,False,272194
0.125,0,False,272194
0.15,0,False,272194
0.175,0,False,272194
0.2,0,False,272194
0.01,0,False,272195
0.025,0,False,272195
0.05,0,False,272195
0.075,0,False,272195
0.1,0,False,272195
0.125,0,False,272195
0.15,0,False,272195
0.175,0,False,272195
0.2,0,False,272195
0.01,0,False,272196
0.025,0,False,272196
0.05,0,False,272196
0.075,0,False,272196
0.1,0,False,272196
0.125,0,False,272196
0.15,0,False,272196
0.175,0,False,272196
0.2,0,False,272196
0.01,0,False,272197
0.025,0,False,272197
0.05,0,False,272197
0.075,0,False,272197
0.1,0,False,272197
0.125,0,False,272197
0.15,0,False,272197
0.175,0,False,272197
0.2,0,False,272197
0.01,0,False,272198
0.025,0,False,272198
0.05,0,False,272198
0.075,0,False,272198
0.1,0,False,272198
0.125,0,False,272198
0.15,0,False,272198
0.175,0,False,272198
0.2,0,False,272198
0.01,0,False,272199
0.025,0,False,272199
0.05,0,False,272199
0.075,0,False,272199
0.1,0,False,272199
0.125,0,False,272199
0.15,0,False,272199
0.175,0,False,272199
0.2,0,False,272199
0.01,0,False,272200
0.025,0,False,272200
0.05,0,False,272200
0.075,0,False,272200
0.1,0,False,272200
0.125,0,False,272200
0.15,0,False,272200
0.175,0,False,272200
0.2,0,False,272200
0.01,0,False,272201
0.025,0,False,272201
0.05,0,False,272201
0.075,0,False,272201
0.1,0,False,272201
0.125,0,False,272201
0.15,0,False,272201
0.175,0,False,272201
0.2,0,False,272201
0.01,0,False,272202
0.025,0,False,272202
0.05,0,False,272202
0.075,0,False,272202
0.1,0,False,272202
0.125,0,False,272202
0.15,0,False,272202
0.175,0,False,272202
0.2,0,False,272202
0.01,0,False,272203
0.025,0,False,272203
0.05,0,False,272203
0.075,0,False,272203
0.1,0,False,272203
0.125,0,False,272203
0.15,0,False,272203
0.175,0,False,272203
0.2,0,False,272203
0.01,0,False,272204
0.025,0,False,272204
0.05,0,False,272204
0.075,0,False,272204
0.1,0,False,272204
0.125,0,False,272204
0.15,0,False,272204
0.175,0,False,272204
0.2,0,False,272204
0.01,0,False,272205
0.025,0,False,272205
0.05,0,False,272205
0.075,0,False,272205
0.1,0,False,272205
0.125,0,False,272205
0.15,0,False,272205
0.175,0,False,272205
0.2,0,False,272205
0.01,0,False,272206
0.025,0,False,272206
0.05,0,False,272206
0.075,0,False,272206
0.1,0,False,272206
0.125,0,False,272206
0.15,0,False,272206
0.175,0,False,272206
0.2,0,False,272206
0.01,0,False,272207
0.025,0,False,272207
0.05,0,False,272207
0.075,0,False,272207
0.1,0,False,272207
0.125,0,False,272207
0.15,0,False,272207
0.175,0,False,272207
0.2,0,False,272207
0.01,0,False,272208
0.025,0,False,272208
0.05,0,False,272208
0.075,0,False,272208
0.1,0,False,272208
0.125,0,False,272208
0.15,0,False,272208
0.175,0,False,272208
0.2,0,False,272208
0.01,0,False,272209
0.025,0,False,272209
0.05,0,False,272209
0.075,0,False,272209
0.1,0,False,272209
0.125,0,False,272209
0.15,0,False,272209
0.175,0,False,272209
0.2,0,False,272209
0.01,0,False,272210
0.025,0,False,272210
0.05,0,False,272210
0.075,0,False,272210
0.1,0,False,272210
0.125,0,False,272210
0.15,0,False,272210
0.175,0,False,272210
0.2,0,False,272210
0.01,0,False,272211
0.025,0,False,272211
0.05,0,False,272211
0.075,0,False,272211
0.1,0,False,272211
0.125,0,False,272211
0.15,0,False,272211
0.175,0,False,272211
0.2,0,False,272211
0.01,0,False,272212
0.025,0,False,272212
0.05,0,False,272212
0.075,0,False,272212
0.1,0,False,272212
0.125,0,False,272212
0.15,0,False,272212
0.175,0,False,272212
0.2,0,False,272212
0.01,0,False,272213
0.025,0,False,272213
0.05,0,False,272213
0.075,0,False,272213
0.1,0,False,272213
0.125,0,False,272213
0.15,0,False,272213
0.175,0,False,272213
0.2,0,False,272213
0.01,0,False,272214
0.025,0,False,272214
0.05,0,False,272214
0.075,0,False,272214
0.1,0,False,272214
0.125,0,False,272214
0.15,0,False,272214
0.175,0,False,272214
0.2,0,False,272214
0.01,0,False,272215
0.025,0,False,272215
0.05,0,False,272215
0.075,0,False,272215
0.1,0,False,272215
0.125,0,False,272215
0.15,0,False,272215
0.175,0,False,272215
0.2,0,False,272215
0.01,0,False,272216
0.025,0,False,272216
0.05,0,False,272216
0.075,0,False,272216
0.1,0,False,272216
0.125,0,False,272216
0.15,0,False,272216
0.175,0,False,272216
0.2,0,False,272216
0.01,0,False,272217
0.025,0,False,272217
0.05,0,False,272217
0.075,0,False,272217
0.1,0,False,272217
0.125,0,False,272217
0.15,0,False,272217
0.175,0,False,272217
0.2,0,False,272217
0.01,0,False,272218
0.025,0,False,272218
0.05,0,False,272218
0.075,0,False,272218
0.1,0,False,272218
0.125,0,False,272218
0.15,0,False,272218
0.175,0,False,272218
0.2,0,False,272218
0.01,0,False,272219
0.025,0,False,272219
0.05,0,False,272219
0.075,0,False,272219
0.1,0,False,272219
0.125,0,False,272219
0.15,0,False,272219
0.175,0,False,272219
0.2,0,False,272219
0.01,0,False,272220
0.025,0,False,272220
0.05,0,False,272220
0.075,0,False,272220
0.1,0,False,272220
0.125,0,False,272220
0.15,0,False,272220
0.175,0,False,272220
0.2,0,False,272220
0.01,0,False,272221
0.025,0,False,272221
0.05,0,False,272221
0.075,0,False,272221
0.1,0,False,272221
0.125,0,False,272221
0.15,0,False,272221
0.175,0,False,272221
0.2,0,False,272221
0.01,0,False,272222
0.025,0,False,272222
0.05,0,False,272222
0.075,0,False,272222
0.1,0,False,272222
0.125,0,False,272222
0.15,0,False,272222
0.175,0,False,272222
0.2,0,False,272222
0.01,0,False,272223
0.025,0,False,272223
0.05,0,False,272223
0.075,0,False,272223
0.1,0,False,272223
0.125,0,False,272223
0.15,0,False,272223
0.175,0,False,272223
0.2,0,False,272223
0.01,0,False,272224
0.025,0,False,272224
0.05,0,False,272224
0.075,0,False,272224
0.1,0,False,272224
0.125,0,False,272224
0.15,0,False,272224
0.175,0,False,272224
0.2,0,False,272224
0.01,0,False,272225
0.025,0,False,272225
0.05,0,False,272225
0.075,0,False,272225
0.1,0,False,272225
0.125,0,False,272225
0.15,0,False,272225
0.175,0,False,272225
0.2,0,False,272225
0.01,0,False,272226
0.025,0,False,272226
0.05,0,False,272226
0.075,0,False,272226
0.1,0,False,272226
0.125,0,False,272226
0.15,0,False,272226
0.175,0,False,272226
0.2,0,False,272226
0.01,0,False,272227
0.025,0,False,272227
0.05,0,False,272227
0.075,0,False,272227
0.1,0,False,272227
0.125,0,False,272227
0.15,0,False,272227
0.175,0,False,272227
0.2,0,False,272227
0.01,0,False,272228
0.025,0,False,272228
0.05,0,False,272228
0.075,0,False,272228
0.1,0,False,272228
0.125,0,False,272228
0.15,0,False,272228
0.175,0,False,272228
0.2,0,False,272228
0.01,0,False,272229
0.025,0,False,272229
0.05,0,False,272229
0.075,0,False,272229
0.1,0,False,272229
0.125,0,False,272229
0.15,0,False,272229
0.175,0,False,272229
0.2,0,False,272229
0.01,0,False,272230
0.025,0,False,272230
0.05,0,False,272230
0.075,0,False,272230
0.1,0,False,272230
0.125,0,False,272230
0.15,1,True,272230
0.175,1,True,272230
0.2,1,True,272230
0.01,0,False,272231
0.025,0,False,272231
0.05,0,False,272231
0.075,0,False,272231
0.1,0,False,272231
0.125,0,False,272231
0.15,0,False,272231
0.175,0,False,272231
0.2,0,False,272231
0.01,0,False,272232
0.025,0,False,272232
0.05,0,False,272232
0.075,0,False,272232
0.1,0,False,272232
0.125,0,False,272232
0.15,0,False,272232
0.175,0,False,272232
0.2,0,False,272232
0.01,0,False,272233
0.025,0,False,272233
0.05,0,False,272233
0.075,0,False,272233
0.1,0,False,272233
0.125,0,False,272233
0.15,0,False,272233
0.175,0,False,272233
0.2,0,False,272233
0.01,0,False,272234
0.025,0,False,272234
0.05,0,False,272234
0.075,0,False,272234
0.1,0,False,272234
0.125,0,False,272234
0.15,0,False,272234
0.175,0,False,272234
0.2,0,False,272234
0.01,0,False,272235
0.025,0,False,272235
0.05,0,False,272235
0.075,0,False,272235
0.1,0,False,272235
0.125,0,False,272235
0.15,0,False,272235
0.175,0,False,272235
0.2,0,False,272235
0.01,0,False,272236
0.025,0,False,272236
0.05,0,False,272236
0.075,0,False,272236
0.1,0,False,272236
0.125,0,False,272236
0.15,0,False,272236
0.175,0,False,272236
0.2,0,False,272236
0.01,0,False,272237
0.025,0,False,272237
0.05,0,False,272237
0.075,0,False,272237
0.1,0,False,272237
0.125,0,False,272237
0.15,0,False,272237
0.175,0,False,272237
0.2,0,False,272237
0.01,0,False,272238
0.025,0,False,272238
0.05,0,False,272238
0.075,0,False,272238
0.1,0,False,272238
0.125,0,False,272238
0.15,0,False,272238
0.175,0,False,272238
0.2,0,False,272238
0.01,0,False,272239
0.025,0,False,272239
0.05,0,False,272239
0.075,0,False,272239
0.1,0,False,272239
0.125,0,False,272239
0.15,0,False,272239
0.175,0,False,272239
0.2,0,False,272239
0.01,0,False,272240
0.025,0,False,272240
0.05,0,False,272240
0.075,0,False,272240
0.1,0,False,272240
0.125,0,False,272240
0.15,0,False,272240
0.175,0,False,272240
0.2,0,False,272240
0.01,0,False,272241
0.025,0,False,272241
0.05,0,False,272241
0.075,0,False,272241
0.1,0,False,272241
0.125,0,False,272241
0.15,0,False,272241
0.175,0,False,272241
0.2,0,False,272241
0.01,0,False,272242
0.025,0,False,272242
0.05,0,False,272242
0.075,0,False,272242
0.1,0,False,272242
0.125,0,False,272242
0.15,0,False,272242
0.175,0,False,272242
0.2,0,False,272242
0.01,0,False,272243
0.025,0,False,272243
0.05,0,False,272243
0.075,0,False,272243
0.1,0,False,272243
0.125,0,False,272243
0.15,0,False,272243
0.175,0,False,272243
0.2,0,False,272243
0.01,0,False,272244
0.025,0,False,272244
0.05,0,False,272244
0.075,0,False,272244
0.1,0,False,272244
0.125,0,False,272244
0.15,0,False,272244
0.175,0,False,272244
0.2,0,False,272244
0.01,0,False,272245
0.025,0,False,272245
0.05,0,False,272245
0.075,0,False,272245
0.1,0,False,272245
0.125,0,False,272245
0.15,0,False,272245
0.175,0,False,272245
0.2,0,False,272245
0.01,0,False,272246
0.025,0,False,272246
0.05,0,False,272246
0.075,0,False,272246
0.1,0,False,272246
0.125,0,False,272246
0.15,0,False,272246
0.175,0,False,272246
0.2,0,False,272246
0.01,0,False,272247
0.025,0,False,272247
0.05,0,False,272247
0.075,0,False,272247
0.1,0,False,272247
0.125,0,False,272247
0.15,0,False,272247
0.175,0,False,272247
0.2,0,False,272247
0.01,0,False,272248
0.025,0,False,272248
0.05,0,False,272248
0.075,0,False,272248
0.1,0,False,272248
0.125,0,False,272248
0.15,0,False,272248
0.175,0,False,272248
0.2,0,False,272248
0.01,0,False,272249
0.025,0,False,272249
0.05,0,False,272249
0.075,0,False,272249
0.1,0,False,272249
0.125,0,False,272249
0.15,0,False,272249
0.175,0,False,272249
0.2,0,False,272249
0.01,0,False,272250
0.025,0,False,272250
0.05,0,False,272250
0.075,0,False,272250
0.1,0,False,272250
0.125,0,False,272250
0.15,0,False,272250
0.175,0,False,272250
0.2,0,False,272250
0.01,0,False,272251
0.025,0,False,272251
0.05,0,False,272251
0.075,0,False,272251
0.1,0,False,272251
0.125,0,False,272251
0.15,0,False,272251
0.175,0,False,272251
0.2,0,False,272251
0.01,0,False,272252
0.025,0,False,272252
0.05,0,False,272252
0.075,0,False,272252
0.1,0,False,272252
0.125,0,False,272252
0.15,0,False,272252
0.175,0,False,272252
0.2,0,False,272252
0.01,0,False,272253
0.025,0,False,272253
0.05,0,False,272253
0.075,0,False,272253
0.1,0,False,272253
0.125,0,False,272253
0.15,0,False,272253
0.175,0,False,272253
0.2,0,False,272253
0.01,0,False,272254
0.025,0,False,272254
0.05,0,False,272254
0.075,0,False,272254
0.1,0,False,272254
0.125,0,False,272254
0.15,0,False,272254
0.175,0,False,272254
0.2,0,False,272254
0.01,0,False,272255
0.025,0,False,272255
0.05,0,False,272255
0.075,0,False,272255
0.1,0,False,272255
0.125,0,False,272255
0.15,0,False,272255
0.175,0,False,272255
0.2,0,False,272255
0.01,0,False,272256
0.025,0,False,272256
0.05,0,False,272256
0.075,0,False,272256
0.1,0,False,272256
0.125,0,False,272256
0.15,0,False,272256
0.175,0,False,272256
0.2,0,False,272256
0.01,0,False,272257
0.025,0,False,272257
0.05,0,False,272257
0.075,0,False,272257
0.1,0,False,272257
0.125,0,False,272257
0.15,0,False,272257
0.175,0,False,272257
0.2,0,False,272257
0.01,0,False,272258
0.025,0,False,272258
0.05,0,False,272258
0.075,0,False,272258
0.1,0,False,272258
0.125,0,False,272258
0.15,0,False,272258
0.175,0,False,272258
0.2,0,False,272258
0.01,0,False,272259
0.025,0,False,272259
0.05,0,False,272259
0.075,0,False,272259
0.1,0,False,272259
0.125,0,False,272259
0.15,0,False,272259
0.175,0,False,272259
0.2,0,False,272259
0.01,0,False,272260
0.025,0,False,272260
0.05,0,False,272260
0.075,0,False,272260
0.1,0,False,272260
0.125,0,False,272260
0.15,0,False,272260
0.175,0,False,272260
0.2,0,False,272260
0.01,0,False,272261
0.025,0,False,272261
0.05,0,False,272261
0.075,0,False,272261
0.1,0,False,272261
0.125,0,False,272261
0.15,0,False,272261
0.175,0,False,272261
0.2,0,False,272261
0.01,0,False,272262
0.025,0,False,272262
0.05,0,False,272262
0.075,0,False,272262
0.1,0,False,272262
0.125,0,False,272262
0.15,0,False,272262
0.175,0,False,272262
0.2,0,False,272262
0.01,0,False,272263
0.025,0,False,272263
0.05,0,False,272263
0.075,0,False,272263
0.1,0,False,272263
0.125,0,False,272263
0.15,0,False,272263
0.175,0,False,272263
0.2,0,False,272263
0.01,0,False,272264
0.025,0,False,272264
0.05,0,False,272264
0.075,0,False,272264
0.1,0,False,272264
0.125,0,False,272264
0.15,0,False,272264
0.175,0,False,272264
0.2,0,False,272264
0.01,0,False,272265
0.025,0,False,272265
0.05,0,False,272265
0.075,0,False,272265
0.1,0,False,272265
0.125,0,False,272265
0.15,0,False,272265
0.175,0,False,272265
0.2,0,False,272265
0.01,0,False,272266
0.025,0,False,272266
0.05,0,False,272266
0.075,0,False,272266
0.1,0,False,272266
0.125,0,False,272266
0.15,0,False,272266
0.175,0,False,272266
0.2,0,False,272266
0.01,0,False,272267
0.025,0,False,272267
0.05,0,False,272267
0.075,0,False,272267
0.1,0,False,272267
0.125,0,False,272267
0.15,0,False,272267
0.175,0,False,272267
0.2,0,False,272267
0.01,0,False,272268
0.025,0,False,272268
0.05,0,False,272268
0.075,0,False,272268
0.1,0,False,272268
0.125,0,False,272268
0.15,0,False,272268
0.175,0,False,272268
0.2,0,False,272268
0.01,0,False,272269
0.025,0,False,272269
0.05,0,False,272269
0.075,0,False,272269
0.1,0,False,272269
0.125,0,False,272269
0.15,0,False,272269
0.175,0,False,272269
0.2,0,False,272269
0.01,0,False,272270
0.025,0,False,272270
0.05,0,False,272270
0.075,0,False,272270
0.1,0,False,272270
0.125,0,False,272270
0.15,0,False,272270
0.175,0,False,272270
0.2,0,False,272270
0.01,0,False,272271
0.025,0,False,272271
0.05,0,False,272271
0.075,0,False,272271
0.1,0,False,272271
0.125,0,False,272271
0.15,0,False,272271
0.175,0,False,272271
0.2,0,False,272271
0.01,0,False,272272
0.025,0,False,272272
0.05,0,False,272272
0.075,0,False,272272
0.1,0,False,272272
0.125,0,False,272272
0.15,0,False,272272
0.175,0,False,272272
0.2,0,False,272272
0.01,0,False,272273
0.025,0,False,272273
0.05,0,False,272273
0.075,0,False,272273
0.1,0,False,272273
0.125,0,False,272273
0.15,0,False,272273
0.175,0,False,272273
0.2,0,False,272273
0.01,0,False,272274
0.025,0,False,272274
0.05,0,False,272274
0.075,0,False,272274
0.1,0,False,272274
0.125,0,False,272274
0.15,0,False,272274
0.175,0,False,272274
0.2,0,False,272274
0.01,0,False,272275
0.025,0,False,272275
0.05,0,False,272275
0.075,0,False,272275
0.1,0,False,272275
0.125,0,False,272275
0.15,0,False,272275
0.175,0,False,272275
0.2,0,False,272275
0.01,0,False,272276
0.025,0,False,272276
0.05,0,False,272276
0.075,0,False,272276
0.1,0,False,272276
0.125,0,False,272276
0.15,0,False,272276
0.175,0,False,272276
0.2,0,False,272276
0.01,0,False,272277
0.025,0,False,272277
0.05,0,False,272277
0.075,0,False,272277
0.1,0,False,272277
0.125,0,False,272277
0.15,0,False,272277
0.175,0,False,272277
0.2,0,False,272277
0.01,0,False,272278
0.025,0,False,272278
0.05,0,False,272278
0.075,0,False,272278
0.1,0,False,272278
0.125,0,False,272278
0.15,0,False,272278
0.175,0,False,272278
0.2,0,False,272278
0.01,0,False,272279
0.025,0,False,272279
0.05,0,False,272279
0.075,0,False,272279
0.1,0,False,272279
0.125,0,False,272279
0.15,0,False,272279
0.175,0,False,272279
0.2,0,False,272279
0.01,0,False,272280
0.025,0,False,272280
0.05,0,False,272280
0.075,0,False,272280
0.1,0,False,272280
0.125,0,False,272280
0.15,0,False,272280
0.175,0,False,272280
0.2,0,False,272280
0.01,0,False,272281
0.025,0,False,272281
0.05,1,True,272281
0.075,1,True,272281
0.1,1,True,272281
0.125,1,True,272281
0.15,1,True,272281
0.175,1,True,272281
0.2,1,True,272281
0.01,0,False,272282
0.025,0,False,272282
0.05,0,False,272282
0.075,0,False,272282
0.1,0,False,272282
0.125,0,False,272282
0.15,0,False,272282
0.175,0,False,272282
0.2,0,False,272282
0.01,0,False,272283
0.025,0,False,272283
0.05,0,False,272283
0.075,0,False,272283
0.1,0,False,272283
0.125,0,False,272283
0.15,0,False,272283
0.175,0,False,272283
0.2,0,False,272283
0.01,0,False,272284
0.025,0,False,272284
0.05,0,False,272284
0.075,0,False,272284
0.1,0,False,272284
0.125,0,False,272284
0.15,0,False,272284
0.175,0,False,272284
0.2,0,False,272284
0.01,0,False,272285
0.025,0,False,272285
0.05,0,False,272285
0.075,0,False,272285
0.1,0,False,272285
0.125,0,False,272285
0.15,0,False,272285
0.175,0,False,272285
0.2,0,False,272285
0.01,0,False,272286
0.025,0,False,272286
0.05,0,False,272286
0.075,0,False,272286
0.1,0,False,272286
0.125,0,False,272286
0.15,0,False,272286
0.175,0,False,272286
0.2,0,False,272286
0.01,0,False,272287
0.025,0,False,272287
0.05,0,False,272287
0.075,0,False,272287
0.1,0,False,272287
0.125,0,False,272287
0.15,0,False,272287
0.175,0,False,272287
0.2,0,False,272287
0.01,0,False,272288
0.025,0,False,272288
0.05,0,False,272288
0.075,0,False,272288
0.1,0,False,272288
0.125,0,False,272288
0.15,0,False,272288
0.175,0,False,272288
0.2,0,False,272288
0.01,0,False,272289
0.025,0,False,272289
0.05,0,False,272289
0.075,0,False,272289
0.1,0,False,272289
0.125,0,False,272289
0.15,0,False,272289
0.175,0,False,272289
0.2,0,False,272289
0.01,0,False,272290
0.025,0,False,272290
0.05,0,False,272290
0.075,0,False,272290
0.1,0,False,272290
0.125,0,False,272290
0.15,0,False,272290
0.175,0,False,272290
0.2,0,False,272290
0.01,0,False,272291
0.025,0,False,272291
0.05,0,False,272291
0.075,0,False,272291
0.1,0,False,272291
0.125,0,False,272291
0.15,0,False,272291
0.175,0,False,272291
0.2,0,False,272291
0.01,0,False,272292
0.025,0,False,272292
0.05,0,False,272292
0.075,0,False,272292
0.1,0,False,272292
0.125,0,False,272292
0.15,0,False,272292
0.175,0,False,272292
0.2,0,False,272292
0.01,0,False,272293
0.025,0,False,272293
0.05,0,False,272293
0.075,0,False,272293
0.1,0,False,272293
0.125,0,False,272293
0.15,0,False,272293
0.175,0,False,272293
0.2,0,False,272293
0.01,0,False,272294
0.025,0,False,272294
0.05,0,False,272294
0.075,0,False,272294
0.1,0,False,272294
0.125,0,False,272294
0.15,0,False,272294
0.175,0,False,272294
0.2,0,False,272294
0.01,0,False,272295
0.025,0,False,272295
0.05,0,False,272295
0.075,0,False,272295
0.1,0,False,272295
0.125,0,False,272295
0.15,0,False,272295
0.175,0,False,272295
0.2,0,False,272295
0.01,0,False,272296
0.025,0,False,272296
0.05,0,False,272296
0.075,0,False,272296
0.1,0,False,272296
0.125,0,False,272296
0.15,0,False,272296
0.175,0,False,272296
0.2,0,False,272296
0.01,0,False,272297
0.025,0,False,272297
0.05,0,False,272297
0.075,0,False,272297
0.1,0,False,272297
0.125,0,False,272297
0.15,0,False,272297
0.175,0,False,272297
0.2,0,False,272297
0.01,0,False,272298
0.025,0,False,272298
0.05,0,False,272298
0.075,0,False,272298
0.1,0,False,272298
0.125,0,False,272298
0.15,0,False,272298
0.175,0,False,272298
0.2,0,False,272298
0.01,0,False,272299
0.025,0,False,272299
0.05,0,False,272299
0.075,0,False,272299
0.1,0,False,272299
0.125,0,False,272299
0.15,0,False,272299
0.175,0,False,272299
0.2,0,False,272299
0.01,0,False,272300
0.025,0,False,272300
0.05,0,False,272300
0.075,0,False,272300
0.1,0,False,272300
0.125,0,False,272300
0.15,0,False,272300
0.175,0,False,272300
0.2,0,False,272300
0.01,0,False,272301
0.025,0,False,272301
0.05,0,False,272301
0.075,0,False,272301
0.1,0,False,272301
0.125,1,True,272301
0.15,1,True,272301
0.175,1,True,272301
0.2,1,True,272301
0.01,0,False,272302
0.025,0,False,272302
0.05,0,False,272302
0.075,0,False,272302
0.1,0,False,272302
0.125,0,False,272302
0.15,0,False,272302
0.175,0,False,272302
0.2,0,False,272302
0.01,0,False,272303
0.025,0,False,272303
0.05,0,False,272303
0.075,0,False,272303
0.1,0,False,272303
0.125,0,False,272303
0.15,0,False,272303
0.175,0,False,272303
0.2,0,False,272303
0.01,0,False,272304
0.025,0,False,272304
0.05,0,False,272304
0.075,0,False,272304
0.1,0,False,272304
0.125,0,False,272304
0.15,0,False,272304
0.175,0,False,272304
0.2,0,False,272304
0.01,0,False,272305
0.025,0,False,272305
0.05,0,False,272305
0.075,0,False,272305
0.1,0,False,272305
0.125,0,False,272305
0.15,0,False,272305
0.175,0,False,272305
0.2,0,False,272305
0.01,0,False,272306
0.025,0,False,272306
0.05,0,False,272306
0.075,0,False,272306
0.1,0,False,272306
0.125,0,False,272306
0.15,0,False,272306
0.175,0,False,272306
0.2,0,False,272306
0.01,0,False,272307
0.025,0,False,272307
0.05,0,False,272307
0.075,0,False,272307
0.1,0,False,272307
0.125,0,False,272307
0.15,0,False,272307
0.175,0,False,272307
0.2,0,False,272307
0.01,0,False,272308
0.025,0,False,272308
0.05,0,False,272308
0.075,0,False,272308
0.1,0,False,272308
0.125,0,False,272308
0.15,0,False,272308
0.175,0,False,272308
0.2,0,False,272308
0.01,0,False,272309
0.025,0,False,272309
0.05,0,False,272309
0.075,0,False,272309
0.1,0,False,272309
0.125,0,False,272309
0.15,0,False,272309
0.175,0,False,272309
0.2,0,False,272309
0.01,0,False,272310
0.025,0,False,272310
0.05,0,False,272310
0.075,0,False,272310
0.1,0,False,272310
0.125,0,False,272310
0.15,0,False,272310
0.175,0,False,272310
0.2,0,False,272310
0.01,0,False,272311
0.025,0,False,272311
0.05,0,False,272311
0.075,0,False,272311
0.1,0,False,272311
0.125,0,False,272311
0.15,0,False,272311
0.175,0,False,272311
0.2,0,False,272311
0.01,0,False,272312
0.025,0,False,272312
0.05,0,False,272312
0.075,0,False,272312
0.1,0,False,272312
0.125,0,False,272312
0.15,0,False,272312
0.175,0,False,272312
0.2,0,False,272312
0.01,0,False,272313
0.025,0,False,272313
0.05,0,False,272313
0.075,0,False,272313
0.1,0,False,272313
0.125,0,False,272313
0.15,0,False,272313
0.175,0,False,272313
0.2,1,True,272313
0.01,0,False,272314
0.025,0,False,272314
0.05,0,False,272314
0.075,0,False,272314
0.1,0,False,272314
0.125,0,False,272314
0.15,0,False,272314
0.175,0,False,272314
0.2,0,False,272314
0.01,0,False,272315
0.025,0,False,272315
0.05,0,False,272315
0.075,0,False,272315
0.1,0,False,272315
0.125,0,False,272315
0.15,0,False,272315
0.175,0,False,272315
0.2,0,False,272315
0.01,0,False,272316
0.025,0,False,272316
0.05,0,False,272316
0.075,0,False,272316
0.1,0,False,272316
0.125,0,False,272316
0.15,0,False,272316
0.175,0,False,272316
0.2,0,False,272316
0.01,0,False,272317
0.025,0,False,272317
0.05,0,False,272317
0.075,0,False,272317
0.1,0,False,272317
0.125,0,False,272317
0.15,0,False,272317
0.175,0,False,272317
0.2,0,False,272317
0.01,0,False,272318
0.025,0,False,272318
0.05,0,False,272318
0.075,0,False,272318
0.1,0,False,272318
0.125,0,False,272318
0.15,0,False,272318
0.175,0,False,272318
0.2,0,False,272318
0.01,0,False,272319
0.025,0,False,272319
0.05,0,False,272319
0.075,0,False,272319
0.1,0,False,272319
0.125,0,False,272319
0.15,0,False,272319
0.175,0,False,272319
0.2,0,False,272319
0.01,0,False,272320
0.025,0,False,272320
0.05,0,False,272320
0.075,0,False,272320
0.1,0,False,272320
0.125,0,False,272320
0.15,0,False,272320
0.175,0,False,272320
0.2,0,False,272320
0.01,0,False,272321
0.025,0,False,272321
0.05,0,False,272321
0.075,0,False,272321
0.1,0,False,272321
0.125,0,False,272321
0.15,0,False,272321
0.175,0,False,272321
0.2,0,False,272321
0.01,0,False,272322
0.025,0,False,272322
0.05,0,False,272322
0.075,0,False,272322
0.1,0,False,272322
0.125,0,False,272322
0.15,0,False,272322
0.175,0,False,272322
0.2,0,False,272322
0.01,0,False,272323
0.025,0,False,272323
0.05,0,False,272323
0.075,0,False,272323
0.1,0,False,272323
0.125,0,False,272323
0.15,0,False,272323
0.175,0,False,272323
0.2,0,False,272323
0.01,0,False,272324
0.025,0,False,272324
0.05,0,False,272324
0.075,0,False,272324
0.1,0,False,272324
0.125,0,False,272324
0.15,0,False,272324
0.175,0,False,272324
0.2,0,False,272324
0.01,0,False,272325
0.025,0,False,272325
0.05,0,False,272325
0.075,0,False,272325
0.1,0,False,272325
0.125,0,False,272325
0.15,0,False,272325
0.175,0,False,272325
0.2,0,False,272325
0.01,0,False,272326
0.025,0,False,272326
0.05,0,False,272326
0.075,0,False,272326
0.1,0,False,272326
0.125,0,False,272326
0.15,0,False,272326
0.175,0,False,272326
0.2,0,False,272326
0.01,0,False,272327
0.025,1,True,272327
0.05,2,True,272327
0.075,2,True,272327
0.1,2,True,272327
0.125,3,True,272327
0.15,3,True,272327
0.175,3,True,272327
0.2,3,True,272327
